Product Title,Product URL,Date Scraped,Control type,Power suppy,Cooling capacity,Thickness of Panel,Complication,Door,Measuring Object,Industries,Temperature range,Condition,Brand,Refrigerant of cold room,Defrosting Contactor,Weight Capacity,After Warranty Service,Packing,Panel Material,Size specification,Product Name,weight (kg),Usage of cold room,Panel Thickness,Structure,Packaging Details,Surface Treatment,Cooling system,style,After-sales Service,model number,Drawing  format,Memory,key selling points,Place of Origin,core components,Construction,Compressive strength,Feature,Function,Selling Units:,Supply Ability,Thickness,Cooling way,Cold room door,Applicable place,Refrigerating unit:,Hole size,accuracy level,Panel,Panel Density:,Indicator,Evaporator brand,machinery test report,Power Consumption,after-sales service provided,Volume,Control mode,Temperature Measuring Range,ip level,climate type,Panel material,Model Number,PAYMENT,operating language,Marketing Type,Voltage (V),Installation:,Width,I/O number,Custom,voltage,Communication interface,Compressor type,Plate Thickness,Steel Material,refrigerant,video outgoing-inspection,Air cooler contactor,Import or not,warranty,Single package size:,Cooling Type,Temperature Control Range,Color,Single gross weight:,Cooling way:,Resolution,eco-friendly,Project Solution Capability,Panel connection,Type,Surface treatment,Rated Current,Suitable for Cooling,Surface Material,Types,Temperature measurement error,Phase sequence protection,Power Supply,Door type,Lead Time,place of origin,application,Delivery time,Keywords,Box Type,Cooling water,Refrigerant,Control system,Density,Dimension(L*W*H),Compressor,External Size,Application,compressor brand,Measuring range,Air switch,Design Style,capacity,type,Connection System,power source,Temperature control,Advantage,Controller,Operating temperature,Application:,Brand Name,Cooling approach:,Panel thickness,feature,Core material,Installation,brand name,cooling capacity,Key Selling Points,Layer,Functions,Air cooler,Thickness of panel:,Surface material of cold room,Storage temperature Range,Applicable,Weight (KG),Wall panel of cold storage room,Size,Certification,rated voltage,Voltage,Compressor brand,Dimension,Insulation types,color,Customized processing,dimension(l*w*h),temperature,Surface material,Model,Panel core material,Relative humidity,logo/pattern,Product Type,Refrigerant:,temperature range,Customization,After-sale Service,After Warranty Service:,Original Factory,Country of origin,condition,panel thickness,power,Certificate,Box size,Sensor Type,Functions:,Certification:,Temperature Range,Insulation material,Logo,customized support,Product name,Usage,Port,Shipping package,After-sales Service Provided,Display mode,Material,Keyword,Doors,Warranty,Compressor Contactor,COLOR,Local power supply,MOQ
Aluminum Cold Room Control Insulation Sandwich PIR/PU/EPS /Rock Wool Panels Cold Storage 100mm 150mm for Cold Room,https://www.alibaba.com/product-detail/Aluminum-Cold-Room-Control-Insulation-Sandwich_1601279998432.html,2025-02-19 16:37:41,N/A,N/A,N/A,N/A,N/A,N/A,N/A,N/A,N/A,N/A,N/A,N/A,N/A,N/A,N/A,N/A,metal,N/A,N/A,N/A,N/A,N/A,N/A,N/A,N/A,N/A,N/A,N/A,N/A,N/A,N/A,N/A,"Shandong, China",N/A,N/A,N/A,"water resistant, Fire Resistant",N/A,Single item,N/A,N/A,N/A,N/A,N/A,N/A,N/A,N/A,N/A,N/A,N/A,N/A,N/A,N/A,N/A,N/A,N/A,N/A,N/A,N/A,N/A,BK-B02,N/A,N/A,N/A,N/A,N/A,N/A,N/A,N/A,N/A,N/A,N/A,N/A,N/A,N/A,N/A,N/A,N/A,N/A,40X30X20 cm,N/A,N/A,N/A,5.000 kg,N/A,N/A,Sustainable,"graphic design, 3D model design, total solution for projects, Cross Categories Consolidation",N/A,N/A,N/A,N/A,N/A,N/A,N/A,N/A,N/A,N/A,N/A,N/A,N/A,N/A,N/A,Coldroom Cold Storage,N/A,N/A,N/A,N/A,N/A,N/A,N/A,N/A,Cold Storage Room Freezer Room,N/A,N/A,N/A,Modern,N/A,N/A,N/A,N/A,N/A,N/A,N/A,N/A,N/A,SDBK,N/A,N/A,N/A,N/A,N/A,N/A,N/A,Highly Accurate,N/A,Refrigerated Storage,N/A,N/A,N/A,N/A,N/A,N/A,N/A,N/A,N/A,N/A,N/A,N/A,N/A,N/A,N/A,N/A,N/A,N/A,N/A,N/A,N/A,N/A,N/A,Polyurethane Insulation Cold Storage,N/A,N/A,N/A,Online technical support,N/A,N/A,N/A,N/A,N/A,N/A,N/A,N/A,N/A,N/A,N/A,N/A,N/A,N/A,N/A,insulation sandwich PIR/PU/EPS /Rock Wool panels,Cold Cold Storage Plant,N/A,N/A,N/A,N/A,"steel, Aluminum, Rock wool, PIR",N/A,N/A,3 years,N/A,N/A,N/A,N/A
Single Head Small Intelligent Integrated Machine Control Panel Cold Storage Controller PAC & PLC Dedicated Controller,https://www.alibaba.com/product-detail/Single-Head-Small-Intelligent-Integrated-Machine_1601057972293.html,2025-02-19 16:37:54,Temperature,N/A,N/A,N/A,N/A,N/A,"Cooling Agent (water, brine)",N/A,N/A,N/A,Barley,N/A,N/A,N/A,N/A,N/A,N/A,N/A,N/A,N/A,N/A,N/A,N/A,N/A,N/A,N/A,N/A,N/A,N/A,N/A,1,N/A,"Guangdong, China",N/A,N/A,N/A,N/A,N/A,N/A,N/A,N/A,N/A,N/A,N/A,N/A,190*115,N/A,N/A,N/A,N/A,N/A,N/A,N/A,N/A,N/A,Intelligent temperature control regulator,N/A,N/A,N/A,N/A,N/A,N/A,N/A,N/A,N/A,N/A,N/A,11,N/A,N/A,Other,N/A,N/A,N/A,N/A,N/A,N/A,No,N/A,N/A,N/A,N/A,N/A,N/A,N/A,N/A,N/A,N/A,N/A,N/A,N/A,N/A,N/A,N/A,N/A,0.3,N/A,N/A,N/A,N/A,N/A,N/A,N/A,N/A,N/A,N/A,N/A,N/A,N/A,N/A,N/A,N/A,N/A,N/A,N/A,N/A,N/A,N/A,N/A,N/A,N/A,N/A,N/A,N/A,N/A,N/A,OEM,N/A,N/A,N/A,N/A,N/A,N/A,N/A,N/A,N/A,N/A,N/A,N/A,N/A,N/A,N/A,N/A,N/A,N/A,N/A,N/A,N/A,N/A,N/A,N/A,N/A,Yes,N/A,N/A,N/A,SC12FR,N/A,N/A,N/A,N/A,N/A,N/A,N/A,N/A,N/A,N/A,N/A,N/A,N/A,N/A,N/A,N/A,N/A,N/A,N/A,-30~150,N/A,N/A,N/A,N/A,N/A,N/A,N/A,N/A,N/A,N/A,N/A,N/A,N/A,N/A,N/A,N/A,N/A
Commercial Cold Room Storage Units with Advanced Temperature Control,https://www.alibaba.com/product-detail/Commercial-Cold-Room-Storage-Units-with_1601375795101.html,2025-02-19 16:39:09,N/A,N/A,N/A,N/A,N/A,N/A,N/A,N/A,N/A,N/A,N/A,N/A,N/A,N/A,N/A,N/A,N/A,N/A,N/A,N/A,N/A,N/A,N/A,N/A,N/A,N/A,N/A,N/A,N/A,N/A,N/A,Energy saving,N/A,"Bearing, Gearbox, PLC, GEAR, PRESSURE VESSEL",N/A,N/A,N/A,N/A,Single item,N/A,N/A,N/A,N/A,N/A,N/A,N/A,N/A,N/A,N/A,N/A,N/A,Provided,N/A,N/A,N/A,N/A,N/A,N/A,N/A,N/A,N/A,N/A,N/A,N/A,N/A,N/A,N/A,N/A,N/A,"220V, 380V, 420V, 440V",N/A,N/A,N/A,N/A,N/A,Provided,N/A,N/A,1 Year,1000X200X200 cm,N/A,N/A,N/A,1500.000 kg,N/A,N/A,N/A,N/A,N/A,N/A,N/A,N/A,N/A,N/A,N/A,N/A,N/A,N/A,N/A,N/A,"Shandong, China",N/A,N/A,N/A,N/A,N/A,N/A,N/A,N/A,N/A,N/A,N/A,N/A,"Emerson, Fusheng, Frascold, TECUMSEH, Copeland, Bitzer",N/A,N/A,N/A,N/A,N/A,N/A,N/A,N/A,N/A,N/A,N/A,N/A,N/A,N/A,N/A,Solar,N/A,N/A,FS,N/A,N/A,N/A,N/A,N/A,N/A,N/A,N/A,N/A,1500,N/A,N/A,N/A,N/A,N/A,N/A,N/A,N/A,N/A,N/A,Customized,N/A,N/A,N/A,N/A,N/A,N/A,N/A,N/A,N/A,N/A,N/A,N/A,N/A,N/A,N/A,N/A,Customized,N/A,N/A,N/A,N/A,N/A,N/A,N/A,N/A,N/A,N/A,N/A,N/A,N/A,N/A,N/A,N/A,N/A,N/A,N/A,N/A,N/A,N/A,N/A
Cold Storage Parts 220v 3hp  Electrical Control Panel Box,https://www.alibaba.com/product-detail/Cold-Storage-Parts-220v-3hp-Electrical_1601095952839.html,2025-02-19 16:40:23,N/A,N/A,N/A,N/A,N/A,N/A,N/A,N/A,N/A,N/A,N/A,N/A,N/A,N/A,N/A,N/A,N/A,N/A,N/A,N/A,N/A,N/A,N/A,N/A,N/A,N/A,N/A,N/A,ECB-5080S,N/A,N/A,N/A,N/A,N/A,N/A,N/A,N/A,N/A,Single item,N/A,N/A,N/A,N/A,N/A,N/A,N/A,N/A,N/A,N/A,N/A,N/A,N/A,N/A,Free spare parts,N/A,N/A,N/A,N/A,N/A,N/A,N/A,TT,English,N/A,N/A,N/A,N/A,N/A,N/A,N/A,N/A,N/A,N/A,N/A,N/A,N/A,N/A,N/A,1 Year,50X60X40 cm,N/A,N/A,N/A,5.000 kg,N/A,N/A,N/A,N/A,N/A,N/A,N/A,N/A,N/A,N/A,N/A,N/A,N/A,N/A,N/A,N/A,China,"Hotel, Commercial",N/A,N/A,N/A,N/A,N/A,N/A,N/A,N/A,N/A,N/A,N/A,N/A,N/A,N/A,N/A,N/A,N/A,N/A,Electric,N/A,N/A,N/A,N/A,N/A,N/A,N/A,N/A,N/A,N/A,N/A,NONE,N/A,N/A,N/A,N/A,N/A,N/A,N/A,N/A,N/A,N/A,N/A,N/A,N/A,N/A,N/A,N/A,N/A,N/A,blue,N/A,N/A,N/A,N/A,N/A,N/A,N/A,Silk screen printing,N/A,N/A,N/A,N/A,N/A,N/A,N/A,N/A,New,N/A,N/A,N/A,N/A,N/A,N/A,N/A,N/A,N/A,N/A,N/A,N/A,N/A,N/A,N/A,N/A,N/A,N/A,N/A,N/A,N/A,N/A,N/A,N/A,N/A
N/A,https://www.alibaba.com/product-detail/Archi-Cool-Room-Panels-Cold-Storage_1601106104930.html,2025-02-19 16:41:35,N/A,N/A,N/A,N/A,N/A,N/A,N/A,N/A,N/A,N/A,N/A,N/A,N/A,N/A,N/A,N/A,N/A,N/A,N/A,N/A,N/A,N/A,N/A,N/A,N/A,N/A,N/A,N/A,N/A,N/A,N/A,N/A,N/A,N/A,N/A,N/A,N/A,N/A,N/A,N/A,N/A,N/A,N/A,N/A,N/A,N/A,N/A,N/A,N/A,N/A,N/A,N/A,N/A,N/A,N/A,N/A,N/A,N/A,N/A,N/A,N/A,N/A,N/A,N/A,N/A,N/A,N/A,N/A,N/A,N/A,N/A,N/A,N/A,N/A,N/A,N/A,N/A,N/A,N/A,N/A,N/A,N/A,N/A,N/A,N/A,N/A,N/A,"graphic design, 3D model design, total solution for projects, Cross Categories Consolidation",N/A,N/A,N/A,N/A,N/A,N/A,N/A,N/A,N/A,N/A,N/A,N/A,N/A,N/A,N/A,N/A,N/A,N/A,N/A,N/A,N/A,N/A,N/A,N/A,N/A,N/A,N/A,N/A,N/A,N/A,N/A,N/A,N/A,N/A,N/A,N/A,N/A,N/A,N/A,N/A,N/A,N/A,N/A,N/A,N/A,N/A,N/A,N/A,N/A,N/A,N/A,N/A,N/A,N/A,N/A,N/A,N/A,N/A,N/A,N/A,N/A,N/A,N/A,N/A,N/A,N/A,N/A,N/A,N/A,N/A,N/A,N/A,N/A,N/A,N/A,N/A,N/A,N/A,N/A,N/A,N/A,N/A,N/A,N/A,N/A,N/A,N/A,N/A,N/A,N/A,N/A,N/A,N/A,N/A,N/A,N/A,N/A,N/A,N/A,N/A,N/A,N/A,N/A,N/A,N/A,N/A
N/A,https://www.alibaba.com/product-detail/Automated-Warehouse-Solution-Cold-Rooms-Rack_1601314970330.html?s=p,2025-02-19 16:41:51,N/A,N/A,N/A,N/A,N/A,N/A,N/A,N/A,N/A,N/A,N/A,N/A,N/A,Up to 4000KG per Level,N/A,N/A,N/A,N/A,N/A,N/A,N/A,N/A,Assemble,N/A,powder coated,N/A,N/A,N/A,N/A,N/A,N/A,N/A,"Jiangsu, China",N/A,N/A,N/A,Corrosion Protection,Large Load Capacity Warehouse Storage,Single item,N/A,N/A,N/A,N/A,N/A,N/A,N/A,N/A,N/A,N/A,N/A,N/A,N/A,N/A,N/A,N/A,N/A,N/A,N/A,N/A,N/A,ASRS System,N/A,N/A,N/A,N/A,N/A,N/A,N/A,N/A,N/A,N/A,N/A,N/A,N/A,N/A,N/A,N/A,N/A,N/A,XX cm,N/A,N/A,Blue / Orange or Customized,kg,N/A,N/A,N/A,N/A,N/A,Automated Retrieval,Powder Coating,N/A,N/A,N/A,N/A,N/A,N/A,N/A,N/A,N/A,N/A,N/A,N/A,N/A,N/A,N/A,N/A,N/A,N/A,N/A,N/A,N/A,Cold Storage Warehouse,N/A,N/A,N/A,N/A,N/A,N/A,N/A,N/A,N/A,N/A,N/A,N/A,N/A,NOVA,N/A,N/A,N/A,N/A,N/A,N/A,N/A,N/A,Customized,N/A,N/A,N/A,N/A,N/A,N/A,N/A,N/A,N/A,CE ISO14001 ISO9001,N/A,N/A,N/A,N/A,N/A,N/A,N/A,N/A,N/A,N/A,N/A,N/A,N/A,N/A,N/A,N/A,N/A,N/A,N/A,N/A,N/A,N/A,N/A,N/A,N/A,N/A,N/A,N/A,N/A,N/A,N/A,N/A,N/A,N/A,Automatic warehouse shelves rack ASRS racking system,Warehouse Storage System,N/A,N/A,N/A,N/A,Steel Q235,asrs system,N/A,N/A,N/A,N/A,N/A,N/A
Cold Storage Sliding Door Control System  Electric Sliding Door Controller Electrical Control Panel Box in Sale,https://www.alibaba.com/product-detail/Cold-Storage-Sliding-Door-Control-System_1600430004723.html,2025-02-19 16:42:04,N/A,N/A,N/A,N/A,N/A,N/A,N/A,N/A,N/A,N/A,N/A,N/A,N/A,N/A,N/A,N/A,N/A,N/A,N/A,N/A,N/A,N/A,N/A,N/A,N/A,N/A,N/A,N/A,N/A,N/A,N/A,N/A,China,N/A,N/A,N/A,N/A,N/A,Single item,50 Set/Sets per   Week,N/A,N/A,N/A,N/A,N/A,N/A,N/A,N/A,N/A,N/A,N/A,N/A,N/A,N/A,N/A,N/A,N/A,N/A,N/A,N/A,Electrical,N/A,N/A,Ordinary Product,N/A,N/A,N/A,N/A,N/A,N/A,N/A,N/A,N/A,N/A,N/A,N/A,N/A,N/A,N/A,120X120X120 cm,N/A,N/A,N/A,120.000 kg,N/A,N/A,N/A,total solution for projects,N/A,N/A,N/A,N/A,N/A,N/A,N/A,N/A,N/A,N/A,Cold room door closer,N/A,N/A,N/A,N/A,N/A,N/A,N/A,N/A,N/A,N/A,N/A,N/A,N/A,Cold room,N/A,N/A,N/A,Industrial,N/A,N/A,N/A,N/A,N/A,N/A,N/A,N/A,N/A,Minran,N/A,N/A,N/A,N/A,N/A,N/A,N/A,N/A,N/A,N/A,N/A,N/A,N/A,N/A,N/A,N/A,N/A,customized based on your need,N/A,N/A,N/A,N/A,N/A,N/A,N/A,N/A,N/A,N/A,N/A,N/A,N/A,N/A,N/A,N/A,N/A,N/A,N/A,Online technical support,N/A,N/A,N/A,N/A,N/A,N/A,N/A,N/A,N/A,N/A,N/A,N/A,N/A,N/A,N/A,Sliding door control system,Cold room,N/A,N/A,N/A,N/A,N/A,N/A,N/A,NONE,N/A,N/A,N/A,N/A
Storage of Dairy Products Cold Storage Plate Factory Price Product Customization Pur Pu Sandwich Panels for Cold Room,https://www.alibaba.com/product-detail/Storage-Of-Dairy-Products-Cold-Storage_1600691679863.html?s=p,2025-02-19 16:42:10,N/A,N/A,N/A,N/A,N/A,N/A,N/A,N/A,N/A,N/A,N/A,N/A,N/A,N/A,N/A,N/A,N/A,N/A,N/A,N/A,N/A,N/A,N/A,N/A,N/A,N/A,N/A,N/A,N/A,N/A,N/A,N/A,N/A,N/A,N/A,N/A,N/A,N/A,N/A,N/A,N/A,N/A,N/A,N/A,N/A,N/A,N/A,N/A,N/A,N/A,N/A,N/A,N/A,N/A,N/A,N/A,N/A,N/A,N/A,N/A,N/A,N/A,N/A,N/A,N/A,N/A,N/A,N/A,N/A,N/A,N/A,N/A,N/A,N/A,N/A,N/A,N/A,N/A,N/A,N/A,N/A,N/A,N/A,N/A,N/A,N/A,N/A,N/A,N/A,N/A,N/A,N/A,N/A,N/A,N/A,N/A,N/A,N/A,N/A,N/A,N/A,N/A,N/A,N/A,N/A,N/A,N/A,N/A,N/A,N/A,N/A,N/A,N/A,N/A,N/A,N/A,N/A,N/A,N/A,N/A,N/A,N/A,N/A,N/A,N/A,N/A,N/A,N/A,N/A,N/A,N/A,N/A,N/A,N/A,N/A,N/A,N/A,N/A,N/A,N/A,N/A,N/A,N/A,N/A,N/A,N/A,N/A,N/A,N/A,N/A,N/A,N/A,N/A,N/A,N/A,N/A,N/A,N/A,N/A,N/A,N/A,N/A,N/A,N/A,N/A,N/A,N/A,N/A,N/A,N/A,N/A,N/A,N/A,N/A,N/A,N/A,N/A,N/A,N/A,N/A,N/A,N/A,N/A,N/A,N/A,N/A,N/A,N/A,N/A,N/A,N/A,N/A,N/A,N/A
Cold Storage Room With PU Insulated Calmlock Sandwich Panel Cold Room Panel,https://www.alibaba.com/product-detail/Cold-Storage-Room-With-PU-Insulated_1601283818594.html,2025-02-19 16:42:26,N/A,N/A,N/A,N/A,N/A,N/A,N/A,N/A,N/A,N/A,N/A,N/A,N/A,N/A,N/A,N/A,N/A,N/A,N/A,N/A,N/A,N/A,N/A,N/A,N/A,N/A,N/A,N/A,N/A,N/A,N/A,Customazition,N/A,"motor, Compressor, Sandwich Panel, Evaporator, Expansion Valve",N/A,N/A,N/A,N/A,Single item,N/A,N/A,N/A,N/A,N/A,Condenser Etc,N/A,N/A,N/A,45 KGS per cubic meter,N/A,N/A,Provided,N/A,N/A,N/A,N/A,N/A,N/A,N/A,N/A,N/A,N/A,N/A,N/A,N/A,With drawing,N/A,N/A,N/A,220v-380V,N/A,N/A,N/A,N/A,N/A,Provided,N/A,N/A,3 years,3X2.3X2.5 cm,N/A,N/A,N/A,1000.000 kg,N/A,N/A,N/A,N/A,N/A,N/A,N/A,N/A,N/A,N/A,N/A,N/A,N/A,N/A,N/A,N/A,"Jiangsu, China",N/A,N/A,N/A,N/A,N/A,N/A,N/A,N/A,N/A,N/A,N/A,N/A,"Copeland, Bitzer, Emerson",N/A,N/A,N/A,N/A,N/A,Cam lock system,N/A,N/A,N/A,N/A,N/A,Food Fresh,N/A,Water cooled or air cooled,N/A,Customazition,N/A,N/A,YangChuan,N/A,N/A,N/A,N/A,N/A,N/A,N/A,N/A,N/A,N/A,N/A,N/A,N/A,N/A,N/A,N/A,N/A,N/A,N/A,N/A,Customazition,N/A,N/A,N/A,N/A,N/A,N/A,Build Cold Room Freezers,R22/R404a,N/A,N/A,N/A,N/A,N/A,N/A,N/A,N/A,N/A,N/A,N/A,N/A,Quick-freezing,"CE,ISO9001",N/A,N/A,N/A,N/A,N/A,N/A,N/A,N/A,N/A,N/A,N/A,N/A,N/A,N/A,N/A,N/A,N/A,N/A
7.5kw High-quality Metal Electrical Control Cabinet 12v Variable Frequency Control Box Customized Switchgear Vfd Control Panels,https://www.alibaba.com/product-detail/7-5kw-High-quality-Metal-Electrical_1601277639340.html?s=p,2025-02-19 16:42:40,N/A,N/A,N/A,N/A,N/A,N/A,N/A,N/A,N/A,N/A,N/A,N/A,N/A,N/A,N/A,N/A,N/A,Consult customer service,N/A,N/A,N/A,N/A,N/A,N/A,N/A,N/A,N/A,N/A,N/A,N/A,N/A,N/A,"Zhejiang, China",N/A,N/A,N/A,N/A,N/A,Single item,N/A,N/A,N/A,N/A,N/A,N/A,N/A,Ask the shop,N/A,N/A,N/A,N/A,N/A,N/A,N/A,N/A,N/A,N/A,N/A,N/A,N/A,7.5kw Frequency conversion control box,N/A,N/A,N/A,N/A,N/A,N/A,N/A,N/A,N/A,N/A,N/A,N/A,N/A,N/A,N/A,N/A,N/A,N/A,125X55X45 cm,N/A,N/A,N/A,26.560 kg,N/A,N/A,N/A,N/A,N/A,N/A,N/A,"60A, 30A, 32A, 100A, 300A",N/A,N/A,N/A,N/A,N/A,N/A,N/A,N/A,N/A,N/A,N/A,N/A,N/A,N/A,N/A,N/A,N/A,N/A,N/A,N/A,N/A,N/A,Consult customer service,N/A,N/A,N/A,N/A,N/A,N/A,N/A,N/A,N/A,Consult customer service,N/A,loka,N/A,N/A,N/A,N/A,N/A,N/A,N/A,N/A,N/A,N/A,N/A,N/A,N/A,N/A,N/A,N/A,N/A,N/A,N/A,"48V, 120V, 240V, 480V, 24V, 12V",N/A,N/A,N/A,N/A,N/A,N/A,N/A,N/A,N/A,N/A,N/A,N/A,N/A,N/A,N/A,N/A,N/A,N/A,N/A,N/A,N/A,N/A,N/A,N/A,N/A,N/A,N/A,N/A,N/A,N/A,N/A,N/A,N/A,N/A,N/A,N/A,N/A,N/A,LCD DISPLAY,N/A,N/A,N/A,N/A,N/A,N/A,N/A,N/A
N/A,https://www.alibaba.com/product-detail/High-Quality-50mm-Cool-Room-Sandwich_1601239347859.html,2025-02-19 16:44:00,N/A,N/A,N/A,N/A,N/A,N/A,N/A,N/A,N/A,N/A,N/A,N/A,N/A,N/A,N/A,N/A,metal,N/A,N/A,N/A,N/A,N/A,N/A,N/A,N/A,N/A,N/A,N/A,N/A,N/A,N/A,N/A,"Henan, China",N/A,N/A,N/A,N/A,N/A,N/A,N/A,50/75/80/100/120/150/200mm Customized,N/A,N/A,N/A,N/A,N/A,N/A,N/A,N/A,N/A,N/A,N/A,N/A,N/A,N/A,N/A,N/A,N/A,N/A,N/A,TQ0010,N/A,N/A,N/A,N/A,N/A,1.12m,N/A,N/A,N/A,N/A,N/A,N/A,N/A,N/A,N/A,N/A,N/A,N/A,N/A,N/A,N/A,White,N/A,N/A,N/A,N/A,"graphic design, 3D model design, total solution for projects, Cross Categories Consolidation",N/A,Sandwich Panel Movable Wall,N/A,N/A,N/A,N/A,N/A,N/A,N/A,N/A,N/A,N/A,N/A,N/A,N/A,N/A,N/A,N/A,N/A,N/A,40-42kg/m3,N/A,N/A,N/A,"Ware house,Supermarket,Hotel,Hospital,Farmhouse",N/A,N/A,N/A,Modern,N/A,N/A,N/A,N/A,N/A,"Fire Proof,Water Proof,Heat Insulation,Easy Install",N/A,N/A,N/A,Tianqiao,N/A,N/A,N/A,Polyurethane Foam,N/A,N/A,N/A,N/A,N/A,N/A,N/A,N/A,N/A,N/A,N/A,N/A,N/A,N/A,N/A,N/A,N/A,N/A,N/A,N/A,N/A,N/A,N/A,N/A,N/A,N/A,N/A,N/A,N/A,N/A,N/A,N/A,N/A,"Online technical support, Onsite Installation, Onsite Training, Onsite Inspection, Free spare parts, Return and Replacement",N/A,N/A,N/A,N/A,N/A,N/A,N/A,N/A,N/A,N/A,N/A,N/A,N/A,N/A,N/A,Polyurethane Sandwich Panel,Construction Insulation,"Qingdao,Tianjin,Shanghai,Shenzhen",N/A,N/A,N/A,PIR + Color Steel Sheet/Stainless Steel Sheet,N/A,N/A,1 Year,N/A,N/A,N/A,N/A
N/A,https://www.alibaba.com/product-detail/Bescool-Cold-Storage-Electric-Control-Box_1600998591858.html,2025-02-19 16:44:13,N/A,N/A,N/A,N/A,N/A,N/A,N/A,N/A,N/A,N/A,N/A,N/A,18A/12A/25A/32A/40A/50A/65A,N/A,N/A,N/A,N/A,N/A,N/A,N/A,N/A,N/A,N/A,N/A,N/A,N/A,N/A,N/A,N/A,N/A,N/A,N/A,N/A,PLC,N/A,N/A,N/A,N/A,N/A,N/A,N/A,N/A,N/A,N/A,N/A,N/A,N/A,N/A,N/A,N/A,N/A,Provided,N/A,N/A,N/A,N/A,N/A,N/A,N/A,N/A,N/A,N/A,N/A,N/A,N/A,N/A,N/A,N/A,N/A,N/A,N/A,N/A,N/A,N/A,N/A,Provided,12A/18A/25A,N/A,Unavailable,N/A,N/A,N/A,N/A,N/A,N/A,N/A,N/A,N/A,N/A,N/A,N/A,N/A,N/A,N/A,N/A,N/A,"Yes, except 2P",N/A,N/A,N/A,"Guangdong, China",N/A,N/A,N/A,Air cooled,N/A,N/A,N/A,N/A,N/A,N/A,N/A,N/A,N/A,N/A,2P/32A;4P/32A;4P/60A;4P/80A;4P/100A,N/A,N/A,N/A,N/A,N/A,5060,N/A,N/A,N/A,N/A,N/A,N/A,N/A,N/A,N/A,N/A,bescool,N/A,N/A,N/A,N/A,N/A,N/A,N/A,N/A,N/A,30,N/A,N/A,N/A,N/A,N/A,N/A,N/A,N/A,N/A,N/A,N/A,N/A,N/A,N/A,N/A,N/A,N/A,"Control Box, electrical control box",N/A,N/A,N/A,N/A,N/A,N/A,N/A,N/A,N/A,N/A,N/A,accoring to different item code,N/A,N/A,N/A,N/A,N/A,N/A,N/A,Cold Storage Electric Control Box Refrigeration,N/A,N/A,N/A,N/A,N/A,N/A,N/A,N/A,N/A,18A/12A/25A/32A/40A/50A/65A/85A,N/A,N/A,N/A
N/A,https://www.alibaba.com/product-detail/High-Quality-Large-Cold-Room-Modular_1601366396633.html,2025-02-19 16:44:28,N/A,N/A,N/A,N/A,N/A,N/A,N/A,N/A,N/A,N/A,N/A,N/A,N/A,N/A,N/A,N/A,N/A,N/A,N/A,N/A,"Fruits, vegetables, meat, beer,dairy,breads,etc",N/A,N/A,N/A,N/A,N/A,N/A,N/A,N/A,N/A,N/A,Energy saving,N/A,"PLC, compressor, air cooler, cold room light, PUR panels, condenser",N/A,N/A,N/A,N/A,Single item,N/A,N/A,Air Cooling Condesor,N/A,N/A,N/A,N/A,N/A,50/75/100/120/150/200 Mm PU/PIR Panels,N/A,N/A,N/A,Provided,N/A,N/A,N/A,N/A,N/A,N/A,N/A,N/A,N/A,N/A,N/A,N/A,N/A,N/A,N/A,N/A,N/A,110v~480v,N/A,N/A,N/A,N/A,N/A,Provided,N/A,N/A,1 Year,70X70X70 cm,N/A,N/A,N/A,68.000 kg,Air Cooled System,N/A,N/A,N/A,N/A,N/A,N/A,N/A,N/A,N/A,N/A,N/A,N/A,N/A,Hinged Door Sliding Door,N/A,"Henan,China",N/A,N/A,N/A,N/A,N/A,N/A,N/A,N/A,N/A,N/A,N/A,N/A,"TECUMSEH, Copeland, Bristol, Bitzer, Daikin, hitachi, Maneurop, Fusheng, DORIN, Sanyo, Emerson, Frascold, Xumei, Other",N/A,N/A,N/A,N/A,N/A,N/A,N/A,N/A,N/A,N/A,N/A,N/A,N/A,N/A,N/A,Container,N/A,N/A,Tianjie,N/A,N/A,N/A,N/A,N/A,N/A,N/A,N/A,N/A,200,N/A,N/A,N/A,N/A,N/A,N/A,N/A,N/A,N/A,N/A,customize,N/A,Stainless steel or color steel,N/A,N/A,N/A,N/A,N/A,R-22 R-404A R-407 R-408 R-507,N/A,N/A,N/A,Video technical support,N/A,N/A,N/A,N/A,N/A,N/A,N/A,N/A,N/A,ISO9001 CE,N/A,N/A,N/A,N/A,Freezing Chamber,N/A,N/A,N/A,N/A,N/A,N/A,N/A,N/A,N/A,N/A,N/A,N/A,N/A
Elitech ECB-1000P ECB-1000plus Intelligent Plastic Electrical Board Control Panel Box for Seafood Machine Cold Storage,https://www.alibaba.com/product-detail/Elitech-ECB-1000P-ECB-1000plus-Intelligent_1601012608735.html,2025-02-19 16:44:38,N/A,"220VAC±10%, 50/60HZ",N/A,N/A,N/A,N/A,N/A,N/A,-40℃~+99℃,N/A,N/A,N/A,N/A,N/A,N/A,N/A,N/A,N/A,N/A,N/A,N/A,N/A,N/A,N/A,N/A,N/A,N/A,N/A,N/A,N/A,N/A,N/A,China,N/A,N/A,N/A,N/A,N/A,N/A,N/A,N/A,N/A,N/A,N/A,N/A,N/A,N/A,N/A,N/A,Digital,N/A,N/A,N/A,N/A,N/A,N/A,N/A,N/A,N/A,N/A,N/A,N/A,N/A,N/A,N/A,N/A,N/A,N/A,N/A,N/A,N/A,N/A,N/A,N/A,N/A,N/A,N/A,N/A,N/A,N/A,N/A,N/A,N/A,N/A,N/A,N/A,N/A,N/A,N/A,N/A,N/A,N/A,N/A,N/A,N/A,N/A,N/A,N/A,N/A,N/A,N/A,N/A,7-10days,N/A,N/A,N/A,N/A,N/A,N/A,N/A,N/A,N/A,Cold Room/seafood machine,N/A,N/A,N/A,N/A,N/A,N/A,N/A,N/A,N/A,N/A,N/A,N/A,N/A,N/A,N/A,N/A,N/A,N/A,N/A,N/A,N/A,N/A,N/A,N/A,N/A,N/A,N/A,N/A,N/A,N/A,N/A,N/A,N/A,N/A,N/A,N/A,N/A,N/A,N/A,N/A,N/A,N/A,N/A,N/A,N/A,N/A,N/A,N/A,N/A,N/A,N/A,N/A,N/A,N/A,China,N/A,N/A,N/A,N/A,N/A,N/A,N/A,N/A,N/A,N/A,Elitech,N/A,Temperature controller/thermostat,N/A,N/A,N/A,N/A,N/A,PC ABS plastics,N/A,N/A,N/A,N/A,N/A,N/A,80pcs
N/A,https://www.alibaba.com/product-detail/Cold-Storage-Door-Price-Polyurethane-Insulation_1601021877990.html?s=p,2025-02-19 16:44:48,N/A,N/A,N/A,N/A,N/A,N/A,N/A,N/A,N/A,N/A,N/A,N/A,N/A,N/A,"Video technical support, Online support",N/A,N/A,N/A,N/A,N/A,N/A,N/A,N/A,"Plywood packing, 100% safe.",N/A,N/A,N/A,N/A,N/A,N/A,N/A,Long Service Life,N/A,"Pressure vessel, motor, Pump, Engine",Assembled,N/A,N/A,N/A,N/A,200 Set/Sets per   Week,N/A,N/A,N/A,processing plant/distributors/resellers/sellers,N/A,N/A,N/A,N/A,N/A,N/A,"Cabero, Bingshan, CRYO",Provided,N/A,N/A,N/A,N/A,N/A,N/A,N/A,N/A,N/A,N/A,N/A,N/A,N/A,N/A,N/A,N/A,N/A,"230V/1p/50Hz, 400V/3p/50~60Hz",N/A,N/A,N/A,N/A,N/A,Provided,N/A,N/A,1 Year,N/A,N/A,N/A,N/A,N/A,N/A,N/A,N/A,N/A,N/A,N/A,N/A,N/A,N/A,N/A,N/A,N/A,N/A,N/A,N/A,N/A,"Guangdong, China",N/A,N/A,N/A,N/A,N/A,"R22, R404A, R134a",N/A,N/A,N/A,N/A,N/A,N/A,N/A,N/A,N/A,N/A,N/A,N/A,N/A,N/A,N/A,N/A,Dixell,N/A,N/A,N/A,N/A,N/A,Easy to operate,N/A,N/A,Cryo Systems Refrigeration,40ton,N/A,N/A,N/A,N/A,N/A,N/A,N/A,N/A,N/A,N/A,N/A,N/A,N/A,N/A,Original world famous brand compressors,N/A,N/A,N/A,N/A,Customized,+15~-55℃ (+60~-70)F,N/A,N/A,N/A,N/A,N/A,N/A,N/A,N/A,N/A,N/A,N/A,N/A,N/A,N/A,"100MM, 200mm, 120mm, 75mm, 50MM, 150mm, 180mm, 250mm",N/A,N/A,N/A,N/A,N/A,N/A,N/A,N/A,N/A,N/A,N/A,"seafood/frozen food/fruits/vegetable/chicken, fish, etc",N/A,Standard export packing,N/A,N/A,N/A,N/A,N/A,N/A,N/A,N/A,N/A,N/A
Cold Storage Room Cooling Panels Cold Room Panel With Cam Lock 100mm Cooler Panels,https://www.alibaba.com/product-detail/Cold-Storage-Room-Cooling-Panels-Cold_1600554921391.html,2025-02-19 16:45:18,N/A,N/A,N/A,N/A,N/A,N/A,N/A,N/A,N/A,N/A,N/A,N/A,N/A,N/A,"Video technical support, Online support, Spare parts",N/A,N/A,N/A,N/A,N/A,N/A,N/A,N/A,Packaging Details:Standard Sea Worthy PackingPort: Ningbo / Shanghai / Or other ports,N/A,N/A,N/A,N/A,N/A,N/A,N/A,Long Service Life,N/A,"Pressure vessel, motor, Other, Bearing, Gear, Gearbox, PLC, Pump, Engine",N/A,N/A,N/A,N/A,N/A,500 Set/Sets per   Month,N/A,N/A,"Hinged door , swing door , sliding door",N/A,N/A,N/A,N/A,N/A,N/A,N/A,N/A,Provided,N/A,N/A,N/A,N/A,N/A,N/A,N/A,N/A,N/A,N/A,N/A,N/A,N/A,N/A,N/A,N/A,N/A,380V/50Hz/3Phase or Customized,N/A,N/A,N/A,N/A,N/A,Provided,N/A,N/A,1 Year,N/A,N/A,N/A,N/A,N/A,N/A,N/A,N/A,N/A,N/A,N/A,N/A,N/A,N/A,N/A,N/A,N/A,N/A,N/A,N/A,N/A,"Jiangsu, China",N/A,N/A,N/A,N/A,N/A,R404A or others,N/A,N/A,N/A,N/A,N/A,N/A,"Copeland, Bitzer, Other, Emerson",N/A,N/A,N/A,N/A,N/A,N/A,N/A,N/A,Corrosion Resistant,N/A,N/A,N/A,N/A,N/A,N/A,Soundproof Panel Building Materials,N/A,N/A,Jaryee,Customer requirements,N/A,N/A,N/A,N/A,N/A,N/A,N/A,N/A,N/A,N/A,N/A,ISO9001 CE,N/A,N/A,N/A,customized,Customized,N/A,N/A,Customized,45℃~-145℃,N/A,N/A,PU or PIR,N/A,N/A,N/A,N/A,N/A,N/A,N/A,N/A,N/A,N/A,N/A,"100MM, 200mm, 120mm, 75mm, Other, 50MM, 150mm",N/A,N/A,N/A,N/A,N/A,N/A,N/A,N/A,N/A,N/A,Cold Storage Room,N/A,All seaports,N/A,"ree spare parts, Field installation, commissioning and training",N/A,N/A,N/A,N/A,N/A,N/A,N/A,N/A,N/A
N/A,https://www.alibaba.com/product-detail/Factory-Direct-Price-Cold-Room-for_1601174653372.html,2025-02-19 16:45:47,N/A,N/A,N/A,N/A,N/A,N/A,N/A,N/A,N/A,N/A,N/A,N/A,N/A,N/A,N/A,N/A,N/A,N/A,N/A,N/A,N/A,N/A,N/A,N/A,N/A,N/A,N/A,N/A,N/A,N/A,N/A,N/A,N/A,N/A,N/A,N/A,N/A,N/A,N/A,N/A,N/A,N/A,N/A,N/A,N/A,N/A,N/A,N/A,N/A,N/A,N/A,N/A,N/A,N/A,N/A,N/A,N/A,N/A,N/A,N/A,N/A,N/A,N/A,N/A,N/A,N/A,N/A,N/A,N/A,N/A,N/A,N/A,N/A,N/A,N/A,N/A,N/A,N/A,N/A,N/A,N/A,N/A,N/A,N/A,N/A,N/A,N/A,N/A,N/A,N/A,N/A,N/A,N/A,N/A,N/A,N/A,N/A,N/A,N/A,N/A,N/A,N/A,N/A,N/A,N/A,N/A,N/A,N/A,N/A,N/A,N/A,N/A,N/A,N/A,N/A,N/A,N/A,N/A,N/A,N/A,N/A,N/A,N/A,N/A,N/A,N/A,N/A,N/A,N/A,N/A,N/A,N/A,N/A,N/A,N/A,N/A,N/A,N/A,N/A,N/A,N/A,N/A,N/A,N/A,N/A,N/A,N/A,N/A,N/A,N/A,N/A,N/A,N/A,N/A,N/A,N/A,N/A,N/A,N/A,N/A,N/A,N/A,N/A,N/A,N/A,N/A,N/A,N/A,N/A,N/A,N/A,N/A,N/A,N/A,N/A,N/A,N/A,N/A,N/A,N/A,N/A,N/A,N/A,N/A,N/A,N/A,N/A,N/A,N/A,N/A,N/A,N/A,N/A,N/A
ZSTR China Manufacture Low Cost Easy to Operation Control System Cold Storage Room Electric Control Box,https://www.alibaba.com/product-detail/ZSTR-China-Manufacture-Low-Cost-Easy_1601208988950.html,2025-02-19 16:46:33,N/A,N/A,N/A,N/A,N/A,N/A,N/A,N/A,N/A,N/A,N/A,N/A,N/A,N/A,N/A,N/A,N/A,N/A,N/A,N/A,N/A,N/A,N/A,N/A,N/A,N/A,N/A,N/A,N/A,N/A,N/A,N/A,N/A,N/A,N/A,N/A,N/A,N/A,N/A,N/A,N/A,N/A,N/A,N/A,N/A,N/A,N/A,N/A,N/A,N/A,N/A,N/A,N/A,N/A,N/A,N/A,N/A,N/A,N/A,N/A,N/A,N/A,N/A,N/A,N/A,N/A,N/A,N/A,N/A,N/A,N/A,N/A,N/A,N/A,N/A,N/A,N/A,N/A,N/A,N/A,N/A,N/A,N/A,N/A,N/A,N/A,N/A,N/A,N/A,N/A,N/A,N/A,N/A,N/A,N/A,N/A,N/A,N/A,N/A,N/A,N/A,N/A,N/A,N/A,N/A,N/A,N/A,N/A,N/A,N/A,N/A,N/A,N/A,N/A,N/A,N/A,N/A,N/A,N/A,N/A,N/A,N/A,N/A,N/A,N/A,N/A,N/A,N/A,N/A,N/A,N/A,N/A,N/A,N/A,N/A,N/A,N/A,N/A,N/A,N/A,N/A,N/A,N/A,N/A,N/A,N/A,N/A,N/A,N/A,N/A,N/A,N/A,N/A,N/A,N/A,N/A,N/A,N/A,N/A,N/A,N/A,N/A,N/A,N/A,N/A,N/A,N/A,N/A,N/A,N/A,N/A,N/A,N/A,N/A,N/A,N/A,N/A,N/A,N/A,N/A,N/A,N/A,N/A,N/A,N/A,N/A,N/A,N/A,N/A,N/A,N/A,N/A,N/A,N/A
N/A,https://www.alibaba.com/product-detail/Controller-Cold-Storage-Room-Control-Versatile_1601378715718.html,2025-02-19 16:47:03,N/A,N/A,N/A,N/A,N/A,N/A,N/A,N/A,N/A,N/A,N/A,N/A,N/A,N/A,N/A,N/A,N/A,N/A,N/A,N/A,N/A,N/A,N/A,N/A,N/A,N/A,N/A,N/A,N/A,N/A,N/A,N/A,N/A,N/A,N/A,N/A,N/A,N/A,N/A,N/A,N/A,N/A,N/A,N/A,N/A,N/A,N/A,N/A,N/A,N/A,N/A,N/A,N/A,N/A,N/A,N/A,N/A,N/A,N/A,N/A,N/A,N/A,N/A,N/A,N/A,N/A,N/A,N/A,N/A,N/A,N/A,N/A,N/A,N/A,N/A,N/A,N/A,N/A,N/A,N/A,N/A,N/A,N/A,N/A,N/A,N/A,N/A,N/A,N/A,N/A,N/A,N/A,N/A,N/A,N/A,N/A,N/A,N/A,N/A,N/A,N/A,N/A,N/A,N/A,N/A,N/A,N/A,N/A,N/A,N/A,N/A,N/A,N/A,N/A,N/A,N/A,N/A,N/A,N/A,N/A,N/A,N/A,N/A,N/A,N/A,N/A,N/A,N/A,N/A,N/A,N/A,N/A,N/A,N/A,N/A,N/A,N/A,N/A,N/A,N/A,N/A,N/A,N/A,N/A,N/A,N/A,N/A,N/A,N/A,N/A,N/A,N/A,N/A,N/A,N/A,N/A,N/A,N/A,N/A,N/A,N/A,N/A,N/A,N/A,N/A,N/A,N/A,N/A,N/A,N/A,N/A,N/A,N/A,N/A,N/A,N/A,N/A,N/A,N/A,N/A,N/A,N/A,N/A,N/A,N/A,N/A,N/A,N/A,N/A,N/A,N/A,N/A,N/A,N/A
cold storage room coolrooms Energy Saving Commercial Cold Storage Walk-in Cooler PU Sandwich Panel Metal Modern Polyurethane Color Coated Steel RAL Color WH,https://www.alibaba.com/product-detail/cold-storage-room-coolrooms-Energy-Saving_1600405185606.html,2025-02-19 16:47:18,N/A,N/A,N/A,N/A,N/A,N/A,N/A,N/A,N/A,N/A,N/A,N/A,N/A,N/A,N/A,N/A,N/A,N/A,N/A,N/A,N/A,N/A,N/A,N/A,N/A,N/A,N/A,N/A,N/A,N/A,N/A,N/A,N/A,N/A,N/A,N/A,N/A,N/A,N/A,N/A,N/A,N/A,N/A,N/A,N/A,N/A,N/A,N/A,N/A,N/A,N/A,N/A,N/A,N/A,N/A,N/A,N/A,N/A,N/A,N/A,N/A,N/A,N/A,N/A,N/A,N/A,N/A,N/A,N/A,N/A,N/A,N/A,N/A,N/A,N/A,N/A,N/A,N/A,N/A,N/A,N/A,N/A,N/A,N/A,N/A,N/A,N/A,N/A,N/A,N/A,N/A,N/A,N/A,N/A,N/A,N/A,N/A,N/A,N/A,N/A,N/A,N/A,N/A,N/A,N/A,N/A,N/A,N/A,N/A,N/A,N/A,N/A,N/A,N/A,N/A,N/A,N/A,N/A,N/A,N/A,N/A,N/A,N/A,N/A,N/A,N/A,N/A,N/A,N/A,N/A,N/A,N/A,N/A,N/A,N/A,N/A,N/A,N/A,N/A,N/A,N/A,N/A,N/A,N/A,N/A,N/A,N/A,N/A,N/A,N/A,N/A,N/A,N/A,N/A,N/A,N/A,N/A,N/A,N/A,N/A,N/A,N/A,N/A,N/A,N/A,N/A,N/A,N/A,N/A,N/A,N/A,N/A,N/A,N/A,N/A,N/A,N/A,N/A,N/A,N/A,N/A,N/A,N/A,N/A,N/A,N/A,N/A,N/A,N/A,N/A,N/A,N/A,N/A,N/A
ECB-1000Q Digital Cold Storage Temperature Controller System Panel Plastic Fan Frosted Timer for Refrigeration OEM Customizable,https://www.alibaba.com/product-detail/ECB-1000Q-Digital-Cold-Storage-Temperature_1601374715341.html,2025-02-19 16:47:37,N/A,N/A,N/A,N/A,N/A,N/A,N/A,N/A,N/A,N/A,N/A,N/A,N/A,N/A,N/A,N/A,N/A,N/A,N/A,N/A,N/A,N/A,N/A,N/A,N/A,N/A,N/A,N/A,N/A,N/A,N/A,N/A,N/A,N/A,N/A,N/A,N/A,N/A,N/A,N/A,N/A,N/A,N/A,N/A,N/A,N/A,N/A,N/A,N/A,N/A,N/A,N/A,N/A,N/A,N/A,N/A,N/A,N/A,N/A,N/A,N/A,N/A,N/A,N/A,N/A,N/A,N/A,N/A,N/A,N/A,N/A,N/A,N/A,N/A,N/A,N/A,N/A,N/A,N/A,N/A,N/A,N/A,N/A,N/A,N/A,N/A,N/A,N/A,N/A,N/A,N/A,N/A,N/A,N/A,N/A,N/A,N/A,N/A,N/A,N/A,N/A,N/A,N/A,N/A,N/A,N/A,N/A,N/A,N/A,N/A,N/A,N/A,N/A,N/A,N/A,N/A,N/A,N/A,N/A,N/A,N/A,N/A,N/A,N/A,N/A,N/A,N/A,N/A,N/A,N/A,N/A,N/A,N/A,N/A,N/A,N/A,N/A,N/A,N/A,N/A,N/A,N/A,N/A,N/A,N/A,N/A,N/A,N/A,N/A,N/A,N/A,N/A,N/A,N/A,N/A,N/A,N/A,N/A,N/A,N/A,N/A,N/A,N/A,N/A,N/A,N/A,N/A,N/A,N/A,N/A,N/A,N/A,N/A,N/A,N/A,N/A,N/A,N/A,N/A,N/A,N/A,N/A,N/A,N/A,N/A,N/A,N/A,N/A,N/A,N/A,N/A,N/A,N/A,N/A
Cold Room Sandwich Panel Walk in Cooler Panels Cold Storage Insulation Panels,https://www.alibaba.com/product-detail/Cold-Room-Sandwich-Panel-Walk-in_1601208273276.html,2025-02-19 16:47:55,N/A,N/A,N/A,N/A,N/A,N/A,N/A,N/A,N/A,N/A,N/A,N/A,N/A,N/A,N/A,N/A,N/A,N/A,N/A,N/A,N/A,N/A,N/A,N/A,N/A,N/A,N/A,N/A,N/A,N/A,N/A,N/A,N/A,N/A,N/A,N/A,N/A,N/A,N/A,N/A,N/A,N/A,N/A,N/A,N/A,N/A,N/A,N/A,N/A,N/A,N/A,N/A,N/A,N/A,N/A,N/A,N/A,N/A,N/A,N/A,N/A,N/A,N/A,N/A,N/A,N/A,N/A,N/A,N/A,N/A,N/A,N/A,N/A,N/A,N/A,N/A,N/A,N/A,N/A,N/A,N/A,N/A,N/A,N/A,N/A,N/A,N/A,N/A,N/A,N/A,N/A,N/A,N/A,N/A,N/A,N/A,N/A,N/A,N/A,N/A,N/A,N/A,N/A,N/A,N/A,N/A,N/A,N/A,N/A,N/A,N/A,N/A,N/A,N/A,N/A,N/A,N/A,N/A,N/A,N/A,N/A,N/A,N/A,N/A,N/A,N/A,N/A,N/A,N/A,N/A,N/A,N/A,N/A,N/A,N/A,N/A,N/A,N/A,N/A,N/A,N/A,N/A,N/A,N/A,N/A,N/A,N/A,N/A,N/A,N/A,N/A,N/A,N/A,N/A,N/A,N/A,N/A,N/A,N/A,N/A,N/A,N/A,N/A,N/A,N/A,N/A,N/A,N/A,N/A,N/A,N/A,N/A,N/A,N/A,N/A,N/A,N/A,N/A,N/A,N/A,N/A,N/A,N/A,N/A,N/A,N/A,N/A,N/A,N/A,N/A,N/A,N/A,N/A,N/A
Mobile Frozen Freezing Kitchen Meat Fish Cold Room Container Insulated Freezer Provided Cold Storage Digital Control 1500 100ton,https://www.alibaba.com/product-detail/Mobile-Frozen-Freezing-Kitchen-Meat-Fish_1601009885692.html,2025-02-19 16:48:17,N/A,N/A,N/A,N/A,N/A,N/A,N/A,N/A,N/A,N/A,N/A,N/A,N/A,N/A,N/A,N/A,N/A,N/A,N/A,N/A,N/A,N/A,N/A,N/A,N/A,N/A,N/A,N/A,N/A,N/A,N/A,N/A,N/A,N/A,N/A,N/A,N/A,N/A,N/A,N/A,N/A,N/A,N/A,N/A,N/A,N/A,N/A,N/A,N/A,N/A,N/A,N/A,N/A,N/A,N/A,N/A,N/A,N/A,N/A,N/A,N/A,N/A,N/A,N/A,N/A,N/A,N/A,N/A,N/A,N/A,N/A,N/A,N/A,N/A,N/A,N/A,N/A,N/A,N/A,N/A,N/A,N/A,N/A,N/A,N/A,N/A,N/A,N/A,N/A,N/A,N/A,N/A,N/A,N/A,N/A,N/A,N/A,N/A,N/A,N/A,N/A,N/A,N/A,N/A,N/A,N/A,N/A,N/A,N/A,N/A,N/A,N/A,N/A,N/A,N/A,N/A,N/A,N/A,N/A,N/A,N/A,N/A,N/A,N/A,N/A,N/A,N/A,N/A,N/A,N/A,N/A,N/A,N/A,N/A,N/A,N/A,N/A,N/A,N/A,N/A,N/A,N/A,N/A,N/A,N/A,N/A,N/A,N/A,N/A,N/A,N/A,N/A,N/A,N/A,N/A,N/A,N/A,N/A,N/A,N/A,N/A,N/A,N/A,N/A,N/A,N/A,N/A,N/A,N/A,N/A,N/A,N/A,N/A,N/A,N/A,N/A,N/A,N/A,N/A,N/A,N/A,N/A,N/A,N/A,N/A,N/A,N/A,N/A,N/A,N/A,N/A,N/A,N/A,N/A
Control Panels and Freezer Control Box Electric Usage Plc Control Cabinet Stainless for Cold Storage,https://www.alibaba.com/product-detail/Control-Panels-and-Freezer-Control-Box_10000023889530.html,2025-02-19 16:48:36,N/A,N/A,N/A,N/A,N/A,N/A,N/A,N/A,N/A,N/A,N/A,N/A,N/A,N/A,N/A,"Foam+carton box, 8.5 kg",N/A,N/A,Cold Room Door Controller System,N/A,N/A,N/A,N/A,N/A,N/A,N/A,N/A,N/A,N/A,N/A,N/A,N/A,"Jiangsu, China",N/A,N/A,N/A,Durable,N/A,Single item,N/A,N/A,N/A,N/A,N/A,N/A,N/A,N/A,N/A,N/A,N/A,N/A,N/A,N/A,N/A,N/A,N/A,N/A,N/A,N/A,N/A,N/A,N/A,N/A,N/A,N/A,N/A,N/A,N/A,"According to needs, door accessories can be customized",N/A,N/A,N/A,N/A,N/A,N/A,N/A,N/A,N/A,N/A,41.5X21.5X51 cm,N/A,N/A,N/A,8.500 kg,N/A,N/A,N/A,3D model design,N/A,N/A,N/A,N/A,N/A,N/A,Cold room door accessories,N/A,N/A,"220VAC+10%,50Hz/60Hz",N/A,N/A,N/A,N/A,N/A,N/A,N/A,N/A,N/A,N/A,N/A,N/A,N/A,N/A,door,N/A,N/A,N/A,Modern,N/A,N/A,N/A,N/A,N/A,N/A,N/A,N/A,N/A,"Changzhou Taiqi Refrigeration Technology Co., Ltd.",N/A,N/A,N/A,N/A,Screw,N/A,N/A,N/A,N/A,N/A,N/A,N/A,N/A,N/A,N/A,N/A,N/A,N/A,N/A,N/A,N/A,N/A,41.5X21.5X51 cm,N/A,N/A,N/A,N/A,N/A,N/A,N/A,N/A,N/A,N/A,N/A,N/A,N/A,N/A,Online technical support,N/A,"Yes, located in Changzhou, Jiangsu",N/A,N/A,N/A,N/A,N/A,N/A,N/A,N/A,N/A,N/A,N/A,N/A,N/A,N/A,Cold Storage,N/A,N/A,N/A,N/A,Stainless Steel,N/A,N/A,1 Year,N/A,N/A,N/A,1 Set
40 Feet Cold Room Containers Controlled Atmosphere Cold Storage,https://www.alibaba.com/product-detail/40-Feet-Cold-Room-Containers-Controlled_60598419854.html,2025-02-19 16:48:54,N/A,N/A,N/A,N/A,N/A,N/A,N/A,N/A,N/A,New,Cryo Systems,N/A,N/A,N/A,N/A,N/A,N/A,N/A,N/A,N/A,N/A,N/A,N/A,N/A,N/A,N/A,N/A,N/A,N/A,N/A,N/A,Energy saving,N/A,"Pressure vessel, motor, Pump, Engine",N/A,N/A,N/A,N/A,Single item,N/A,N/A,N/A,N/A,N/A,N/A,N/A,N/A,150 mm PU panels,N/A,N/A,N/A,Provided,N/A,N/A,from 2 to 300 cubit meters,N/A,N/A,N/A,N/A,N/A,N/A,N/A,N/A,N/A,N/A,N/A,N/A,N/A,N/A,"220V, 380V",N/A,N/A,N/A,N/A,N/A,Provided,N/A,N/A,1 Year,240X110X100 cm,N/A,N/A,N/A,1200.000 kg,N/A,N/A,N/A,N/A,N/A,N/A,N/A,N/A,N/A,N/A,N/A,N/A,N/A,N/A,N/A,N/A,"Shanghai, China",N/A,N/A,N/A,N/A,N/A,"R22, R404A",N/A,N/A,N/A,N/A,N/A,N/A,Bitzer,N/A,N/A,N/A,N/A,N/A,N/A,N/A,N/A,N/A,Dixell,N/A,N/A,N/A,N/A,N/A,Custom dimensions,N/A,N/A,Cryo Systems,N/A,N/A,N/A,N/A,Up to 4 fans,N/A,N/A,N/A,N/A,1000,N/A,Any size is ok,N/A,N/A,N/A,N/A,N/A,N/A,N/A,N/A,As per your requirements,N/A,N/A,N/A,N/A,N/A,N/A,N/A,N/A,N/A,N/A,N/A,N/A,N/A,N/A,N/A,N/A,N/A,N/A,N/A,N/A,N/A,N/A,N/A,N/A,N/A,N/A,N/A,N/A,N/A,N/A,Engineers available to service machinery overseas,N/A,N/A,N/A,N/A,N/A,N/A,N/A,N/A,1 set
Mobile Cold Room Color Steel Stainless Steel Walk-in Freezer Cold Storage PU Panel Cold Room Equipment  Cold Room,https://www.alibaba.com/product-detail/Mobile-Cold-Room-Color-Steel-Stainless_1600787138327.html,2025-02-19 16:49:05,N/A,N/A,N/A,N/A,N/A,N/A,N/A,N/A,N/A,N/A,N/A,N/A,N/A,N/A,N/A,N/A,N/A,N/A,N/A,N/A,N/A,N/A,N/A,Strong wooden case suitable for sea shipment,N/A,Air Cooling Condesor,N/A,Overseas service center available,N/A,N/A,N/A,Long Service Life,N/A,"Pressure vessel, motor, PLC, Engine, Other, Refrigeration units, Evaporator, PU cold storage insulation board",N/A,N/A,N/A,N/A,N/A,100 Set/Sets per   Day,N/A,N/A,N/A,N/A,N/A,N/A,N/A,N/A,N/A,N/A,N/A,Provided,N/A,N/A,N/A,N/A,N/A,N/A,N/A,N/A,N/A,N/A,N/A,N/A,N/A,N/A,N/A,N/A,N/A,110v~480v,N/A,N/A,N/A,N/A,N/A,Provided,N/A,N/A,1 Year,N/A,N/A,N/A,Custom Color,N/A,N/A,N/A,N/A,N/A,N/A,N/A,N/A,N/A,N/A,N/A,N/A,N/A,N/A,N/A,N/A,N/A,"Shandong, China",N/A,N/A,N/A,N/A,N/A,"R507,R404,R134",N/A,N/A,N/A,N/A,N/A,N/A,"Bitzer, Fusheng, Sanyo, Emerson, Xumei, Other, Boer, Other brands in China",N/A,N/A,N/A,N/A,N/A,N/A,N/A,N/A,N/A,N/A,N/A,N/A,N/A,N/A,N/A,Container,N/A,N/A,Boer,Customer requirements,N/A,N/A,Vegetable Refrigerator Fruit Storage,N/A,N/A,N/A,N/A,N/A,N/A,N/A,Customzied Size,N/A,N/A,"220V/60HZ,380V/50HZ,400V/50HZ",N/A,N/A,N/A,N/A,N/A,custom made,-40℃ ~ +20℃,N/A,N/A,N/A,N/A,N/A,N/A,N/A,N/A,N/A,N/A,N/A,N/A,N/A,N/A,"100MM, 200mm, 120mm, 75mm, 50MM, 150mm, Other",N/A,N/A,N/A,N/A,N/A,N/A,N/A,PU cold storage panels,N/A,N/A,Cold Storage PU-panel,"Cold Storage, Fresh Keeping",QINGDAO,N/A,N/A,N/A,N/A,N/A,N/A,N/A,N/A,N/A,N/A,N/A
N/A,https://www.alibaba.com/product-detail/Control-Panels-and-Freezer-Control-Box_1600894583766.html,2025-02-19 16:49:17,N/A,N/A,N/A,N/A,N/A,N/A,N/A,N/A,N/A,N/A,N/A,N/A,N/A,N/A,Online support,carton  packing,N/A,N/A,N/A,0.6,N/A,N/A,N/A,carton packaging,N/A,N/A,N/A,N/A,N/A,N/A,N/A,N/A,N/A,N/A,N/A,N/A,N/A,N/A,Single item,10000 Piece/Pieces per   Week,N/A,N/A,N/A,N/A,N/A,N/A,N/A,N/A,N/A,N/A,N/A,Not Available,N/A,N/A,N/A,N/A,N/A,N/A,N/A,N/A,N/A,N/A,N/A,New Product 2023,N/A,N/A,N/A,N/A,N/A,N/A,N/A,N/A,N/A,N/A,N/A,Not Available,N/A,N/A,1morth,65X60X20 cm,N/A,N/A,N/A,0.650 kg,N/A,N/A,N/A,N/A,N/A,N/A,N/A,N/A,N/A,N/A,N/A,N/A,N/A,N/A,N/A,3-5days,"Jiangsu, China",Refrigeration Parts,N/A,N/A,N/A,N/A,N/A,N/A,N/A,N/A,N/A,N/A,N/A,N/A,N/A,N/A,N/A,N/A,Refrigeration Compressor Parts,N/A,N/A,N/A,N/A,N/A,N/A,N/A,N/A,N/A,N/A,N/A,N/A,N/A,N/A,N/A,N/A,N/A,N/A,N/A,N/A,N/A,N/A,N/A,N/A,N/A,N/A,N/A,N/A,N/A,N/A,N/A,N/A,N/A,N/A,N/A,N/A,N/A,customized,N/A,N/A,N/A,N/A,N/A,N/A,N/A,N/A,N/A,N/A,N/A,N/A,N/A,N/A,N/A,N/A,N/A,N/A,N/A,N/A,N/A,N/A,N/A,Electric control box,Cold Room,shanghai port  ningbo port  Qingdao Port,N/A,N/A,N/A,metal,N/A,N/A,Unavailable,N/A,N/A,N/A,1sets
Walk in Cooler Pu Insulation Wall Floor Sandwich Panels for Cold Storage Room Freezer,https://www.alibaba.com/product-detail/Walk-in-Cooler-Pu-Insulation-Wall_60792038195.html,2025-02-19 16:49:31,N/A,N/A,N/A,N/A,N/A,N/A,N/A,N/A,N/A,N/A,N/A,N/A,N/A,N/A,Online support,N/A,N/A,N/A,N/A,N/A,N/A,N/A,N/A,Plywood box with pallet package for Walk In Cooler Panels For Cold Room,N/A,N/A,N/A,N/A,N/A,N/A,N/A,Automatic,N/A,Engine,N/A,N/A,N/A,N/A,Single item,20000 Square Meter/Square Meters per   Month Walk In Cooler Panels,N/A,N/A,N/A,N/A,N/A,N/A,N/A,N/A,N/A,N/A,N/A,Provided,N/A,N/A,N/A,N/A,N/A,N/A,N/A,N/A,N/A,N/A,N/A,N/A,N/A,N/A,N/A,N/A,N/A,380V/220V/460V,N/A,N/A,N/A,"color steel , stainless steel",N/A,Provided,N/A,N/A,1 Year,100X100X18 cm,N/A,N/A,N/A,20.000 kg,N/A,N/A,N/A,N/A,cam-lock,N/A,N/A,N/A,N/A,N/A,N/A,N/A,N/A,N/A,"sliding door , hinged door",N/A,"Shandong, China",N/A,N/A,N/A,N/A,N/A,"R404A,R507",N/A,40~42KG/M3,N/A,N/A,N/A,N/A,Copeland,N/A,N/A,N/A,N/A,N/A,N/A,N/A,N/A,N/A,N/A,N/A,N/A,N/A,N/A,"50,75,100,120,150,200mm",Container,N/A,N/A,Hugecool,3ton,N/A,N/A,N/A,N/A,N/A,N/A,N/A,N/A,N/A,N/A,N/A,N/A,N/A,N/A,N/A,N/A,N/A,N/A,N/A,customized,-45~+15C,N/A,N/A,N/A,N/A,N/A,N/A,N/A,N/A,N/A,N/A,N/A,N/A,N/A,N/A,100MM,N/A,N/A,N/A,N/A,N/A,N/A,N/A,N/A,N/A,N/A,Walk In Cooler Panels,"Beer , meat , fish , fruit , vegetable",Shanghai port for Walk In Cooler Panels,N/A,Overseas service center available,N/A,N/A,N/A,N/A,N/A,N/A,N/A,N/A,N/A
Digital Temperature Control Box Cold Room Electric Control Panel,https://www.alibaba.com/product-detail/Digital-Temperature-Control-Box-Cold-Room_60453713708.html,2025-02-19 16:49:39,N/A,N/A,N/A,N/A,N/A,N/A,N/A,N/A,N/A,N/A,N/A,N/A,N/A,N/A,N/A,N/A,N/A,N/A,N/A,N/A,N/A,N/A,N/A,CARTONS,N/A,N/A,N/A,N/A,N/A,N/A,N/A,N/A,N/A,N/A,N/A,N/A,N/A,N/A,Single item,N/A,N/A,N/A,N/A,N/A,N/A,N/A,N/A,N/A,N/A,N/A,N/A,Provided,N/A,N/A,N/A,N/A,N/A,N/A,N/A,N/A,N/A,N/A,N/A,N/A,N/A,N/A,N/A,N/A,N/A,N/A,N/A,N/A,N/A,N/A,N/A,Provided,N/A,N/A,1 Year,30X18X15 cm,N/A,N/A,N/A,2.500 kg,N/A,N/A,N/A,N/A,N/A,N/A,N/A,N/A,N/A,N/A,N/A,N/A,N/A,N/A,N/A,N/A,China,N/A,N/A,N/A,N/A,N/A,N/A,N/A,N/A,N/A,N/A,N/A,N/A,N/A,N/A,N/A,N/A,N/A,refrigeration system,N/A,N/A,N/A,N/A,N/A,N/A,N/A,N/A,N/A,N/A,N/A,N/A,N/A,N/A,N/A,N/A,N/A,N/A,N/A,N/A,N/A,N/A,N/A,N/A,N/A,N/A,N/A,N/A,N/A,N/A,N/A,N/A,N/A,N/A,N/A,N/A,N/A,N/A,N/A,N/A,N/A,N/A,N/A,N/A,N/A,N/A,N/A,N/A,N/A,N/A,N/A,N/A,N/A,N/A,N/A,N/A,N/A,N/A,N/A,N/A,N/A,N/A,N/A,N/A,N/A,N/A,N/A,N/A,N/A,N/A,N/A,N/A,BLACK,N/A,N/A
N/A,https://www.alibaba.com/product-detail/Direct-Sales-Small-Fruit-and-Vegetable_1601069044083.html,2025-02-19 16:49:54,N/A,N/A,N/A,N/A,N/A,N/A,N/A,N/A,N/A,N/A,N/A,N/A,N/A,N/A,N/A,N/A,Nonmetal,N/A,pu panel and glass door,N/A,N/A,N/A,N/A,N/A,N/A,N/A,N/A,N/A,/,N/A,N/A,N/A,N/A,N/A,N/A,N/A,N/A,"Walk-in freezer cooler, reach-in cases",Single item,N/A,N/A,N/A,N/A,N/A,N/A,N/A,N/A,N/A,N/A,N/A,N/A,N/A,N/A,"Free spare parts, None",N/A,N/A,N/A,N/A,N/A,N/A,N/A,N/A,N/A,N/A,N/A,N/A,N/A,N/A,N/A,N/A,N/A,N/A,N/A,N/A,N/A,N/A,N/A,N/A,5 years,100X50X55 cm,N/A,N/A,Custom Color,50.000 kg,N/A,N/A,N/A,N/A,N/A,N/A,N/A,N/A,N/A,Stainless steel or color steel,N/A,N/A,N/A,N/A,N/A,N/A,"Shandong, China","outdoor, Commercial",N/A,N/A,N/A,N/A,N/A,N/A,N/A,N/A,N/A,N/A,N/A,N/A,N/A,N/A,N/A,N/A,Freezer Parts,N/A,"Battery, Electric",N/A,N/A,N/A,N/A,N/A,N/A,N/A,N/A,N/A,N/A,N/A,Yijia,N/A,N/A,N/A,N/A,N/A,N/A,N/A,N/A,N/A,N/A,N/A,Customize Size,N/A,N/A,110-120v/220-240v,N/A,N/A,N/A,N/A,N/A,N/A,N/A,N/A,N/A,N/A,N/A,N/A,N/A,N/A,N/A,N/A,N/A,N/A,N/A,N/A,N/A,N/A,N/A,N/A,N/A,N/A,N/A,N/A,N/A,N/A,N/A,N/A,N/A,Commerical Appliances,N/A,N/A,N/A,N/A,N/A,glass panel with edge pu sound insulation suppliers,N/A,N/A,N/A,N/A,N/A,N/A
Modular Cold Storage Room With PU Insulated Calmlock Sandwich Panel Cold Room,https://www.alibaba.com/product-detail/Modular-Cold-Storage-Room-With-PU_1600150176441.html,2025-02-19 16:50:06,N/A,N/A,61.8KW,N/A,N/A,N/A,N/A,N/A,N/A,N/A,N/A,N/A,N/A,N/A,N/A,N/A,N/A,N/A,N/A,N/A,N/A,N/A,N/A,wooden case/ carton,N/A,N/A,N/A,N/A,N/A,N/A,N/A,High-accuracy,N/A,PLC,N/A,N/A,N/A,N/A,Single item,10 Set/Sets per   Month Bitzer Compressor,N/A,N/A,N/A,N/A,N/A,N/A,N/A,N/A,N/A,N/A,N/A,Provided,N/A,N/A,N/A,N/A,N/A,N/A,N/A,N/A,N/A,N/A,N/A,N/A,N/A,N/A,N/A,N/A,N/A,380V/3P/60HZ,N/A,Semi-hermetic,N/A,N/A,R404A/R507A,Provided,N/A,N/A,1 Year,100X100X100 cm,Water-cooled,N/A,Blue+Green,60.000 kg,N/A,N/A,N/A,N/A,N/A,N/A,N/A,N/A,N/A,N/A,N/A,N/A,N/A,N/A,N/A,N/A,"Anhui, China",N/A,N/A,N/A,N/A,19m3/h,N/A,N/A,N/A,N/A,Bitzer,N/A,N/A,Bitzer,N/A,N/A,N/A,N/A,N/A,N/A,N/A,N/A,N/A,N/A,N/A,N/A,N/A,N/A,N/A,Container,N/A,N/A,Meluck,50ton,N/A,N/A,N/A,N/A,N/A,N/A,N/A,N/A,N/A,N/A,N/A,N/A,N/A,N/A,N/A,N/A,N/A,N/A,N/A,10*10*3,-50℃ ~ 20℃,N/A,N/A,N/A,N/A,N/A,N/A,N/A,N/A,N/A,N/A,N/A,N/A,N/A,N/A,100MM,N/A,N/A,N/A,N/A,N/A,N/A,N/A,N/A,N/A,N/A,N/A,N/A,Shanghai,N/A,Overseas service center available,N/A,N/A,N/A,N/A,1 Year,N/A,N/A,N/A,N/A
One Stop Mobile Mini Cold Room Solution Camlock PU Panels Refrigeration Unit for Cold Storage Use,https://www.alibaba.com/product-detail/One-Stop-Mobile-Mini-Cold-Room_1601370019078.html,2025-02-19 16:50:15,N/A,N/A,N/A,N/A,N/A,N/A,N/A,N/A,N/A,N/A,N/A,N/A,N/A,N/A,N/A,N/A,N/A,N/A,N/A,N/A,N/A,N/A,N/A,N/A,N/A,N/A,N/A,N/A,XFLK-A34,N/A,N/A,Long Service Life,N/A,"Cold Room Panel, Cold Room Door, Condensing Unit, Evaporator/Unit Cooler, Contro Box, Expansion Valve",N/A,N/A,N/A,N/A,N/A,N/A,N/A,N/A,N/A,N/A,N/A,N/A,N/A,N/A,N/A,N/A,N/A,Provided,N/A,N/A,N/A,N/A,N/A,N/A,N/A,N/A,N/A,N/A,N/A,N/A,N/A,N/A,N/A,N/A,N/A,"220V/1Ph/50Hz, 380V/3Ph/50Hz etc",N/A,N/A,N/A,N/A,N/A,Provided,N/A,N/A,3 years,N/A,N/A,N/A,N/A,N/A,N/A,N/A,N/A,N/A,N/A,N/A,N/A,N/A,N/A,N/A,N/A,N/A,N/A,N/A,N/A,N/A,"Jiangsu, China",N/A,N/A,N/A,N/A,N/A,N/A,N/A,N/A,N/A,N/A,N/A,N/A,"TECUMSEH, Copeland, Performer, Bitzer, Sanyo, DORIN, Fusheng",N/A,N/A,N/A,N/A,N/A,N/A,N/A,N/A,N/A,N/A,N/A,N/A,N/A,N/A,N/A,Customized,N/A,N/A,xiangfeng,N/A,N/A,N/A,N/A,N/A,N/A,N/A,N/A,N/A,150,N/A,N/A,N/A,N/A,N/A,N/A,N/A,N/A,N/A,N/A,Customized,N/A,N/A,N/A,N/A,N/A,N/A,N/A,N/A,N/A,N/A,N/A,N/A,N/A,N/A,N/A,N/A,> 1000W,N/A,N/A,N/A,N/A,N/A,N/A,N/A,N/A,N/A,N/A,N/A,N/A,N/A,N/A,N/A,N/A,N/A,N/A,N/A,N/A,N/A,N/A,N/A
N/A,https://www.alibaba.com/product-detail/100mm-Thickness-Polyurethane-Insulated-Panel-for_1601048948013.html,2025-02-19 16:50:27,N/A,N/A,N/A,N/A,N/A,N/A,N/A,N/A,N/A,N/A,N/A,N/A,N/A,N/A,N/A,N/A,"color steel sheet, stainless steel sheet, or aluminum",N/A,N/A,N/A,N/A,N/A,N/A,N/A,N/A,N/A,N/A,N/A,N/A,N/A,N/A,N/A,"Hebei, China",N/A,N/A,>0.2Mpa,N/A,Sound-absorbing Decoration Wall,N/A,N/A,N/A,N/A,N/A,N/A,N/A,N/A,N/A,N/A,N/A,N/A,N/A,N/A,N/A,N/A,N/A,N/A,N/A,N/A,N/A,N/A,Cold storage panel,N/A,N/A,N/A,N/A,N/A,N/A,N/A,N/A,N/A,N/A,N/A,"50,75, 100, 150,200mm",N/A,N/A,N/A,N/A,N/A,N/A,N/A,N/A,N/A,Customized,N/A,N/A,N/A,N/A,"graphic design, 3D model design, total solution for projects, Cross Categories Consolidation, Others",N/A,N/A,N/A,N/A,N/A,N/A,N/A,N/A,N/A,N/A,N/A,N/A,N/A,N/A,N/A,N/A,N/A,N/A,N/A,Full automatic control system,N/A,Customized Size,N/A,N/A,"Medicine, seafood,fruits and vegetables ...",N/A,N/A,N/A,Modern,N/A,N/A,N/A,N/A,N/A,N/A,N/A,N/A,N/A,DH,N/A,N/A,N/A,Polyurethane (PU),N/A,N/A,N/A,N/A,N/A,N/A,N/A,N/A,N/A,N/A,N/A,N/A,N/A,N/A,N/A,N/A,N/A,N/A,N/A,N/A,N/A,N/A,N/A,N/A,N/A,N/A,N/A,N/A,N/A,N/A,N/A,N/A,N/A,"Online technical support, Return and Replacement, Other",N/A,N/A,N/A,N/A,N/A,N/A,N/A,N/A,N/A,N/A,N/A,N/A,N/A,N/A,N/A,PU Sandwich Cold Storage Room Insulated Panel,N/A,N/A,N/A,N/A,N/A,N/A,N/A,N/A,More than 5 years,N/A,N/A,N/A,N/A
Polyurethane Insulation Board Pu Pir Cold Room Fireproof Control Panel Walk in Freezer Panels Cold Storage Room Panel,https://www.alibaba.com/product-detail/Polyurethane-Insulation-Board-Pu-Pir-Cold_1601002008163.html,2025-02-19 16:50:44,N/A,N/A,N/A,40/50/60/75/100/150/200 mm,N/A,N/A,N/A,N/A,N/A,N/A,N/A,N/A,N/A,N/A,N/A,N/A,metal,N/A,N/A,N/A,N/A,N/A,N/A,N/A,N/A,N/A,N/A,N/A,N/A,N/A,N/A,N/A,"Heilongjiang, China",N/A,N/A,N/A,"water resistant, Fire Resistant",N/A,Single item,N/A,N/A,N/A,N/A,N/A,N/A,N/A,N/A,N/A,N/A,N/A,N/A,N/A,N/A,N/A,N/A,N/A,N/A,N/A,N/A,Metal,Dongan-347,N/A,N/A,N/A,N/A,N/A,1000mm,N/A,N/A,N/A,N/A,N/A,N/A,N/A,N/A,N/A,N/A,N/A,N/A,10X20X10 cm,N/A,N/A,Customer's Require,1.500 kg,N/A,N/A,N/A,"graphic design, 3D model design",N/A,N/A,N/A,N/A,N/A,N/A,N/A,N/A,N/A,N/A,N/A,N/A,N/A,N/A,N/A,N/A,N/A,N/A,N/A,N/A,40-42kg/m3,N/A,N/A,N/A,Villa,N/A,N/A,N/A,Modern,N/A,N/A,N/A,N/A,N/A,N/A,N/A,N/A,N/A,Dongan,N/A,N/A,N/A,PU Polyurethane 40kg/m3,N/A,N/A,N/A,N/A,N/A,N/A,N/A,N/A,N/A,N/A,N/A,N/A,N/A,N/A,N/A,N/A,N/A,N/A,N/A,N/A,N/A,N/A,N/A,N/A,N/A,N/A,N/A,N/A,N/A,N/A,N/A,N/A,N/A,"Online technical support, Free spare parts",N/A,N/A,N/A,N/A,N/A,N/A,CE,N/A,N/A,N/A,N/A,N/A,N/A,N/A,N/A,PU Sandwich Panel,N/A,N/A,N/A,N/A,N/A,Metal,PU sandwich panels,N/A,2 years,N/A,N/A,N/A,N/A
N/A,https://www.alibaba.com/product-detail/Cold-Storage-Room-Cooling-Panels-Cold_1601304372678.html,2025-02-19 16:50:56,N/A,N/A,N/A,N/A,N/A,N/A,N/A,N/A,N/A,N/A,N/A,N/A,N/A,N/A,N/A,N/A,metal,N/A,N/A,N/A,N/A,N/A,N/A,N/A,N/A,N/A,N/A,N/A,N/A,N/A,N/A,N/A,"Jiangsu, China",N/A,N/A,N/A,Fire Resistant,N/A,Single item,N/A,N/A,N/A,N/A,N/A,N/A,N/A,N/A,N/A,N/A,N/A,N/A,N/A,N/A,N/A,N/A,N/A,N/A,N/A,N/A,N/A,N/A,N/A,N/A,N/A,N/A,N/A,N/A,N/A,N/A,N/A,N/A,N/A,N/A,N/A,N/A,N/A,N/A,N/A,N/A,XX cm,N/A,N/A,White,kg,N/A,N/A,Sustainable,"graphic design, 3D model design, total solution for projects, Cross Categories Consolidation, Others",N/A,N/A,N/A,N/A,N/A,N/A,N/A,N/A,N/A,N/A,N/A,N/A,N/A,N/A,N/A,N/A,N/A,N/A,N/A,N/A,N/A,N/A,N/A,N/A,Storage & Closet,N/A,N/A,N/A,Traditional,N/A,N/A,N/A,N/A,N/A,N/A,N/A,N/A,N/A,N/A,N/A,N/A,N/A,N/A,N/A,N/A,N/A,N/A,N/A,N/A,N/A,N/A,N/A,N/A,N/A,N/A,N/A,N/A,N/A,N/A,N/A,N/A,N/A,N/A,N/A,N/A,N/A,N/A,N/A,N/A,N/A,N/A,N/A,N/A,N/A,N/A,N/A,"Online technical support, Onsite Installation, Onsite Training, Onsite Inspection, Free spare parts, Return and Replacement, Other",N/A,N/A,N/A,N/A,N/A,N/A,N/A,N/A,N/A,N/A,N/A,N/A,N/A,N/A,N/A,PU Sandwich Panel,Construction Insulation,N/A,N/A,N/A,N/A,PIR,N/A,N/A,1 Year,N/A,N/A,N/A,N/A
New Research Refrigerated PU Panels Unit for Cold Room Cold Container Storage Room 40ft,https://www.alibaba.com/product-detail/New-Research-Refrigerated-PU-Panels-Unit_1601236755273.html,2025-02-19 16:51:07,N/A,N/A,N/A,N/A,"SuperMarket, Food processing Factory, Slaugter House, Resturant,Etc",N/A,N/A,N/A,N/A,N/A,N/A,N/A,N/A,N/A,N/A,N/A,N/A,N/A,N/A,N/A,N/A,70MM/100MM/120MM/150MM/200MM,N/A,N/A,N/A,N/A,N/A,N/A,N/A,N/A,N/A,Competitive Price,N/A,"PLC, Engine",N/A,N/A,N/A,N/A,N/A,N/A,N/A,N/A,N/A,N/A,N/A,N/A,N/A,N/A,N/A,N/A,N/A,Provided,N/A,N/A,N/A,N/A,N/A,N/A,N/A,N/A,N/A,N/A,N/A,N/A,N/A,N/A,N/A,N/A,N/A,380V,N/A,N/A,N/A,N/A,N/A,Provided,N/A,N/A,1 Year,N/A,N/A,N/A,N/A,N/A,N/A,N/A,N/A,N/A,N/A,N/A,N/A,N/A,"Meat, Fish, Fruit, Vegetable",N/A,N/A,N/A,N/A,N/A,N/A,N/A,"Henan, China",N/A,N/A,N/A,N/A,N/A,N/A,N/A,N/A,N/A,N/A,N/A,N/A,customized,N/A,N/A,N/A,N/A,N/A,N/A,N/A,N/A,N/A,N/A,N/A,N/A,N/A,N/A,N/A,Container,N/A,N/A,SolisFer,N/A,N/A,N/A,N/A,N/A,N/A,N/A,N/A,N/A,N/A,N/A,N/A,N/A,N/A,N/A,Copeland Compressor,N/A,N/A,N/A,N/A,customized,N/A,N/A,N/A,N/A,N/A,N/A,N/A,N/A,N/A,N/A,N/A,N/A,N/A,N/A,N/A,N/A,customized,N/A,N/A,N/A,N/A,N/A,N/A,N/A,N/A,N/A,N/A,N/A,N/A,N/A,N/A,N/A,N/A,N/A,Cold Storage Room Door,N/A,N/A,N/A,50hz/ 60hz,N/A
N/A,https://www.alibaba.com/product-detail/Cold-Storage-Elitech-Multi-Purpose-Electrical_1600997622346.html,2025-02-19 16:51:20,N/A,N/A,N/A,N/A,N/A,N/A,N/A,N/A,N/A,N/A,N/A,N/A,N/A,N/A,N/A,N/A,N/A,N/A,N/A,N/A,N/A,N/A,N/A,colorful box,N/A,N/A,N/A,N/A,N/A,N/A,N/A,N/A,"Jiangsu, China",N/A,N/A,N/A,N/A,N/A,Single item,10000 Piece/Pieces per   Month,N/A,N/A,N/A,N/A,N/A,N/A,N/A,N/A,N/A,N/A,N/A,N/A,less than 5W,N/A,N/A,N/A,-45~99℃,N/A,N/A,N/A,ECB-1000Q,N/A,N/A,N/A,N/A,N/A,N/A,N/A,N/A,N/A,N/A,N/A,N/A,N/A,N/A,N/A,N/A,N/A,N/A,30X25X20 cm,N/A,-40~ 99 ℃,N/A,2.000 kg,N/A,0.1 ℃,N/A,N/A,N/A,N/A,N/A,N/A,N/A,N/A,N/A,N/A,N/A,N/A,N/A,N/A,N/A,N/A,N/A,N/A,N/A,N/A,N/A,N/A,N/A,N/A,N/A,N/A,N/A,N/A,N/A,N/A,N/A,N/A,N/A,N/A,N/A,N/A,N/A,N/A,N/A,N/A,Elitech,N/A,N/A,N/A,N/A,N/A,N/A,N/A,N/A,N/A,N/A,N/A,N/A,N/A,-20~ 60 ℃,N/A,N/A,N/A,N/A,N/A,"220 ± 10% , 50~60HZ",N/A,N/A,N/A,N/A,N/A,N/A,N/A,N/A,N/A,N/A,N/A,20%~ 85%,N/A,N/A,N/A,N/A,N/A,N/A,N/A,N/A,N/A,N/A,N/A,N/A,N/A,N/A,NTC,N/A,N/A,N/A,N/A,N/A,N/A,N/A,N/A,"guangzhou , shenzhen ,ningbo",N/A,N/A,N/A,N/A,N/A,N/A,N/A,N/A,N/A,N/A,N/A
Hot Sale Automatic Cold Room Control Panel Box Cold Room Storage,https://www.alibaba.com/product-detail/Hot-Sale-Automatic-Cold-Room-Control_1601378133578.html,2025-02-19 16:51:33,N/A,N/A,N/A,N/A,N/A,N/A,N/A,"Plant, Food & Beverage Factory, Farms, Restaurant",N/A,N/A,N/A,"R22,R404A or others",N/A,N/A,Video technical support,N/A,N/A,N/A,Cold Room Freezer for Meat Chicken Vegetables Fish Cold Storage,N/A,"Fruits, vegetables, meat, beer,dairy,bread,etc.",N/A,N/A,N/A,N/A,N/A,N/A,N/A,N/A,N/A,N/A,High Productivity,N/A,"PLC, Pump, compressor",N/A,N/A,N/A,N/A,N/A,N/A,N/A,N/A,N/A,N/A,N/A,N/A,N/A,N/A,N/A,N/A,N/A,Provided,N/A,N/A,N/A,N/A,N/A,N/A,N/A,N/A,N/A,N/A,N/A,N/A,N/A,N/A,N/A,N/A,N/A,"110v,220v,380V,420v,440v",N/A,N/A,N/A,N/A,N/A,Provided,N/A,N/A,1 Year,N/A,N/A,N/A,N/A,N/A,N/A,N/A,N/A,N/A,N/A,N/A,N/A,N/A,N/A,N/A,N/A,N/A,N/A,N/A,N/A,N/A,"Jiangsu, China",N/A,N/A,N/A,N/A,N/A,N/A,N/A,N/A,N/A,"Bitzer,Emerson copeland,Danfoss,Tecumseh",N/A,N/A,"Bitzer, Copeland, Sanyo, TECUMSEH",N/A,N/A,N/A,N/A,N/A,N/A,N/A,N/A,N/A,N/A,N/A,N/A,N/A,N/A,N/A,Container,N/A,N/A,Fland,N/A,N/A,N/A,N/A,N/A,"75mm,100mm,120mm,150mm",Stainless steel or color steel,N/A,"hotels, Garment Shops, Building Material Shops",800,Insulating PU Panel,N/A,N/A,N/A,N/A,N/A,N/A,N/A,N/A,N/A,custom made,N/A,N/A,N/A,N/A,N/A,N/A,N/A,N/A,N/A,N/A,N/A,N/A,N/A,N/A,N/A,N/A,N/A,N/A,N/A,N/A,N/A,N/A,N/A,N/A,N/A,N/A,N/A,N/A,N/A,N/A,N/A,N/A,N/A,N/A,N/A,N/A,N/A,N/A,N/A,N/A
N/A,https://www.alibaba.com/product-detail/STC-200-Cold-Storage-Temperature-Controller_1600843133892.html,2025-02-19 16:51:42,N/A,N/A,N/A,N/A,N/A,N/A,N/A,N/A,N/A,N/A,N/A,N/A,N/A,N/A,N/A,N/A,N/A,N/A,N/A,N/A,N/A,N/A,N/A,N/A,N/A,N/A,N/A,N/A,STC-200,N/A,N/A,N/A,N/A,N/A,N/A,N/A,N/A,N/A,Single item,N/A,N/A,N/A,N/A,N/A,N/A,N/A,N/A,N/A,N/A,N/A,N/A,N/A,N/A,N/A,N/A,N/A,N/A,N/A,N/A,N/A,N/A,N/A,N/A,N/A,N/A,N/A,N/A,N/A,N/A,N/A,N/A,N/A,N/A,N/A,N/A,N/A,N/A,N/A,1years,22X22X20 cm,N/A,N/A,N/A,0.400 kg,N/A,N/A,N/A,N/A,N/A,N/A,N/A,N/A,N/A,N/A,N/A,N/A,N/A,N/A,N/A,N/A,"Guangdong, China",N/A,N/A,N/A,N/A,N/A,N/A,N/A,N/A,N/A,N/A,N/A,N/A,N/A,N/A,N/A,N/A,N/A,TEMPERATURE CONTROLLER,N/A,N/A,N/A,N/A,N/A,N/A,N/A,N/A,N/A,N/A,N/A,N/A,N/A,ZFX,N/A,N/A,N/A,N/A,N/A,N/A,N/A,N/A,N/A,N/A,N/A,N/A,N/A,N/A,N/A,N/A,N/A,N/A,N/A,N/A,N/A,N/A,N/A,N/A,N/A,N/A,N/A,N/A,N/A,-50℃~300℃(-58℉~+572℉),N/A,N/A,N/A,N/A,N/A,N/A,N/A,N/A,N/A,N/A,N/A,N/A,N/A,N/A,N/A,N/A,"OEM, ODM, OBM, Software reengineering",N/A,N/A,N/A,N/A,N/A,N/A,N/A,N/A,N/A,N/A,N/A,N/A,N/A,N/A
Custom Steel Cold Storage Control Electric Cabinet,https://www.alibaba.com/product-detail/Custom-Steel-Cold-Storage-Control-Electric_1600942212730.html,2025-02-19 16:51:52,N/A,N/A,N/A,N/A,N/A,N/A,N/A,N/A,N/A,N/A,N/A,N/A,N/A,N/A,N/A,N/A,N/A,N/A,N/A,N/A,N/A,N/A,N/A,N/A,N/A,N/A,N/A,N/A,N/A,3D/CAD/DWG//STEP/PDF,N/A,N/A,Shanghai,N/A,N/A,N/A,N/A,Electrical Parts,Single item,N/A,N/A,N/A,N/A,N/A,N/A,N/A,N/A,N/A,N/A,N/A,N/A,N/A,N/A,N/A,N/A,N/A,N/A,IP54,N/A,N/A,ZW-181,N/A,N/A,N/A,N/A,N/A,N/A,N/A,N/A,N/A,N/A,N/A,N/A,N/A,N/A,N/A,N/A,N/A,N/A,55X45X28 cm,N/A,N/A,Custom Color,16.000 kg,N/A,N/A,N/A,N/A,N/A,Control Box,Powder Coating,N/A,N/A,N/A,N/A,N/A,N/A,N/A,N/A,N/A,N/A,N/A,N/A,N/A,N/A,N/A,N/A,N/A,N/A,N/A,N/A,500*400*210mm(multi size),Outdoor Electronic Equipment,N/A,N/A,N/A,N/A,N/A,N/A,N/A,N/A,N/A,N/A,N/A,N/A,N/A,ZHUWEI,N/A,N/A,N/A,N/A,N/A,N/A,N/A,N/A,N/A,N/A,N/A,N/A,N/A,N/A,N/A,N/A,N/A,500*400*210mm,N/A,N/A,N/A,N/A,N/A,N/A,N/A,N/A,N/A,N/A,N/A,N/A,N/A,N/A,N/A,N/A,N/A,N/A,Accept Enclosure Customized,N/A,N/A,N/A,N/A,N/A,N/A,N/A,N/A,N/A,N/A,N/A,N/A,N/A,N/A,N/A,N/A,N/A,N/A,N/A,N/A,N/A,N/A,Steel,N/A,N/A,N/A,N/A,N/A,N/A,N/A
N/A,https://www.alibaba.com/product-detail/Modular-Cold-Storage-Room-with-PU_1601051227171.html,2025-02-19 16:52:04,N/A,N/A,N/A,N/A,N/A,Glass Sliding Door,N/A,N/A,N/A,N/A,N/A,N/A,N/A,N/A,N/A,N/A,N/A,N/A,N/A,N/A,N/A,N/A,N/A,N/A,N/A,N/A,Single-Temperature,N/A,fushan,N/A,N/A,N/A,N/A,N/A,N/A,N/A,N/A,N/A,Single item,N/A,N/A,N/A,N/A,N/A,N/A,N/A,N/A,N/A,N/A,N/A,N/A,N/A,N/A,N/A,N/A,N/A,N/A,N/A,N-ST,N/A,N/A,N/A,N/A,N/A,220V/50HZ,N/A,N/A,N/A,N/A,N/A,N/A,Semi-hermetic,N/A,N/A,R290a,N/A,N/A,N/A,N/A,129X74X85 cm,N/A,N/A,Customised,60.000 kg,N/A,N/A,N/A,N/A,N/A,N/A,N/A,N/A,N/A,N/A,N/A,N/A,N/A,N/A,N/A,N/A,"Shandong, China",N/A,N/A,N/A,N/A,N/A,N/A,N/A,N/A,10*10*3,N/A,N/A,N/A,N/A,N/A,N/A,N/A,320L,island freezer,N/A,N/A,N/A,N/A,N/A,N/A,N/A,N/A,N/A,N/A,N/A,N/A,N/A,Ling Fan,N/A,N/A,N/A,N/A,N/A,N/A,N/A,N/A,N/A,N/A,N/A,N/A,N/A,N/A,N/A,N/A,N/A,N/A,N/A,N/A,N/A,-18~-23℃,N/A,N/A,N/A,N/A,N/A,N/A,N/A,N/A,N/A,N/A,N/A,N/A,N/A,N/A,N/A,N/A,N/A,N/A,N/A,N/A,N/A,N/A,N/A,N/A,N/A,N/A,Supermarket Disply Showcase,N/A,N/A,N/A,N/A,Painted,N/A,N/A,12 monthes,N/A,N/A,N/A,N/A
