Product Title,Product URL,Date Scraped,Compressor brand,Cooling Area,core components,type,application,Product name,dimension(l*w*h),Model,Application,Fan Quantity,structure,power(w),Cold room doors,Inlet,Defrosting,Fan Pressure,Single gross weight:,Port,brand name,Supply Ability,Feature,area(㎡),Packaging Details,Fan Blade,Key words,Dimension(L*W*H),Warranty,key selling points,Noise,Motor Fan,Temperature,Panel thickness,Fan quantity,Temp controller,Fin Spacing,Type,refrigerant,voltage,Voltage,Single package size:,voltage(V),Air Flow,temperature,model number,panel thickness,Color,Original,mounting type,Brand,Power(W),weight (kg),Standard air cooler,Copper tube diameter,Fan Motor,Selling Units:,warranty,feature,Tube volume,video outgoing-inspection,Casing,Tem. range,Ref Refrigeration Capacity,Fan dia,Weight,Function,airflow,place of origin,MOQ,Usage,Cooling Type,Material,Refrigerant,Surface,machinery test report,Weight (KG),Panel material,Outlet,operating voltage,cooling capacity,Air Throw,model,Air Volume,compressor brand
BLT033-NC Ac Evaporator Coil for Cold Storage Freezer Evaporator Coil,https://www.alibaba.com/product-detail/BLT033-NC-Ac-Evaporator-Coil-for_60843624123.html,2025-02-19 15:37:41,N/A,N/A,N/A,Evaporator,Refrigeration Parts,Cold room air cooler,N/A,N/A,N/A,N/A,N/A,N/A,N/A,N/A,N/A,N/A,N/A,shanghai,BONH,1000 Piece/Pieces per   Month,N/A,N/A,the wooden packaging,N/A,N/A,N/A,1 Year,N/A,N/A,N/A,N/A,N/A,N/A,N/A,N/A,Medium-low capacity,N/A,N/A,220V/50HZ,N/A,N/A,N/A,N/A,N/A,N/A,White,Made in china,N/A,BONH,N/A,N/A,N/A,N/A,N/A,N/A,1 Year,N/A,N/A,N/A,N/A,N/A,N/A,N/A,35kg,refrigeration,N/A,"Jiangsu, China",N/A,N/A,N/A,Aluminum plate,N/A,N/A,N/A,N/A,N/A,N/A,N/A,N/A,N/A,N/A,N/A,N/A
220v Refrigeration Evaporative air Cooler for Cold Room Used Unit Cooler for Cold Room,https://www.alibaba.com/product-detail/220v-Refrigeration-Evaporative-Air-Cooler-For_1600317233163.html?s=p,2025-02-19 15:40:12,N/A,N/A,N/A,N/A,N/A,N/A,N/A,N/A,N/A,N/A,N/A,N/A,N/A,N/A,N/A,N/A,N/A,N/A,N/A,N/A,N/A,N/A,N/A,N/A,N/A,N/A,N/A,N/A,N/A,N/A,N/A,N/A,N/A,N/A,N/A,N/A,N/A,N/A,N/A,N/A,N/A,N/A,N/A,N/A,N/A,N/A,N/A,N/A,N/A,N/A,N/A,N/A,N/A,N/A,N/A,N/A,N/A,N/A,N/A,N/A,N/A,N/A,N/A,N/A,N/A,N/A,N/A,N/A,N/A,N/A,N/A,N/A,N/A,N/A,N/A,N/A,N/A,N/A,N/A,N/A,N/A,N/A,N/A
Air Cooling System Ammonia Industrial Dual Discharge Unit Cooler Cold Storage Use freon Low Temperature Fans Evaporator,https://www.alibaba.com/product-detail/Air-Cooling-System-Ammonia-Industrial-Dual_1601265100644.html,2025-02-19 15:40:36,N/A,N/A,N/A,N/A,N/A,N/A,N/A,N/A,N/A,N/A,N/A,N/A,N/A,N/A,N/A,N/A,N/A,N/A,N/A,N/A,N/A,N/A,N/A,N/A,N/A,N/A,N/A,N/A,N/A,N/A,N/A,N/A,N/A,N/A,N/A,N/A,N/A,N/A,N/A,N/A,N/A,N/A,N/A,N/A,N/A,N/A,N/A,N/A,N/A,N/A,N/A,N/A,N/A,N/A,N/A,N/A,N/A,N/A,N/A,N/A,N/A,N/A,N/A,N/A,N/A,N/A,N/A,N/A,N/A,N/A,N/A,N/A,N/A,N/A,N/A,N/A,N/A,N/A,N/A,N/A,N/A,N/A,N/A
20ft/40ft Minus 30 Degree Reefer Freezer Solar Powered Cold Storage Room Competitive Panel New Refrigerated Fridge Container,https://www.alibaba.com/product-detail/20ft-40ft-Minus-30-Degree-Reefer_1601358775078.html?s=p,2025-02-19 15:40:51,N/A,N/A,N/A,N/A,N/A,N/A,N/A,N/A,N/A,N/A,N/A,N/A,N/A,N/A,N/A,N/A,N/A,N/A,N/A,N/A,N/A,N/A,N/A,N/A,N/A,N/A,N/A,N/A,N/A,N/A,N/A,N/A,N/A,N/A,N/A,N/A,N/A,N/A,N/A,N/A,N/A,N/A,N/A,N/A,N/A,N/A,N/A,N/A,N/A,N/A,N/A,N/A,N/A,N/A,N/A,N/A,N/A,N/A,N/A,N/A,N/A,N/A,N/A,N/A,N/A,N/A,N/A,N/A,N/A,N/A,N/A,N/A,N/A,N/A,N/A,N/A,N/A,N/A,N/A,N/A,N/A,N/A,N/A
Beifeng Factory Cold Storage Air Cooler Walk in Freezer Evaporator Cold Room Indoor Units,https://www.alibaba.com/product-detail/Beifeng-Factory-Cold-Storage-Air-Cooler_1601282791499.html,2025-02-19 15:42:12,N/A,N/A,N/A,N/A,N/A,N/A,N/A,N/A,N/A,N/A,N/A,N/A,N/A,N/A,N/A,N/A,N/A,N/A,N/A,N/A,N/A,N/A,N/A,N/A,N/A,N/A,N/A,N/A,N/A,N/A,N/A,N/A,N/A,N/A,N/A,N/A,N/A,N/A,N/A,N/A,N/A,N/A,N/A,N/A,N/A,N/A,N/A,N/A,N/A,N/A,N/A,N/A,N/A,N/A,N/A,N/A,N/A,N/A,N/A,N/A,N/A,N/A,N/A,N/A,N/A,N/A,N/A,N/A,N/A,N/A,N/A,N/A,N/A,N/A,N/A,N/A,N/A,N/A,N/A,N/A,N/A,N/A,N/A
Manufacturer Wholesale Cold Room Refrigerator Freezer Evaporator Cold Storage Room,https://www.alibaba.com/product-detail/Manufacturer-Wholesale-Cold-Room-Refrigerator-Freezer_1601266171469.html,2025-02-19 15:42:32,N/A,N/A,N/A,N/A,N/A,N/A,N/A,N/A,N/A,N/A,N/A,N/A,N/A,N/A,N/A,N/A,N/A,N/A,N/A,N/A,N/A,N/A,N/A,N/A,N/A,N/A,N/A,N/A,N/A,N/A,N/A,N/A,N/A,N/A,N/A,N/A,N/A,N/A,N/A,N/A,N/A,N/A,N/A,N/A,N/A,N/A,N/A,N/A,N/A,N/A,N/A,N/A,N/A,N/A,N/A,N/A,N/A,N/A,N/A,N/A,N/A,N/A,N/A,N/A,N/A,N/A,N/A,N/A,N/A,N/A,N/A,N/A,N/A,N/A,N/A,N/A,N/A,N/A,N/A,N/A,N/A,N/A,N/A
Server Liquid Immersion Cooling System Dry Water Fan Type Air Cooler Industrial Evaporator for Cold Freezer Storage Room,https://www.alibaba.com/product-detail/Server-Liquid-Immersion-Cooling-System-Dry_1600985632131.html,2025-02-19 15:42:53,N/A,N/A,N/A,N/A,N/A,N/A,N/A,N/A,N/A,N/A,N/A,N/A,N/A,N/A,N/A,N/A,N/A,N/A,N/A,N/A,N/A,N/A,N/A,N/A,N/A,N/A,N/A,N/A,N/A,N/A,N/A,N/A,N/A,N/A,N/A,N/A,N/A,N/A,N/A,N/A,N/A,N/A,N/A,N/A,N/A,N/A,N/A,N/A,N/A,N/A,N/A,N/A,N/A,N/A,N/A,N/A,N/A,N/A,N/A,N/A,N/A,N/A,N/A,N/A,N/A,N/A,N/A,N/A,N/A,N/A,N/A,N/A,N/A,N/A,N/A,N/A,N/A,N/A,N/A,N/A,N/A,N/A,N/A
Evaporative Condenser Cold Storage Refrigeration Three or Seven Effect Evaporative Cooling Closed Cycle Cooling Ammonia System,https://www.alibaba.com/product-detail/Evaporative-Condenser-Cold-Storage-Refrigeration-Three_1601264729285.html,2025-02-19 15:43:19,N/A,N/A,N/A,N/A,N/A,N/A,N/A,N/A,N/A,N/A,N/A,N/A,N/A,N/A,N/A,N/A,N/A,N/A,N/A,N/A,N/A,N/A,N/A,N/A,N/A,N/A,N/A,N/A,N/A,N/A,N/A,N/A,N/A,N/A,N/A,N/A,N/A,N/A,N/A,N/A,N/A,N/A,N/A,N/A,N/A,N/A,N/A,N/A,N/A,N/A,N/A,N/A,N/A,N/A,N/A,N/A,N/A,N/A,N/A,N/A,N/A,N/A,N/A,N/A,N/A,N/A,N/A,N/A,N/A,N/A,N/A,N/A,N/A,N/A,N/A,N/A,N/A,N/A,N/A,N/A,N/A,N/A,N/A
Chinese Factory Price Cold Room Storage Portable Cold Room for Frozen Food,https://www.alibaba.com/product-detail/Chinese-Factory-Price-Cold-Room-Storage_1601266028717.html?s=p,2025-02-19 15:43:40,N/A,N/A,N/A,N/A,N/A,N/A,N/A,N/A,N/A,N/A,N/A,N/A,N/A,N/A,N/A,N/A,N/A,N/A,N/A,N/A,N/A,N/A,N/A,N/A,N/A,N/A,N/A,N/A,N/A,N/A,N/A,N/A,N/A,N/A,N/A,N/A,N/A,N/A,N/A,N/A,N/A,N/A,N/A,N/A,N/A,N/A,N/A,N/A,N/A,N/A,N/A,N/A,N/A,N/A,N/A,N/A,N/A,N/A,N/A,N/A,N/A,N/A,N/A,N/A,N/A,N/A,N/A,N/A,N/A,N/A,N/A,N/A,N/A,N/A,N/A,N/A,N/A,N/A,N/A,N/A,N/A,N/A,N/A
DD DJ DL  Double Row Floor Standing Cold Room Evaporator Industrial Evaporator Evaporator for Cold Storage,https://www.alibaba.com/product-detail/DD-DJ-DL-Double-Row-Floor_1601158660447.html,2025-02-19 15:43:58,N/A,N/A,N/A,N/A,N/A,N/A,N/A,N/A,N/A,N/A,N/A,N/A,N/A,N/A,N/A,N/A,N/A,N/A,N/A,N/A,N/A,N/A,N/A,N/A,N/A,N/A,N/A,N/A,N/A,N/A,N/A,N/A,N/A,N/A,N/A,N/A,N/A,N/A,N/A,N/A,N/A,N/A,N/A,N/A,N/A,N/A,N/A,N/A,N/A,N/A,N/A,N/A,N/A,N/A,N/A,N/A,N/A,N/A,N/A,N/A,N/A,N/A,N/A,N/A,N/A,N/A,N/A,N/A,N/A,N/A,N/A,N/A,N/A,N/A,N/A,N/A,N/A,N/A,N/A,N/A,N/A,N/A,N/A
N/A,https://www.alibaba.com/product-detail/Outstanding-Quality-Cold-Room-Freezer-Cold_1601266274253.html?s=p,2025-02-19 15:44:23,N/A,N/A,N/A,N/A,N/A,N/A,N/A,N/A,N/A,N/A,N/A,N/A,N/A,N/A,N/A,N/A,N/A,N/A,N/A,N/A,N/A,N/A,N/A,N/A,N/A,N/A,N/A,N/A,N/A,N/A,N/A,N/A,N/A,N/A,N/A,N/A,N/A,N/A,N/A,N/A,N/A,N/A,N/A,N/A,N/A,N/A,N/A,N/A,N/A,N/A,N/A,N/A,N/A,N/A,N/A,N/A,N/A,N/A,N/A,N/A,N/A,N/A,N/A,N/A,N/A,N/A,N/A,N/A,N/A,N/A,N/A,N/A,N/A,N/A,N/A,N/A,N/A,N/A,N/A,N/A,N/A,N/A,N/A
R22 R404A Cold Room Refrigeration Evaporative 2 Fan Air Cooler Evaporator for Storage Room,https://www.alibaba.com/product-detail/R22-R404A-Cold-Room-Refrigeration-Evaporative_62566810012.html,2025-02-19 15:44:37,N/A,N/A,N/A,N/A,N/A,N/A,N/A,N/A,N/A,N/A,N/A,N/A,N/A,N/A,N/A,N/A,N/A,N/A,N/A,N/A,N/A,N/A,N/A,N/A,N/A,N/A,N/A,N/A,N/A,N/A,N/A,N/A,N/A,N/A,N/A,N/A,N/A,N/A,N/A,N/A,N/A,N/A,N/A,N/A,N/A,N/A,N/A,N/A,N/A,N/A,N/A,N/A,N/A,N/A,N/A,N/A,N/A,N/A,N/A,N/A,N/A,N/A,N/A,N/A,N/A,N/A,N/A,N/A,N/A,N/A,N/A,N/A,N/A,N/A,N/A,N/A,N/A,N/A,N/A,N/A,N/A,N/A,N/A
Cold Room Manufacturers Display Cold Room Glass Door Walk in Cooler Freezer,https://www.alibaba.com/product-detail/Cold-Room-Manufacturers-Display-Cold-Room_1601158139569.html?s=p,2025-02-19 15:45:01,N/A,N/A,N/A,N/A,N/A,N/A,N/A,N/A,N/A,N/A,N/A,N/A,N/A,N/A,N/A,N/A,N/A,N/A,N/A,N/A,N/A,N/A,N/A,N/A,N/A,N/A,N/A,N/A,N/A,N/A,N/A,N/A,N/A,N/A,N/A,N/A,N/A,N/A,N/A,N/A,N/A,N/A,N/A,N/A,N/A,N/A,N/A,N/A,N/A,N/A,N/A,N/A,N/A,N/A,N/A,N/A,N/A,N/A,N/A,N/A,N/A,N/A,N/A,N/A,N/A,N/A,N/A,N/A,N/A,N/A,N/A,N/A,N/A,N/A,N/A,N/A,N/A,N/A,N/A,N/A,N/A,N/A,N/A
Industrial Cold Storage Machine Air Cooler Refrigeration Equipment Evaporator Units,https://www.alibaba.com/product-detail/Industrial-Cold-Storage-Machine-Air-Cooler_1600300348562.html,2025-02-19 15:45:17,N/A,N/A,N/A,N/A,N/A,N/A,N/A,N/A,N/A,N/A,N/A,N/A,N/A,N/A,N/A,N/A,N/A,N/A,N/A,N/A,N/A,N/A,N/A,N/A,N/A,N/A,N/A,N/A,N/A,N/A,N/A,N/A,N/A,N/A,N/A,N/A,N/A,N/A,N/A,N/A,N/A,N/A,N/A,N/A,N/A,N/A,N/A,N/A,N/A,N/A,N/A,N/A,N/A,N/A,N/A,N/A,N/A,N/A,N/A,N/A,N/A,N/A,N/A,N/A,N/A,N/A,N/A,N/A,N/A,N/A,N/A,N/A,N/A,N/A,N/A,N/A,N/A,N/A,N/A,N/A,N/A,N/A,N/A
Logistics Cold Storage Freezer Cold Room Project Walk in Chiller and Cooler for Warehouse,https://www.alibaba.com/product-detail/Logistics-Cold-Storage-Freezer-Cold-Room_1601289478506.html?s=p,2025-02-19 15:45:36,N/A,N/A,N/A,N/A,N/A,N/A,N/A,N/A,N/A,N/A,N/A,N/A,N/A,N/A,N/A,N/A,N/A,N/A,N/A,N/A,N/A,N/A,N/A,N/A,N/A,N/A,N/A,N/A,N/A,N/A,N/A,N/A,N/A,N/A,N/A,N/A,N/A,N/A,N/A,N/A,N/A,N/A,N/A,N/A,N/A,N/A,N/A,N/A,N/A,N/A,N/A,N/A,N/A,N/A,N/A,N/A,N/A,N/A,N/A,N/A,N/A,N/A,N/A,N/A,N/A,N/A,N/A,N/A,N/A,N/A,N/A,N/A,N/A,N/A,N/A,N/A,N/A,N/A,N/A,N/A,N/A,N/A,N/A
2025 Hot Sale Two Axial Fan Cold Storage Room Evaporator With Low Noisy,https://www.alibaba.com/product-detail/2025-Hot-Sale-Two-Axial-Fan_60776266893.html,2025-02-19 15:45:59,N/A,N/A,N/A,Evaporator,Refrigeration Parts,N/A,N/A,N/A,N/A,N/A,N/A,N/A,N/A,N/A,N/A,N/A,40.000 kg,N/A,Techco for cold room evaporator,N/A,N/A,N/A,N/A,N/A,N/A,N/A,N/A,N/A,N/A,N/A,N/A,N/A,N/A,N/A,N/A,N/A,N/A,N/A,N/A,20X40X40 cm,N/A,N/A,N/A,N/A,N/A,N/A,N/A,N/A,N/A,N/A,N/A,N/A,N/A,N/A,Single item,2 years,N/A,N/A,Provided,N/A,N/A,N/A,N/A,N/A,N/A,N/A,"Jiangsu, China",N/A,N/A,N/A,N/A,N/A,N/A,Provided,N/A,N/A,N/A,N/A,N/A,N/A,N/A,N/A,N/A
Customized Industrial Cold Room Walk-In Freezer New Condition Refrigerator for Fish and Meat Small Cold Storage,https://www.alibaba.com/product-detail/Customized-Industrial-Cold-Room-Walk-In_1601297072396.html?s=p,2025-02-19 15:46:15,N/A,N/A,N/A,N/A,N/A,N/A,N/A,N/A,N/A,N/A,N/A,N/A,N/A,N/A,N/A,N/A,N/A,N/A,N/A,N/A,N/A,N/A,N/A,N/A,N/A,N/A,N/A,N/A,N/A,N/A,N/A,N/A,N/A,N/A,N/A,N/A,N/A,N/A,N/A,N/A,N/A,N/A,N/A,N/A,N/A,N/A,N/A,N/A,N/A,N/A,N/A,N/A,N/A,N/A,N/A,N/A,N/A,N/A,N/A,N/A,N/A,N/A,N/A,N/A,N/A,N/A,N/A,N/A,N/A,N/A,N/A,N/A,N/A,N/A,N/A,N/A,N/A,N/A,N/A,N/A,N/A,N/A,N/A
Good Price Cooling Room Heater Defrost Refrigeration Air Cooler Evaporator for Cold Storage Room,https://www.alibaba.com/product-detail/Good-Price-Cooling-Room-Heater-Defrost_1600237778028.html,2025-02-19 15:46:30,N/A,N/A,N/A,N/A,N/A,N/A,N/A,N/A,N/A,N/A,N/A,N/A,N/A,N/A,N/A,N/A,N/A,N/A,N/A,N/A,N/A,N/A,N/A,N/A,N/A,N/A,N/A,N/A,N/A,N/A,N/A,N/A,N/A,N/A,N/A,N/A,N/A,N/A,N/A,N/A,N/A,N/A,N/A,N/A,N/A,N/A,N/A,N/A,N/A,N/A,N/A,N/A,N/A,N/A,N/A,N/A,N/A,N/A,N/A,N/A,N/A,N/A,N/A,N/A,N/A,N/A,N/A,N/A,N/A,N/A,N/A,N/A,N/A,N/A,N/A,N/A,N/A,N/A,N/A,N/A,N/A,N/A,N/A
Walk in Cold Room for Meat Fish Cooling Room Cold Storage Coldroom Frozen Food Cold Room,https://www.alibaba.com/product-detail/Walk-In-Cold-Room-For-Meat_1601104018212.html?s=p,2025-02-19 15:47:10,Original world famous compressors,N/A,"Pressure vessel, motor, Pump, Engine",N/A,N/A,N/A,Up to you,N/A,N/A,N/A,N/A,N/A,"Returen door, Hinged door, Sliding door, etc",N/A,N/A,N/A,kg,N/A,CRYO SYSTEMS,N/A,N/A,N/A,N/A,N/A,N/A,N/A,N/A,Energy saving,N/A,N/A,N/A,"75, 100, 120, 150mm",N/A,Dixell,N/A,N/A,N/A,380V/3P/50Hz or 220V/1P/50Hz,N/A,XX cm,N/A,N/A,"-5~+5, -5~-18, <=-18 °C",N/A,"100MM, 200mm, 120mm, 75mm, 50MM",N/A,N/A,N/A,Cryo Systems,N/A,N/A,From one fan to four fans,N/A,N/A,Single item,1 Year,Good Cooling Capacity,N/A,Provided,N/A,"-5~+5, -5~-18, <=-18 °C",N/A,N/A,N/A,N/A,N/A,"Shanghai, China",N/A,"Meat, Food, Sea Food, Fish, etc",N/A,N/A,R404A,N/A,Provided,N/A,Pu (polyurethane),N/A,N/A,2.5ton,N/A,N/A,N/A,Original world famous compressors
New Airflow Air Cooler Cold Storage Industrial Evaporative Air Cooler,https://www.alibaba.com/product-detail/New-Airflow-Air-Cooler-Cold-Storage_1601292429334.html,2025-02-19 15:47:32,N/A,N/A,N/A,N/A,N/A,N/A,N/A,N/A,N/A,N/A,N/A,N/A,N/A,N/A,N/A,N/A,N/A,N/A,N/A,N/A,N/A,N/A,N/A,N/A,N/A,N/A,N/A,N/A,N/A,N/A,N/A,N/A,N/A,N/A,N/A,N/A,N/A,N/A,N/A,N/A,N/A,N/A,N/A,N/A,N/A,N/A,N/A,N/A,N/A,N/A,N/A,N/A,N/A,N/A,N/A,N/A,N/A,N/A,N/A,N/A,N/A,N/A,N/A,N/A,N/A,N/A,N/A,N/A,N/A,N/A,N/A,N/A,N/A,N/A,N/A,N/A,N/A,N/A,N/A,N/A,N/A,N/A,N/A
Restaurant Cold Room Customized Size for Vegetable and Fruit or Frozen Meat,https://www.alibaba.com/product-detail/Restaurant-Cold-Room-Customized-Size-For_1601053804823.html?s=p,2025-02-19 15:47:48,N/A,N/A,N/A,N/A,N/A,N/A,N/A,N/A,N/A,N/A,N/A,N/A,N/A,N/A,N/A,N/A,N/A,N/A,N/A,N/A,N/A,N/A,N/A,N/A,N/A,N/A,N/A,N/A,N/A,N/A,N/A,N/A,N/A,N/A,N/A,N/A,N/A,N/A,N/A,N/A,N/A,N/A,N/A,N/A,N/A,N/A,N/A,N/A,N/A,N/A,N/A,N/A,N/A,N/A,N/A,N/A,N/A,N/A,N/A,N/A,N/A,N/A,N/A,N/A,N/A,N/A,N/A,N/A,N/A,N/A,N/A,N/A,N/A,N/A,N/A,N/A,N/A,N/A,N/A,N/A,N/A,N/A,N/A
Cold Room Evaporator Cold Storage Air Cooler Blast Freezer,https://www.alibaba.com/product-detail/Cold-Room-Evaporator-Cold-Storage-Air_1600955511543.html,2025-02-19 15:48:04,N/A,N/A,N/A,N/A,N/A,N/A,N/A,N/A,N/A,N/A,N/A,N/A,N/A,N/A,N/A,N/A,N/A,N/A,N/A,N/A,N/A,N/A,N/A,N/A,N/A,N/A,N/A,N/A,N/A,N/A,N/A,N/A,N/A,N/A,N/A,N/A,N/A,N/A,N/A,N/A,N/A,N/A,N/A,N/A,N/A,N/A,N/A,N/A,N/A,N/A,N/A,N/A,N/A,N/A,N/A,N/A,N/A,N/A,N/A,N/A,N/A,N/A,N/A,N/A,N/A,N/A,N/A,N/A,N/A,N/A,N/A,N/A,N/A,N/A,N/A,N/A,N/A,N/A,N/A,N/A,N/A,N/A,N/A
Factory Direct Oem Accept Metal Low Noise Evaporator Air Cooler for Cold Storage,https://www.alibaba.com/product-detail/Factory-Direct-Oem-Accept-Metal-Low_1600962976137.html,2025-02-19 15:48:49,N/A,N/A,N/A,N/A,N/A,N/A,N/A,N/A,N/A,N/A,N/A,N/A,N/A,N/A,N/A,N/A,N/A,N/A,N/A,N/A,N/A,N/A,N/A,N/A,N/A,N/A,N/A,N/A,N/A,N/A,N/A,N/A,N/A,N/A,N/A,N/A,N/A,N/A,N/A,N/A,N/A,N/A,N/A,N/A,N/A,N/A,N/A,N/A,N/A,N/A,N/A,N/A,N/A,N/A,N/A,N/A,N/A,N/A,N/A,N/A,N/A,N/A,N/A,N/A,N/A,N/A,N/A,N/A,N/A,N/A,N/A,N/A,N/A,N/A,N/A,N/A,N/A,N/A,N/A,N/A,N/A,N/A,N/A
N/A,https://www.alibaba.com/product-detail/Air-Conditioning-Plate-Type-Coil-Copper_1600430644074.html,2025-02-19 15:52:51,N/A,N/A,N/A,Evaporator,N/A,N/A,N/A,N/A,N/A,N/A,N/A,N/A,N/A,N/A,N/A,N/A,N/A,N/A,N/A,N/A,N/A,N/A,N/A,N/A,N/A,N/A,N/A,N/A,N/A,N/A,N/A,N/A,N/A,N/A,N/A,N/A,N/A,N/A,N/A,N/A,N/A,N/A,N/A,N/A,N/A,N/A,N/A,N/A,N/A,N/A,N/A,N/A,N/A,N/A,N/A,N/A,N/A,N/A,N/A,N/A,N/A,N/A,N/A,N/A,N/A,N/A,N/A,N/A,N/A,N/A,N/A,N/A,N/A,N/A,N/A,N/A,N/A,N/A,N/A,N/A,N/A,N/A,N/A
N/A,https://www.alibaba.com/product-detail/Donpos-New-Energy-Saving-Aluminum-Alloy_1601154455200.html,2025-02-19 15:53:57,N/A,N/A,N/A,EVAPORATIVE AIR COOLER,N/A,N/A,N/A,N/A,N/A,N/A,N/A,N/A,N/A,N/A,N/A,N/A,N/A,N/A,N/A,N/A,N/A,N/A,N/A,N/A,N/A,N/A,N/A,N/A,N/A,N/A,N/A,N/A,N/A,N/A,N/A,N/A,N/A,N/A,N/A,N/A,N/A,N/A,N/A,N/A,N/A,N/A,N/A,N/A,N/A,N/A,N/A,N/A,N/A,N/A,N/A,N/A,N/A,N/A,N/A,N/A,N/A,N/A,N/A,N/A,N/A,N/A,N/A,N/A,N/A,N/A,N/A,N/A,N/A,N/A,N/A,N/A,N/A,N/A,N/A,N/A,N/A,N/A,N/A
Energy-Saving Cold Storage Evaporator for Food Export,https://www.alibaba.com/product-detail/Energy-Saving-Cold-Storage-Evaporator-for_1601378815899.html,2025-02-19 15:54:39,N/A,N/A,N/A,N/A,N/A,N/A,N/A,N/A,N/A,N/A,N/A,N/A,N/A,N/A,N/A,N/A,N/A,N/A,N/A,N/A,N/A,N/A,N/A,N/A,N/A,N/A,N/A,N/A,N/A,N/A,N/A,N/A,N/A,N/A,N/A,N/A,N/A,N/A,N/A,N/A,N/A,N/A,N/A,N/A,N/A,N/A,N/A,N/A,N/A,N/A,N/A,N/A,N/A,N/A,N/A,N/A,N/A,N/A,N/A,N/A,N/A,N/A,N/A,N/A,N/A,N/A,N/A,N/A,N/A,N/A,N/A,N/A,N/A,N/A,N/A,N/A,N/A,N/A,N/A,N/A,N/A,N/A,N/A
N/A,https://www.alibaba.com/product-detail/Factory-Price-8HP10HP-Air-cooled-Condenser_1601197244056.html,2025-02-19 15:55:24,N/A,N/A,N/A,N/A,N/A,N/A,N/A,N/A,N/A,N/A,N/A,N/A,N/A,N/A,N/A,N/A,N/A,N/A,N/A,N/A,N/A,N/A,N/A,N/A,N/A,N/A,N/A,N/A,N/A,N/A,N/A,N/A,N/A,N/A,N/A,N/A,N/A,N/A,N/A,N/A,N/A,N/A,N/A,N/A,N/A,N/A,N/A,N/A,N/A,N/A,N/A,N/A,N/A,N/A,N/A,N/A,N/A,N/A,N/A,N/A,N/A,N/A,N/A,N/A,N/A,N/A,N/A,N/A,N/A,N/A,N/A,N/A,N/A,N/A,N/A,N/A,N/A,N/A,N/A,N/A,N/A,N/A,N/A
Factory Direct Sale Deep Cold Storage 110V Ac Electric 12V Cooling Refrigerator Freezer Dc Evaporator Fan Motor Supplier,https://www.alibaba.com/product-detail/Factory-Direct-Sale-Deep-Cold-Storage_1600921250193.html,2025-02-19 15:56:20,N/A,N/A,N/A,N/A,N/A,N/A,N/A,N/A,N/A,N/A,N/A,N/A,N/A,N/A,N/A,N/A,N/A,N/A,N/A,N/A,N/A,N/A,N/A,N/A,N/A,N/A,N/A,N/A,N/A,N/A,N/A,N/A,N/A,N/A,N/A,N/A,N/A,N/A,N/A,N/A,N/A,N/A,N/A,N/A,N/A,N/A,N/A,N/A,N/A,N/A,N/A,N/A,N/A,N/A,N/A,N/A,N/A,N/A,N/A,N/A,N/A,N/A,N/A,N/A,N/A,N/A,N/A,N/A,N/A,N/A,N/A,N/A,N/A,N/A,N/A,N/A,N/A,N/A,N/A,N/A,N/A,N/A,N/A
N/A,https://www.alibaba.com/product-detail/DD12-2-Fans-Cold-Storage-air_60576470365.html,2025-02-19 15:57:03,N/A,N/A,N/A,N/A,N/A,N/A,N/A,N/A,N/A,N/A,N/A,N/A,N/A,N/A,N/A,N/A,N/A,N/A,N/A,N/A,N/A,N/A,N/A,N/A,N/A,N/A,N/A,N/A,N/A,N/A,N/A,N/A,N/A,N/A,N/A,N/A,N/A,N/A,N/A,N/A,N/A,N/A,N/A,N/A,N/A,N/A,N/A,N/A,N/A,N/A,N/A,N/A,N/A,N/A,N/A,N/A,N/A,N/A,N/A,N/A,N/A,N/A,N/A,N/A,N/A,N/A,N/A,N/A,N/A,N/A,N/A,N/A,N/A,N/A,N/A,N/A,N/A,N/A,N/A,N/A,N/A,N/A,N/A
High Quality Cold Storage  Industrial Air Cooler Evaporator With Fan for Cold Room,https://www.alibaba.com/product-detail/High-Quality-Cold-Storage-Industrial-Air_1601289111651.html,2025-02-19 15:57:27,N/A,N/A,N/A,N/A,N/A,N/A,N/A,N/A,N/A,N/A,N/A,N/A,N/A,N/A,N/A,N/A,N/A,N/A,N/A,N/A,N/A,N/A,N/A,N/A,N/A,N/A,N/A,N/A,N/A,N/A,N/A,N/A,N/A,N/A,N/A,N/A,N/A,N/A,N/A,N/A,N/A,N/A,N/A,N/A,N/A,N/A,N/A,N/A,N/A,N/A,N/A,N/A,N/A,N/A,N/A,N/A,N/A,N/A,N/A,N/A,N/A,N/A,N/A,N/A,N/A,N/A,N/A,N/A,N/A,N/A,N/A,N/A,N/A,N/A,N/A,N/A,N/A,N/A,N/A,N/A,N/A,N/A,N/A
"2HP, -18 Degree, 20CBM Evaporator Storage Evaporative Condenser Meat Cold Room",https://www.alibaba.com/product-detail/2HP-18-Degree-20CBM-Evaporator-Storage_1601008945716.html,2025-02-19 15:57:42,N/A,N/A,N/A,N/A,N/A,N/A,N/A,N/A,N/A,N/A,N/A,N/A,N/A,N/A,N/A,N/A,N/A,N/A,N/A,N/A,N/A,N/A,N/A,N/A,N/A,N/A,N/A,N/A,N/A,N/A,N/A,N/A,N/A,N/A,N/A,N/A,N/A,N/A,N/A,N/A,N/A,N/A,N/A,N/A,N/A,N/A,N/A,N/A,N/A,N/A,N/A,N/A,N/A,N/A,N/A,N/A,N/A,N/A,N/A,N/A,N/A,N/A,N/A,N/A,N/A,N/A,N/A,N/A,N/A,N/A,N/A,N/A,N/A,N/A,N/A,N/A,N/A,N/A,N/A,N/A,N/A,N/A,N/A
Ceiling Type Roof Mounted Evaporative Air Cooler Evaporator for Cold Storage DD 22,https://www.alibaba.com/product-detail/Ceiling-Type-Roof-Mounted-Evaporative-Air_1601269475613.html,2025-02-19 15:57:58,N/A,N/A,N/A,N/A,N/A,N/A,N/A,N/A,N/A,N/A,N/A,N/A,N/A,N/A,N/A,N/A,N/A,N/A,N/A,N/A,N/A,N/A,N/A,N/A,N/A,N/A,N/A,N/A,N/A,N/A,N/A,N/A,N/A,N/A,N/A,N/A,N/A,N/A,N/A,N/A,N/A,N/A,N/A,N/A,N/A,N/A,N/A,N/A,N/A,N/A,N/A,N/A,N/A,N/A,N/A,N/A,N/A,N/A,N/A,N/A,N/A,N/A,N/A,N/A,N/A,N/A,N/A,N/A,N/A,N/A,N/A,N/A,N/A,N/A,N/A,N/A,N/A,N/A,N/A,N/A,N/A,N/A,N/A
AC DC Fan Supply Air Cooler Evaporator Condenser Cooling Storage Refrigeration Heat Exchange Components for Cold Room,https://www.alibaba.com/product-detail/AC-DC-Fan-Supply-Air-Cooler_1601290043106.html,2025-02-19 15:58:14,N/A,N/A,N/A,N/A,N/A,N/A,N/A,N/A,N/A,N/A,N/A,N/A,N/A,N/A,N/A,N/A,N/A,N/A,N/A,N/A,N/A,N/A,N/A,N/A,N/A,N/A,N/A,N/A,N/A,N/A,N/A,N/A,N/A,N/A,N/A,N/A,N/A,N/A,N/A,N/A,N/A,N/A,N/A,N/A,N/A,N/A,N/A,N/A,N/A,N/A,N/A,N/A,N/A,N/A,N/A,N/A,N/A,N/A,N/A,N/A,N/A,N/A,N/A,N/A,N/A,N/A,N/A,N/A,N/A,N/A,N/A,N/A,N/A,N/A,N/A,N/A,N/A,N/A,N/A,N/A,N/A,N/A,N/A
Double Side Blow Air Cooler Industrial Refrigerator Evaporator for Vegetable Cold Storage Room,https://www.alibaba.com/product-detail/Double-Side-Blow-Air-Cooler-Industrial_1601377219585.html,2025-02-19 15:58:41,N/A,N/A,motor,N/A,N/A,N/A,N/A,N/A,N/A,N/A,Tube Heat Exchanger,N/A,N/A,N/A,N/A,N/A,N/A,N/A,CHENDA,N/A,N/A,N/A,N/A,N/A,N/A,N/A,N/A,N/A,N/A,N/A,N/A,N/A,N/A,N/A,N/A,N/A,N/A,"110V, 220V, 380V, 240V",N/A,N/A,N/A,N/A,N/A,N/A,N/A,N/A,N/A,N/A,N/A,N/A,N/A,N/A,N/A,N/A,N/A,1 Year,N/A,N/A,Provided,N/A,N/A,N/A,N/A,N/A,N/A,N/A,"Zhejiang, China",N/A,N/A,N/A,Aluminium fins and Copper tube,N/A,N/A,Provided,30,N/A,N/A,N/A,N/A,N/A,N/A,N/A,N/A
Chiller Cold Room Storage Unit Cooler Air Cooler Evaporator Condensing Unit for Cake Beer Storage,https://www.alibaba.com/product-detail/Chiller-Cold-Room-Storage-Unit-Cooler_1601017454238.html,2025-02-19 15:58:58,N/A,N/A,N/A,N/A,N/A,N/A,N/A,N/A,N/A,N/A,N/A,N/A,N/A,N/A,N/A,N/A,N/A,N/A,N/A,N/A,N/A,N/A,N/A,N/A,N/A,N/A,N/A,N/A,N/A,N/A,N/A,N/A,N/A,N/A,N/A,N/A,N/A,N/A,N/A,N/A,N/A,N/A,N/A,N/A,N/A,N/A,N/A,N/A,N/A,N/A,N/A,N/A,N/A,N/A,N/A,N/A,N/A,N/A,N/A,N/A,N/A,N/A,N/A,N/A,N/A,N/A,N/A,N/A,N/A,N/A,N/A,N/A,N/A,N/A,N/A,N/A,N/A,N/A,N/A,N/A,N/A,N/A,N/A
Factory Price Aluminum Tube Calandria Evaporator for Aquatic Product Cold Storage,https://www.alibaba.com/product-detail/Factory-Price-Aluminum-Tube-Calandria-Evaporator_60815776024.html,2025-02-19 15:59:20,N/A,N/A,N/A,N/A,N/A,N/A,N/A,N/A,N/A,N/A,N/A,N/A,N/A,N/A,N/A,N/A,N/A,N/A,N/A,N/A,N/A,N/A,N/A,N/A,N/A,N/A,N/A,N/A,N/A,N/A,N/A,N/A,N/A,N/A,N/A,N/A,N/A,N/A,N/A,N/A,N/A,N/A,N/A,N/A,N/A,N/A,N/A,N/A,N/A,N/A,N/A,N/A,N/A,N/A,N/A,N/A,N/A,N/A,N/A,N/A,N/A,N/A,N/A,N/A,N/A,N/A,N/A,N/A,N/A,N/A,N/A,N/A,N/A,N/A,N/A,N/A,N/A,N/A,N/A,N/A,N/A,N/A,N/A
Factory Direct Supply Ceiling-mounted Air Cooler Evaporator for Cold Storage Evaporative Air Cooler Freeze Dryer,https://www.alibaba.com/product-detail/Factory-Direct-Supply-Ceiling-mounted-Air_1600704239768.html,2025-02-19 15:59:31,N/A,N/A,Fan,AIR COOLER,N/A,Evaporators Air Cooler,Depending on the type,N/A,Cold Storage Room Freezer Room,N/A,N/A,N/A,N/A,N/A,N/A,N/A,N/A,Shanghai or Ningbo,BLK,100 Set/Sets per   Month,High Efficiency,N/A,Container packing,N/A,N/A,N/A,N/A,Long Service Life,N/A,N/A,N/A,N/A,3,N/A,N/A,N/A,N/A,N/A,N/A,N/A,N/A,N/A,N/A,N/A,N/A,White Silvery,N/A,Ceiling Mount,N/A,N/A,200 KG,N/A,N/A,N/A,N/A,1 Year,N/A,N/A,Provided,N/A,N/A,N/A,N/A,N/A,Air Conditioner Terminal Unit,Depending on the type,China,N/A,Commercial Appliances,N/A,N/A,N/A,N/A,Provided,N/A,N/A,N/A,Depending on the type,N/A,N/A,N/A,N/A,N/A
Industrial air Cooler  Unit Cooler for Cold Room  Evaporator for Cold Storage,https://www.alibaba.com/product-detail/Industrial-air-Cooler-Unit-Cooler-for_62099395492.html,2025-02-19 15:59:47,N/A,N/A,N/A,N/A,N/A,N/A,N/A,N/A,N/A,N/A,N/A,N/A,N/A,N/A,N/A,N/A,N/A,N/A,N/A,N/A,N/A,N/A,N/A,N/A,N/A,N/A,N/A,N/A,N/A,N/A,N/A,N/A,N/A,N/A,N/A,N/A,N/A,N/A,N/A,N/A,N/A,N/A,N/A,N/A,N/A,N/A,N/A,N/A,N/A,N/A,N/A,N/A,N/A,N/A,N/A,N/A,N/A,N/A,N/A,N/A,N/A,N/A,N/A,N/A,N/A,N/A,N/A,N/A,N/A,N/A,N/A,N/A,N/A,N/A,N/A,N/A,N/A,N/A,N/A,N/A,N/A,N/A,N/A
DD 140 Industrial Evaporator Air Cooler Fan Type for Cold Storage Room Freezer Stainless Steel Fan Motor,https://www.alibaba.com/product-detail/DD-140-Industrial-Evaporator-Air-Cooler_1600925456086.html,2025-02-19 16:00:03,N/A,140 m2,"motor, Fan",N/A,N/A,N/A,N/A,N/A,N/A,4,N/A,N/A,N/A,N/A,N/A,105 pa,N/A,Tian Jin/Qing Dao/Shanghai,HYTTA - Yuanshenghetong,600 Set/Sets per   Month,N/A,N/A,Standard Export Packing,N/A,N/A,N/A,N/A,N/A,N/A,N/A,N/A,N/A,N/A,N/A,6 mm,N/A,N/A,N/A,N/A,N/A,N/A,N/A,N/A,N/A,N/A,White Stainless Steel,N/A,N/A,N/A,N/A,N/A,N/A,N/A,4*420,N/A,1 Year,N/A,N/A,Provided,N/A,N/A,27260W,500 mm,N/A,N/A,N/A,"Shaanxi, China",N/A,N/A,N/A,N/A,N/A,N/A,Provided,80,N/A,N/A,N/A,N/A,N/A,N/A,26000 m3/h,N/A
N/A,https://www.alibaba.com/product-detail/Industrial-Refrigeration-Evaporator-Air-cooled-Slim_1601231436343.html,2025-02-19 16:00:12,N/A,N/A,"motor, Fan, Heat Exchanger",N/A,N/A,Industrial air cooler,N/A,DD250-LXA6003,cold storage infrigeration,N/A,N/A,19.2KW,N/A,N/A,electric defrosting,N/A,N/A,N/A,Lesnow,N/A,N/A,N/A,N/A,N/A,N/A,N/A,N/A,Long Service Life,N/A,Outer rotor axial fan,N/A,N/A,N/A,N/A,N/A,N/A,N/A,380V,N/A,N/A,N/A,N/A,N/A,N/A,N/A,N/A,N/A,N/A,Lesnow,N/A,N/A,N/A,12.7mm,N/A,N/A,1 Year,N/A,43.7dm3,Provided,Galvanized sheet or stainless steel,N/A,N/A,N/A,N/A,N/A,N/A,"Jiangsu, China",N/A,N/A,N/A,N/A,N/A,250m2,Provided,N/A,N/A,N/A,N/A,N/A,N/A,N/A,N/A,N/A
N/A,https://www.alibaba.com/product-detail/High-Quality-Cold-Storage-Industrial-Air_1601289111651.html,2025-02-19 16:01:22,"Bitzer,Copeland",N/A,"Pressure vessel, motor, Bearing, Gear, PLC, Other",N/A,N/A,Refrigeration equipment for freezing,965*410*850 cm,N/A,Frozen food storage,N/A,N/A,N/A,N/A,N/A,N/A,N/A,50.000 kg,N/A,N/A,N/A,N/A,N/A,N/A,N/A,"Condensing unit,Air cooler",Customized Size,N/A,"High-accuracy, Easy to Operate, Competitive Price, Energy saving, Low Maintenance Cost",N/A,N/A,-20-8c,N/A,N/A,N/A,N/A,N/A,R404A.R507A,According to customer requirements,N/A,10X15X10 cm,N/A,N/A,-18℃ to 25 ℃,N/A,N/A,Customers' Requirement,N/A,N/A,N/A,N/A,N/A,N/A,N/A,N/A,Single item,1 Year,N/A,N/A,Provided,N/A,N/A,N/A,N/A,N/A,N/A,N/A,"Heilongjiagn,China",1,N/A,Air cooled,N/A,"R404A,R507A",N/A,N/A,50,N/A,N/A,N/A,2KW~600KW,N/A,N/A,N/A,Bitzer
"2HP, -18 Degree, 20CBM Evaporator Storage Evaporative Condenser Meat Cold Room",https://www.alibaba.com/product-detail/2HP-18-Degree-20CBM-Evaporator-Storage_1601008945716.html,2025-02-19 16:01:39,N/A,N/A,"Pump, Engine",N/A,N/A,air cooler/evaporator,960x530x526,N/A,N/A,N/A,N/A,N/A,N/A,9.52,N/A,N/A,59.000 kg,N/A,N/A,30 Set/Sets per   Month,N/A,N/A,Plywood Case,300,N/A,N/A,N/A,"Sustainable, Competitive Price, High Productivity, Long Service Life, Energy saving, Low Maintenance Cost, Accurate temperature control, Hot gas defrost",12.7,N/A,N/A,N/A,N/A,N/A,N/A,Air Cooler,R404A,230±10%V~50/60Hz,N/A,1080X610X702 cm,N/A,1700,N/A,DAE90R42,N/A,White,N/A,N/A,DOLUYO,N/A,N/A,N/A,N/A,N/A,Single item,1 Year,N/A,N/A,Not Available,N/A,N/A,N/A,N/A,N/A,N/A,N/A,"Guangdong, China",N/A,N/A,N/A,N/A,N/A,N/A,N/A,N/A,N/A,12.7,N/A,3.86kW,9,N/A,N/A,N/A
Ceiling Type Roof Mounted Evaporative Air Cooler Evaporator for Cold Storage DD 22,https://www.alibaba.com/product-detail/Ceiling-Type-Roof-Mounted-Evaporative-Air_1601269475613.html,2025-02-19 16:01:47,N/A,N/A,N/A,Cooler,Refrigeration Parts,N/A,N/A,N/A,N/A,N/A,N/A,N/A,N/A,N/A,N/A,N/A,N/A,N/A,N/A,N/A,N/A,22,N/A,N/A,N/A,N/A,N/A,N/A,N/A,N/A,N/A,N/A,N/A,N/A,N/A,N/A,N/A,N/A,N/A,N/A,380/220,N/A,N/A,N/A,N/A,N/A,N/A,N/A,N/A,2*140,N/A,N/A,N/A,N/A,N/A,1 Year,N/A,N/A,Provided,N/A,N/A,N/A,N/A,N/A,N/A,N/A,"Zhejiang, China",N/A,N/A,N/A,N/A,N/A,N/A,Not Available,N/A,N/A,N/A,N/A,N/A,N/A,DD 22,N/A,N/A
