Product Title,Product URL,Date Scraped,Compressor brand,core components,Packaging,type,material,Surface material,application,size,Running Weight,Product name,cooling type,Fin space,dimension(l*w*h),Condition,Model,Capacity,Application,Horse power,Fan brand,After Warranty Service,After-sales Service,Fans,Power supply,Delivery,Cooling capacity,Door type,After-sale Service,Condenser,power(w),After-sales Service Provided,Cold room doors,Heat exchanger air area,Fan Type,Cold Room Panel Thickness,Certification,Model Number,Heating capacity,Keywords,SERVICE,Key Selling Points,Single gross weight:,after-sales service provided,Port,QTY of Glass Door,Fin material,Tube diameter,Length,brand name,other price,Brand Name,Keyword,Supply Ability,Parking,Item,Advantage,Machinery Test Report,Packaging Details,Axial fan power,electrical expansion valve,Key words,Dimension(L*W*H),Cooling type,Panel Thickness,Warranty,key selling points,Core material,Air-cooled Condenser,Temperature,Power,Description,Panel thickness,controller board,Size,Axial fan air volume,Temp controller,Thickness of Color Steel,Compressor,Horse Power,Cooling system,Thickness of PU Panel,Type,refrigerant,voltage,Voltage,Single package size:,FIn type,"dry filter,sight glass",temperature,Product Type,Fan,model number,Density,Condenser type,panel thickness,Condensing unit,Color,Panel,Place of Origin,mounting type,Shape,Brand,Weight (kg),weight (kg),power,Standard air cooler,Cold room use,heat removal,Selling Units:,Coil Material,warranty,feature,FPI,Packing,video outgoing-inspection,Glass Door Size,Tem. range,Project Solution Capability,fan motors type,Customized,Panel Material,Applicable temperature,OEM service,power source,Walk in Cooler Freezer Door Type,Lead Time,Design Style,Function,place of origin,MOQ,Width,Fireproof,Usage,Fan motor,Cooling Type,Refrigerant,Material,Cold Room Ship,transport weight,Pump type,Compressor type,Raw Material,Cooling way,Placement Method,Surface,machinery test report,Weight (KG),Control system,Pressure sensor,Tube material,Usage of cold room,Sample service,Panel material,Functions,Type of packaging,Tube plate,cooling capacity,Power requirement,door type,color,Thickness,Applicable Industries,compressor brand
N/A,https://www.alibaba.com/product-detail/CSCPOWER-40feet-Reefer-Freezer-20ft-Container_1600164246300.html,2025-02-19 15:21:51,N/A,N/A,N/A,N/A,N/A,N/A,N/A,N/A,N/A,Containerized Blast Freezer,N/A,N/A,N/A,N/A,N/A,20ft/40ft,N/A,N/A,N/A,N/A,N/A,N/A,N/A,N/A,N/A,N/A,N/A,N/A,N/A,N/A,N/A,N/A,N/A,70mm/100mm/120mm/150mm/200mm,ISO/CE,N/A,N/A,N/A,N/A,N/A,N/A,N/A,"Fuzhou, Xiamen,etc.",N/A,N/A,N/A,N/A,N/A,N/A,CSCPOWER,N/A,100 Set/Sets per   Year,N/A,N/A,N/A,N/A,Standard Export Packing,N/A,N/A,N/A,N/A,N/A,N/A,N/A,Competitive Price,N/A,N/A,N/A,N/A,N/A,N/A,N/A,N/A,N/A,N/A,N/A,"Multiple, 50Hz/60Hz",N/A,Air cooled/Water Cooled/Evaporate Cooling,N/A,N/A,N/A,N/A,N/A,N/A,N/A,N/A,-35℃ ~ +20℃,N/A,N/A,N/A,N/A,N/A,Other,N/A,N/A,N/A,"Fujian, China (Mainland)",N/A,N/A,N/A,N/A,N/A,N/A,N/A,N/A,N/A,N/A,N/A,Unavailable,Container,N/A,N/A,N/A,N/A,N/A,N/A,N/A,N/A,N/A,N/A,N/A,N/A,N/A,N/A,N/A,Quick-freezing Food,China,N/A,N/A,N/A,N/A,N/A,N/A,R404A/R507/R22/etc,N/A,N/A,N/A,N/A,N/A,N/A,N/A,N/A,N/A,N/A,N/A,N/A,N/A,N/A,N/A,N/A,N/A,N/A,N/A,N/A,Other,N/A,N/A,N/A,N/A,N/A,N/A
Most Popular Low Price Cold Room Storage Freezer. Most Popular Low Price Cold Room Storage Freezer,https://www.alibaba.com/product-detail/Most-Popular-Low-Price-Cold-Room_1600931013141.html?s=p,2025-02-19 15:22:10,N/A,"Pressure vessel, motor, PLC, Engine",N/A,N/A,N/A,N/A,N/A,N/A,N/A,N/A,N/A,N/A,custom made,N/A,N/A,N/A,N/A,N/A,N/A,"Video technical support,Field maintenance and repair service",N/A,N/A,N/A,N/A,50 tons,N/A,N/A,N/A,N/A,N/A,N/A,N/A,N/A,N/A,N/A,N/A,N/A,N/A,N/A,Competitive Price,N/A,N/A,N/A,N/A,N/A,N/A,N/A,Sharewe,N/A,N/A,N/A,800 Piece/Pieces per   Month,N/A,N/A,N/A,N/A,carton with pallet blast freezer deep freezer cold room for sale,N/A,N/A,N/A,"Cold Room Dimension, Customized",N/A,N/A,N/A,Competitive Price,N/A,N/A,-60℃ ~ +20℃,"5KW-200KW, Customized",N/A,N/A,N/A,N/A,N/A,N/A,N/A,N/A,N/A,N/A,N/A,N/A,N/A,110v~480v,"220V/380V, Customized",N/A,N/A,N/A,-45℃ ~ +20℃,N/A,N/A,N/A,N/A,N/A,"100MM, 200mm, 120mm, 75mm, 50MM, 150mm, 50",N/A,N/A,N/A,"Henan, China",N/A,N/A,N/A,N/A,N/A,N/A,N/A,"ruits, vegetables, flowers, fish, meat,",N/A,N/A,N/A,3 years,Container,N/A,N/A,Provided,N/A,N/A,N/A,N/A,N/A,N/A,N/A,N/A,N/A,N/A,N/A,N/A,N/A,"Henan, China",N/A,N/A,N/A,N/A,N/A,N/A,N/A,N/A,N/A,N/A,N/A,N/A,N/A,N/A,N/A,N/A,Provided,N/A,N/A,N/A,N/A,N/A,N/A,N/A,N/A,N/A,N/A,Customer requirements,N/A,N/A,N/A,N/A,Air cooling/water cooling/evaporative cooling,"TECUMSEH, Bitzer, hitachi, Other, Emerson"
Italy Laifukang New SW3L8000 Cold Storage Unit Two Parallel 160-Horse Low-Temperature Quick-Freezing Screw Unit Condensing Units,https://www.alibaba.com/product-detail/Italy-Laifukang-New-SW3L8000-Cold-Storage_1601377385742.html,2025-02-19 15:22:26,N/A,Pressure vessel,N/A,N/A,N/A,N/A,N/A,N/A,N/A,N/A,N/A,N/A,1200*1200*1800mm,N/A,N/A,N/A,N/A,N/A,N/A,N/A,N/A,N/A,N/A,N/A,N/A,N/A,N/A,N/A,N/A,N/A,N/A,N/A,N/A,N/A,N/A,N/A,N/A,N/A,N/A,N/A,N/A,N/A,N/A,N/A,N/A,N/A,N/A,N/A,N/A,N/A,N/A,N/A,N/A,N/A,N/A,N/A,N/A,N/A,N/A,Cold Room Compressor Unit,N/A,N/A,N/A,N/A,High productivity,N/A,N/A,-45℃~-40℃,N/A,N/A,N/A,N/A,N/A,N/A,N/A,N/A,N/A,N/A,N/A,N/A,N/A,R404a,380v/50hz,N/A,N/A,N/A,N/A,N/A,N/A,N/A,Laifukang screw machine,N/A,N/A,N/A,N/A,N/A,N/A,N/A,N/A,N/A,N/A,N/A,N/A,N/A,N/A,N/A,N/A,N/A,N/A,1 year,N/A,N/A,N/A,Provided,N/A,N/A,N/A,N/A,N/A,N/A,N/A,N/A,N/A,N/A,N/A,N/A,N/A,"Shandong, China",N/A,N/A,N/A,N/A,N/A,N/A,N/A,N/A,N/A,N/A,N/A,N/A,N/A,N/A,N/A,N/A,N/A,100,N/A,N/A,N/A,N/A,N/A,N/A,N/A,N/A,N/A,160hp,N/A,N/A,N/A,N/A,N/A,Other
Walk in Cold Room for Meat Fish Cooling Room Cold Storage Coldroom Frozen Food Cold Room,https://www.alibaba.com/product-detail/Walk-In-Cold-Room-For-Meat_1601104018212.html?s=p,2025-02-19 15:22:32,N/A,N/A,N/A,N/A,N/A,N/A,N/A,N/A,N/A,N/A,N/A,N/A,N/A,N/A,N/A,N/A,N/A,N/A,N/A,N/A,N/A,N/A,N/A,N/A,N/A,N/A,N/A,N/A,N/A,N/A,N/A,N/A,N/A,N/A,N/A,N/A,N/A,N/A,N/A,N/A,N/A,N/A,N/A,N/A,N/A,N/A,N/A,N/A,N/A,N/A,N/A,N/A,N/A,N/A,N/A,N/A,N/A,N/A,N/A,N/A,N/A,N/A,N/A,N/A,N/A,N/A,N/A,N/A,N/A,N/A,N/A,N/A,N/A,N/A,N/A,N/A,N/A,N/A,N/A,N/A,N/A,N/A,N/A,N/A,N/A,N/A,N/A,N/A,N/A,N/A,N/A,N/A,N/A,N/A,N/A,N/A,N/A,N/A,N/A,N/A,N/A,N/A,N/A,N/A,N/A,N/A,N/A,N/A,N/A,N/A,N/A,N/A,N/A,N/A,N/A,N/A,N/A,N/A,N/A,N/A,N/A,N/A,N/A,N/A,N/A,N/A,N/A,N/A,N/A,N/A,N/A,N/A,N/A,N/A,N/A,N/A,N/A,N/A,N/A,N/A,N/A,N/A,N/A,N/A,N/A,N/A,N/A,N/A,N/A,N/A,N/A,N/A,N/A,N/A,N/A,N/A,N/A,N/A,N/A,N/A,N/A,N/A
N/A,https://www.alibaba.com/product-detail/Manufacturer-Hot-Sale-Cold-Storage-Cool_1601298645543.html,2025-02-19 15:22:54,N/A,Other,N/A,N/A,N/A,color steel or stainless steel or aluminum,N/A,customized,N/A,N/A,N/A,N/A,customized,new,N/A,N/A,N/A,N/A,N/A,N/A,N/A,N/A,N/A,N/A,N/A,N/A,N/A,N/A,all available,Engineers available to service machinery overseas,N/A,N/A,N/A,N/A,N/A,N/A,N/A,N/A,N/A,N/A,0.500 kg,N/A,N/A,N/A,N/A,N/A,N/A,N/A,N/A,N/A,N/A,N/A,N/A,N/A,N/A,N/A,N/A,N/A,N/A,N/A,As per your requirements,N/A,N/A,1 year,Competitive Price,N/A,N/A,N/A,N/A,N/A,N/A,N/A,N/A,N/A,N/A,N/A,N/A,N/A,N/A,N/A,N/A,N/A,220V/380V,N/A,1X0.1X0.02 cm,N/A,N/A,-45C to 20C,N/A,N/A,N/A,N/A,N/A,50mm 80mm 100mm 120mm 150mm 180mm 200mm,N/A,N/A,N/A,N/A,N/A,N/A,N/A,N/A,N/A,N/A,N/A,N/A,N/A,Single item,N/A,1 Year,N/A,N/A,N/A,Provided,N/A,N/A,N/A,N/A,N/A,N/A,N/A,N/A,N/A,N/A,N/A,N/A,N/A,"Jiangsu, China",N/A,N/A,N/A,N/A,N/A,N/A,N/A,N/A,N/A,N/A,N/A,N/A,N/A,N/A,N/A,N/A,N/A,N/A,N/A,N/A,N/A,N/A,N/A,N/A,"Fresh-keep, freezing, quick-freezing, fire-proof, explosion-proof,",N/A,N/A,Other,N/A,"hinged door, sliding door, standard return door",N/A,N/A,N/A,TECUMSEH
Outstanding Quality  Cold Room Freezer  Cold Room Storage Industrial Cold Room Equipment,https://www.alibaba.com/product-detail/Outstanding-Quality-Cold-Room-Freezer-Cold_1601266274253.html?s=p,2025-02-19 15:23:02,N/A,N/A,N/A,N/A,N/A,N/A,N/A,N/A,N/A,N/A,N/A,N/A,N/A,N/A,N/A,N/A,N/A,N/A,N/A,N/A,N/A,N/A,N/A,N/A,N/A,N/A,N/A,N/A,N/A,N/A,N/A,N/A,N/A,N/A,N/A,N/A,N/A,N/A,N/A,N/A,N/A,N/A,N/A,N/A,N/A,N/A,N/A,N/A,N/A,N/A,N/A,N/A,N/A,N/A,N/A,N/A,N/A,N/A,N/A,N/A,N/A,N/A,N/A,N/A,N/A,N/A,N/A,N/A,N/A,N/A,N/A,N/A,N/A,N/A,N/A,N/A,N/A,N/A,N/A,N/A,N/A,N/A,N/A,N/A,N/A,N/A,N/A,N/A,N/A,N/A,N/A,N/A,N/A,N/A,N/A,N/A,N/A,N/A,N/A,N/A,N/A,N/A,N/A,N/A,N/A,N/A,N/A,N/A,N/A,N/A,N/A,N/A,N/A,N/A,N/A,N/A,N/A,N/A,N/A,N/A,N/A,N/A,N/A,N/A,N/A,N/A,N/A,N/A,N/A,N/A,N/A,N/A,N/A,N/A,N/A,N/A,N/A,N/A,N/A,N/A,N/A,N/A,N/A,N/A,N/A,N/A,N/A,N/A,N/A,N/A,N/A,N/A,N/A,N/A,N/A,N/A,N/A,N/A,N/A,N/A,N/A,N/A
Walk-in Freezer Storage Cold Storage Refrigeration Product Category Condensing Units Cold Room Refrigeration Unit,https://www.alibaba.com/product-detail/Walk-in-Freezer-Storage-Cold-Storage_1601344922772.html,2025-02-19 15:23:22,N/A,"PLC, Gearbox, Gear, Bearing, Other, motor, Pressure vessel",N/A,N/A,N/A,N/A,N/A,N/A,N/A,Refrigeration Condensing Unit,N/A,N/A,1450*800*1000mm,N/A,N/A,N/A,N/A,N/A,N/A,N/A,N/A,N/A,N/A,N/A,N/A,N/A,N/A,N/A,N/A,Video Technical Support,N/A,N/A,N/A,N/A,N/A,N/A,N/A,N/A,N/A,N/A,70.000 kg,N/A,N/A,N/A,N/A,N/A,N/A,N/A,N/A,N/A,N/A,N/A,N/A,N/A,N/A,N/A,N/A,N/A,N/A,N/A,N/A,N/A,N/A,N/A,"Sustainable, Automatic, High-accuracy, Easy to Operate, Competitive Price, High Productivity, Other, Remote Monitoring, Long Service Life, Bi-Color, Remote Control, Patented Product, Low Maintenance Cost, Famous brand PLC, Energy saving, R410a, Accurate temperature control, Digital, IoT",N/A,N/A,-20-8c,N/A,N/A,N/A,N/A,N/A,N/A,N/A,N/A,Copeland ZB Scroll,N/A,N/A,N/A,Box-Type,"R404A,R507A,R448A,R449A,R410A,etc","220V, 380V",380V-440V/3Ph/50HZ-60HZ,145X80X100 cm,N/A,N/A,N/A,N/A,N/A,ZB15KQE~ZB220KQE,N/A,Air Cooler Condenser,N/A,N/A,N/A,N/A,N/A,N/A,N/A,N/A,N/A,N/A,N/A,N/A,N/A,N/A,Single item,N/A,1 Year,N/A,N/A,N/A,Provided,N/A,N/A,N/A,N/A,N/A,N/A,N/A,N/A,N/A,N/A,N/A,N/A,N/A,"Shandong, China",N/A,N/A,N/A,Refrigerating System Parts,N/A,Air Coolded Condenser,R404A/R507A,N/A,N/A,N/A,N/A,Scroll Compresor,N/A,N/A,N/A,N/A,N/A,75,N/A,N/A,N/A,N/A,N/A,N/A,N/A,N/A,N/A,2KW~80KW,N/A,N/A,N/A,N/A,N/A,Copeland
Large Cold Storage 20hp 25hp 30hp 40hp Condensing Unit for Quick Frozen Food Distribution Refrigerated Truck Cold Chain,https://www.alibaba.com/product-detail/Large-Cold-Storage-20hp-25hp-30hp_1601298450759.html,2025-02-19 15:23:41,N/A,motor,N/A,N/A,N/A,N/A,N/A,N/A,N/A,Air Cooled Refrigeration Condensing Unit,N/A,N/A,1400x950x1300,N/A,N/A,N/A,Cold Storage Room Freezer Room,N/A,N/A,N/A,N/A,N/A,N/A,N/A,N/A,N/A,N/A,N/A,N/A,N/A,N/A,N/A,N/A,N/A,N/A,N/A,N/A,N/A,N/A,N/A,N/A,N/A,N/A,N/A,N/A,N/A,N/A,N/A,N/A,N/A,Monoblock Refrigertion Unit,N/A,N/A,Cooler Refrigeration Unit,N/A,N/A,N/A,N/A,N/A,Cold Room Compressor Unit,N/A,N/A,N/A,N/A,"Sustainable, Automatic, High-accuracy, Easy to Operate, Competitive Price, Energy saving, Accurate temperature control, Digital, Remote Monitoring, IoT",N/A,N/A,-30-10,N/A,N/A,N/A,N/A,N/A,N/A,N/A,N/A,N/A,N/A,N/A,N/A,High Temperature,R404 R22 R507,3ph220v/380v,N/A,N/A,N/A,N/A,N/A,N/A,N/A,LTYT-6,N/A,N/A,N/A,N/A,N/A,N/A,N/A,N/A,N/A,N/A,N/A,N/A,N/A,N/A,N/A,N/A,N/A,N/A,1 Year,N/A,N/A,N/A,Provided,N/A,N/A,N/A,N/A,N/A,N/A,N/A,N/A,N/A,N/A,N/A,N/A,Meat Storage,"Guangdong, China",N/A,N/A,N/A,Frozen Food,N/A,Evaporative Cooled,N/A,N/A,N/A,N/A,N/A,Scroll Compresor,N/A,N/A,N/A,N/A,N/A,200,N/A,N/A,N/A,N/A,N/A,N/A,N/A,N/A,N/A,powerful,N/A,N/A,N/A,N/A,N/A,Bitzer
Large Logistics Cold Storage Room Walking in Freezing Equipment Cold Room Storage Refrigeration Condenser Unit Cold Room Price,https://www.alibaba.com/product-detail/Large-Logistics-Cold-Storage-Room-Walking_1601246257569.html,2025-02-19 15:23:59,N/A,Pressure vessel,N/A,N/A,N/A,N/A,N/A,N/A,N/A,Large Cold Storage Room Logistics Warehouse 5000 Tons,N/A,N/A,Customized,N/A,N/A,N/A,N/A,N/A,N/A,N/A,N/A,N/A,N/A,N/A,N/A,N/A,N/A,N/A,N/A,N/A,N/A,N/A,N/A,N/A,N/A,N/A,N/A,N/A,N/A,N/A,1.500 kg,N/A,N/A,N/A,N/A,N/A,N/A,DONGAN,N/A,N/A,N/A,N/A,N/A,N/A,Insulated,N/A,N/A,N/A,N/A,N/A,As per your requirements,N/A,100-250mm,N/A,Low Maintenance Cost,N/A,N/A,N/A,N/A,N/A,N/A,N/A,N/A,N/A,N/A,N/A,N/A,N/A,N/A,N/A,N/A,N/A,380V/220v,110v~480v,10X15X10 cm,N/A,N/A,N/A,N/A,N/A,N/A,N/A,N/A,100mm 120mm 150mm 180mm 200mm,N/A,N/A,N/A,N/A,N/A,N/A,N/A,N/A,N/A,N/A,N/A,N/A,N/A,Single item,N/A,1 Year,Energy-Saving,N/A,N/A,Provided,N/A,N/A,N/A,N/A,N/A,N/A,+25- -45℃,N/A,N/A,N/A,N/A,N/A,N/A,"Heilongjiang, China",N/A,N/A,N/A,N/A,N/A,N/A,R404A/R507A,N/A,N/A,N/A,N/A,N/A,N/A,N/A,N/A,N/A,Provided,N/A,N/A,N/A,N/A,N/A,N/A,N/A,"Fresh-keep, freezing, quick-freezing, fire-proof, explosion-proof",N/A,N/A,N/A,N/A,"hinged door, sliding door, standard return door",N/A,N/A,N/A,"TECUMSEH, Copeland, Bristol, Performer, Bitzer, Daikin, Other, Maneurop, Fusheng, DORIN, Sanyo, Xumei"
Mobile Cold Storage Room for Fruit and Vegetable,https://www.alibaba.com/product-detail/Mobile-Cold-Storage-Room-For-Fruit_1601265760404.html?s=p,2025-02-19 15:24:18,Bitzer or Copeland,"Pressure vessel, motor, Gear, Gearbox, Bearing, PLC, Other",N/A,N/A,N/A,N/A,N/A,N/A,N/A,One Stop Solution Walk in Cooler Freezer Cold Room Storage,N/A,N/A,Customized Size,N/A,N/A,N/A,N/A,N/A,N/A,N/A,N/A,N/A,N/A,N/A,N/A,Sliding / Swing / Hinged Door,N/A,N/A,N/A,Overseas service center available,N/A,N/A,N/A,N/A,N/A,N/A,N/A,N/A,N/A,N/A,N/A,N/A,N/A,N/A,N/A,N/A,N/A,Haocool,N/A,N/A,N/A,N/A,N/A,N/A,N/A,N/A,N/A,N/A,N/A,N/A,N/A,N/A,N/A,one year,Competitive Price,N/A,N/A,N/A,N/A,N/A,50mm/75mm/100mm/120mm/150mm/200mm,N/A,N/A,N/A,N/A,0.426/0.5/0.6/0.8mm,N/A,N/A,N/A,N/A,N/A,N/A,220 /380 /400V,N/A,N/A,N/A,N/A,N/A,N/A,N/A,N/A,N/A,N/A,N/A,N/A,N/A,N/A,N/A,N/A,N/A,N/A,N/A,N/A,N/A,N/A,N/A,N/A,N/A,N/A,1 Year,Container,N/A,N/A,Provided,N/A,N/A,N/A,N/A,N/A,N/A,N/A,N/A,N/A,N/A,N/A,N/A,N/A,"Shanghai, China",N/A,N/A,N/A,Frozen Food Seafood Meat,N/A,N/A,R-22 R-404A R-407 R-408 R-507,N/A,N/A,N/A,N/A,N/A,N/A,N/A,N/A,N/A,Provided,100,Digital Control,N/A,N/A,N/A,N/A,N/A,N/A,N/A,N/A,N/A,N/A,N/A,N/A,N/A,N/A,"Copeland, Bitzer, Emerson"
N/A,https://www.alibaba.com/product-detail/Freon-Ammonia-Refrigeration-Cooling-Evaporative-Condenser_1601379126131.html,2025-02-19 15:24:31,N/A,coil,Exporting package,N/A,metal,N/A,N/A,N/A,2700kg,N/A,Counter Flow,N/A,1080*1600*3610mm,N/A,N/A,N/A,Industrial Fluids Cooling,N/A,N/A,N/A,N/A,N/A,N/A,N/A,N/A,N/A,N/A,N/A,23kw,N/A,N/A,N/A,Axial Flow,N/A,N/A,N/A,N/A,N/A,N/A,N/A,1520.000 kg,N/A,N/A,N/A,N/A,N/A,N/A,WK,N/A,N/A,N/A,N/A,N/A,N/A,N/A,N/A,N/A,1.5kw,N/A,N/A,N/A,N/A,N/A,N/A,"Automatic, Easy to Operate, High-accuracy, Competitive Price, High Safety Level, High Productivity",N/A,N/A,N/A,N/A,N/A,N/A,N/A,N/A,25000m³/h,N/A,N/A,N/A,N/A,N/A,N/A,N/A,N/A,as your country need,N/A,108X160X361 cm,N/A,N/A,N/A,N/A,N/A,N/A,N/A,N/A,N/A,N/A,N/A,N/A,N/A,N/A,N/A,N/A,N/A,N/A,N/A,N/A,N/A,200kw,Single item,Ss304/ss316/copper/hot Dipped Galvanised Steel,1 Year,N/A,N/A,N/A,Provided,N/A,N/A,N/A,N/A,N/A,N/A,N/A,N/A,N/A,N/A,N/A,N/A,N/A,"Shandong, China",N/A,N/A,N/A,N/A,N/A,N/A,N/A,N/A,N/A,1520kg,water circulating pump,N/A,N/A,N/A,N/A,N/A,Provided,1520,N/A,N/A,N/A,N/A,N/A,N/A,N/A,N/A,N/A,N/A,N/A,N/A,N/A,N/A,N/A,N/A
High Boiling Point Solvent Evaporative Condenser 600kw Food Processing Fresh-keeping Storage Freezing Storage Cold Storage,https://www.alibaba.com/product-detail/High-Boiling-Point-Solvent-Evaporative-Condenser_1601251152779.html,2025-02-19 15:24:40,N/A,"PLC, Pump",N/A,N/A,metal,N/A,N/A,N/A,N/A,N/A,Cross Flow,N/A,3010*1930*(2145+2145),N/A,N/A,N/A,Used for liquid or gas cooling,N/A,N/A,N/A,N/A,N/A,N/A,N/A,N/A,N/A,N/A,N/A,N/A,N/A,N/A,N/A,N/A,N/A,N/A,N/A,N/A,N/A,N/A,N/A,N/A,N/A,N/A,N/A,N/A,N/A,N/A,Greenland,N/A,N/A,N/A,N/A,N/A,N/A,N/A,N/A,N/A,N/A,N/A,N/A,N/A,N/A,N/A,N/A,Easy to Operate,N/A,N/A,N/A,N/A,N/A,N/A,N/A,N/A,N/A,N/A,N/A,N/A,N/A,N/A,N/A,N/A,N/A,N/A,N/A,N/A,N/A,N/A,N/A,N/A,N/A,N/A,N/A,N/A,N/A,N/A,N/A,N/A,N/A,N/A,N/A,N/A,N/A,N/A,N/A,N/A,N/A,N/A,N/A,N/A,1 Year,N/A,N/A,N/A,Provided,N/A,N/A,N/A,N/A,N/A,N/A,N/A,N/A,N/A,N/A,N/A,N/A,N/A,"Jiangsu, China",N/A,N/A,N/A,N/A,N/A,N/A,N/A,N/A,N/A,N/A,N/A,N/A,N/A,N/A,N/A,N/A,Provided,N/A,N/A,N/A,N/A,N/A,N/A,N/A,N/A,N/A,N/A,N/A,N/A,N/A,N/A,N/A,N/A,N/A
Customized Design Mini Cold Room Freezer Container 20ft Cold Storage Room Condensing Unit,https://www.alibaba.com/product-detail/Customized-Design-Mini-Cold-Room-Freezer_1601266241330.html,2025-02-19 15:24:47,N/A,N/A,N/A,N/A,N/A,N/A,N/A,N/A,N/A,N/A,N/A,N/A,N/A,N/A,N/A,N/A,N/A,N/A,N/A,N/A,N/A,N/A,N/A,N/A,N/A,N/A,N/A,N/A,N/A,N/A,N/A,N/A,N/A,N/A,N/A,N/A,N/A,N/A,N/A,N/A,N/A,N/A,N/A,N/A,N/A,N/A,N/A,N/A,N/A,N/A,N/A,N/A,N/A,N/A,N/A,N/A,N/A,N/A,N/A,N/A,N/A,N/A,N/A,N/A,N/A,N/A,N/A,N/A,N/A,N/A,N/A,N/A,N/A,N/A,N/A,N/A,N/A,N/A,N/A,N/A,N/A,N/A,N/A,N/A,N/A,N/A,N/A,N/A,N/A,N/A,N/A,N/A,N/A,N/A,N/A,N/A,N/A,N/A,N/A,N/A,N/A,N/A,N/A,N/A,N/A,N/A,N/A,N/A,N/A,N/A,N/A,N/A,N/A,N/A,N/A,N/A,N/A,N/A,N/A,N/A,N/A,N/A,N/A,N/A,N/A,N/A,N/A,N/A,N/A,N/A,N/A,N/A,N/A,N/A,N/A,N/A,N/A,N/A,N/A,N/A,N/A,N/A,N/A,N/A,N/A,N/A,N/A,N/A,N/A,N/A,N/A,N/A,N/A,N/A,N/A,N/A,N/A,N/A,N/A,N/A,N/A,N/A
Air Cooled Condenser Fan Type FNH Series for Cold Room Storage Cooler Refrigeration Heat Exchanger,https://www.alibaba.com/product-detail/Air-Cooled-Condenser-Fan-Type-FNH_1601283191157.html,2025-02-19 15:24:54,N/A,N/A,N/A,N/A,N/A,N/A,N/A,N/A,N/A,N/A,N/A,N/A,N/A,N/A,N/A,N/A,N/A,N/A,N/A,N/A,N/A,N/A,N/A,N/A,N/A,N/A,N/A,N/A,N/A,N/A,N/A,N/A,N/A,N/A,N/A,N/A,N/A,N/A,N/A,N/A,N/A,N/A,N/A,N/A,N/A,N/A,N/A,N/A,N/A,N/A,N/A,N/A,N/A,N/A,N/A,N/A,N/A,N/A,N/A,N/A,N/A,N/A,N/A,N/A,N/A,N/A,N/A,N/A,N/A,N/A,N/A,N/A,N/A,N/A,N/A,N/A,N/A,N/A,N/A,N/A,N/A,N/A,N/A,N/A,N/A,N/A,N/A,N/A,N/A,N/A,N/A,N/A,N/A,N/A,N/A,N/A,N/A,N/A,N/A,N/A,N/A,N/A,N/A,N/A,N/A,N/A,N/A,N/A,N/A,N/A,N/A,N/A,N/A,N/A,N/A,N/A,N/A,N/A,N/A,N/A,N/A,N/A,N/A,N/A,N/A,N/A,N/A,N/A,N/A,N/A,N/A,N/A,N/A,N/A,N/A,N/A,N/A,N/A,N/A,N/A,N/A,N/A,N/A,N/A,N/A,N/A,N/A,N/A,N/A,N/A,N/A,N/A,N/A,N/A,N/A,N/A,N/A,N/A,N/A,N/A,N/A,N/A
Cold Room Manufacturers Display Cold Room Glass Door Walk in Cooler Freezer,https://www.alibaba.com/product-detail/Cold-Room-Manufacturers-Display-Cold-Room_1601158139569.html?s=p,2025-02-19 15:25:06,N/A,"PU Panel, Compressor Unit, Evaporator, Control system",N/A,N/A,N/A,N/A,N/A,N/A,N/A,Display Cold Room,N/A,N/A,customized,N/A,N/A,N/A,N/A,N/A,N/A,N/A,N/A,N/A,N/A,N/A,N/A,N/A,N/A,N/A,N/A,Engineers available to service machinery overseas,N/A,N/A,N/A,N/A,N/A,N/A,N/A,N/A,N/A,N/A,2.000 kg,N/A,N/A,Customized,N/A,N/A,N/A,Nicecold,N/A,N/A,N/A,N/A,N/A,N/A,N/A,N/A,N/A,N/A,N/A,N/A,N/A,N/A,N/A,N/A,Competitive Price,N/A,"Fnv / Fnh (Air Cooled, Water Cooled, Evaporative)",N/A,N/A,N/A,N/A,N/A,N/A,N/A,N/A,N/A,N/A,N/A,Evaporative Condenser,"8 inch, 9 inch, 10 inch or customized",N/A,N/A,220V/380V,N/A,1X1X1 cm,N/A,N/A,N/A,N/A,N/A,N/A,N/A,N/A,N/A,N/A,N/A,N/A,N/A,N/A,N/A,N/A,N/A,N/A,8.8KW,N/A,N/A,N/A,Single item,N/A,1 Year,Container,N/A,N/A,Provided,"30""*79"", 30""*80"" or customized",N/A,N/A,N/A,N/A,N/A,N/A,N/A,N/A,"Glass door, Hinged door",N/A,N/A,N/A,"Henan, China",N/A,N/A,N/A,N/A,N/A,N/A,"R22,R404A or others",N/A,"""L""shaped, ""U""shaped, and angled Walk-In",N/A,N/A,N/A,N/A,N/A,N/A,N/A,Provided,N/A,N/A,N/A,N/A,N/A,N/A,N/A,N/A,N/A,N/A,N/A,N/A,N/A,N/A,N/A,N/A,"Bitzer, Emerson, Compressor for Panasonic, Danfoss"
5Hp 8Hp 10Hp 12Hp 15Hp 20Hp Walk-In Cooler Refrigeration Unit Cold Room Air Cooled Condensation for Cold Storage Condensing Unit,https://www.alibaba.com/product-detail/5Hp-8Hp-10Hp-12Hp-15Hp-20Hp_1601331672975.html,2025-02-19 15:25:16,N/A,"PLC, pump, engine, others",N/A,N/A,N/A,N/A,N/A,N/A,N/A,Air Cooled Refrigeration Condensing Unit,N/A,N/A,1400x950x1300,N/A,N/A,N/A,Cold Storage Room Freezer Room,N/A,N/A,N/A,N/A,N/A,N/A,N/A,N/A,N/A,N/A,N/A,6HP-40HP,N/A,N/A,N/A,N/A,N/A,N/A,N/A,N/A,N/A,N/A,N/A,60.000 kg,N/A,N/A,N/A,N/A,N/A,N/A,N/A,N/A,N/A,N/A,N/A,N/A,Cooler Refrigeration Unit,N/A,N/A,N/A,N/A,N/A,N/A,N/A,N/A,N/A,N/A,"Sustainable, Automatic, Easy to Operate, High-accuracy, Competitive Price, High Productivity, Remote Monitoring, Energy saving, Low Maintenance Cost, Long Service Life, Remote Control, Accurate temperature control, Digital, IoT",N/A,N/A,N/A,N/A,N/A,N/A,N/A,N/A,N/A,N/A,N/A,N/A,N/A,N/A,N/A,High Temperature,R404 R22 R507,380V/60HZ,N/A,50X50X50 cm,N/A,N/A,N/A,N/A,N/A,2YG-3.2,N/A,N/A,N/A,N/A,N/A,N/A,N/A,N/A,N/A,N/A,N/A,N/A,N/A,N/A,N/A,N/A,Single item,N/A,1 Year,N/A,N/A,N/A,Provided,N/A,N/A,N/A,N/A,N/A,N/A,N/A,N/A,N/A,N/A,N/A,N/A,Meat Storage,"Shandong, China",N/A,N/A,N/A,Frozen Food,N/A,Evaporative Cooled,N/A,N/A,N/A,N/A,N/A,Scroll Compresor,N/A,N/A,N/A,N/A,N/A,N/A,N/A,N/A,N/A,N/A,N/A,N/A,N/A,N/A,N/A,mighty,N/A,N/A,N/A,N/A,N/A,N/A
Air Cooler for Cold Room Cold Storage with Aluminum Fin Condenser Coil,https://www.alibaba.com/product-detail/Air-Cooler-for-Cold-Room-Cold_1600461743860.html,2025-02-19 15:25:28,N/A,N/A,N/A,Evaporator,N/A,N/A,Refrigeration Parts,N/A,N/A,Condenser Coils,N/A,N/A,N/A,N/A,TLS Type,N/A,N/A,N/A,N/A,N/A,N/A,N/A,N/A,30,N/A,N/A,N/A,N/A,N/A,N/A,N/A,N/A,N/A,N/A,N/A,N/A,N/A,N/A,N/A,N/A,49.000 kg,N/A,N/A,N/A,Aluminum,N/A,N/A,JinHang,N/A,N/A,N/A,N/A,N/A,N/A,N/A,N/A,N/A,N/A,N/A,N/A,N/A,N/A,N/A,N/A,N/A,N/A,N/A,N/A,N/A,N/A,N/A,N/A,Customizable,N/A,N/A,N/A,N/A,N/A,N/A,N/A,N/A,N/A,N/A,N/A,80X80X80 cm,N/A,N/A,N/A,N/A,N/A,N/A,N/A,N/A,N/A,N/A,N/A,N/A,N/A,N/A,Customizable,N/A,N/A,N/A,N/A,N/A,N/A,N/A,Single item,N/A,2 years,N/A,N/A,Carton,Provided,N/A,N/A,N/A,N/A,N/A,N/A,N/A,N/A,N/A,N/A,N/A,N/A,N/A,"Shandong, China",100pcs,N/A,N/A,N/A,N/A,N/A,N/A,N/A,N/A,N/A,N/A,N/A,N/A,N/A,N/A,N/A,Provided,N/A,N/A,N/A,Copper,N/A,Support,N/A,N/A,N/A,N/A,N/A,N/A,N/A,N/A,N/A,N/A,N/A
N/A,https://www.alibaba.com/product-detail/Large-And-Practical-Cold-Storage-Room_1601181277796.html?s=p,2025-02-19 15:25:44,N/A,"Pressure vessel, motor, Pump, Engine",N/A,N/A,N/A,N/A,N/A,N/A,N/A,N/A,N/A,N/A,Up to you,New,N/A,N/A,N/A,N/A,N/A,N/A,N/A,N/A,N/A,N/A,N/A,N/A,N/A,N/A,N/A,N/A,"Returen door, Hinged door, Sliding door, etc",N/A,N/A,N/A,N/A,N/A,N/A,N/A,N/A,N/A,1200.000 kg,N/A,N/A,N/A,N/A,N/A,N/A,CRYO SYSTEMS,N/A,N/A,N/A,N/A,N/A,N/A,N/A,N/A,N/A,N/A,N/A,N/A,N/A,N/A,N/A,N/A,Energy saving,N/A,N/A,N/A,Up to different models,N/A,"75, 100, 120, 150, 200mm",N/A,N/A,N/A,Dixell,N/A,N/A,N/A,N/A,N/A,N/A,N/A,380V/3P/50Hz or 220V/1P/50Hz,N/A,240X120X110 cm,N/A,N/A,-5~+10℃,N/A,N/A,N/A,N/A,N/A,"100MM, 200mm, 120mm, 75mm, 50MM, 150mm",N/A,N/A,N/A,N/A,N/A,N/A,Cryo Systems,N/A,N/A,N/A,From one fan to four fans,N/A,N/A,Single item,N/A,1 Year,Quick Freezing Technology,N/A,N/A,Provided,N/A,"-5~+5, -5~-18, <=-18 °C",N/A,N/A,N/A,N/A,N/A,N/A,N/A,N/A,N/A,N/A,N/A,"Guangdong, China",N/A,N/A,N/A,"Meat, Food, Sea Food, Fish, etc",N/A,N/A,"R22, R404, R407, R449, R448, R507",N/A,N/A,N/A,N/A,N/A,N/A,N/A,N/A,N/A,Provided,N/A,N/A,N/A,N/A,N/A,N/A,Pu (polyurethane),N/A,N/A,N/A,600ton,N/A,N/A,N/A,N/A,N/A,Original world famous compressors
4pcs-15.2(y) 4pcs-10.2(y) 4tcs-8.2(y) 12hp R410a Air Cooled Cold Storage Refrigeration Unit Blast Frezeer Condensing Units,https://www.alibaba.com/product-detail/4pcs-15-2-y-4pcs-10_1600852455206.html,2025-02-19 15:25:58,N/A,N/A,N/A,Refrigeration Compressor,N/A,N/A,Refrigeration room,N/A,N/A,Air Cooled Condensing Unit,N/A,N/A,N/A,N/A,N/A,N/A,N/A,N/A,N/A,Online support,Online support,N/A,N/A,N/A,N/A,N/A,N/A,N/A,N/A,N/A,N/A,N/A,N/A,N/A,N/A,4nes-14y-20d 4ncs-12.2(y) 4tes-12y-40p 12hp,N/A,N/A,N/A,N/A,260.000 kg,N/A,N/A,N/A,N/A,N/A,N/A,N/A,N/A,N/A,N/A,N/A,Wooden box,N/A,N/A,N/A,N/A,N/A,N/A,N/A,N/A,N/A,N/A,N/A,N/A,N/A,N/A,N/A,380V/50Hz,N/A,N/A,N/A,N/A,N/A,N/A,N/A,N/A,N/A,N/A,N/A,N/A,N/A,N/A,N/A,180X120X160 cm,N/A,N/A,N/A,N/A,N/A,N/A,N/A,N/A,N/A,N/A,green,N/A,N/A,N/A,N/A,N/A,N/A,280,N/A,N/A,N/A,N/A,Single item,N/A,1 Year,N/A,N/A,N/A,Not Available,N/A,N/A,N/A,N/A,N/A,N/A,N/A,N/A,N/A,N/A,5-7days,N/A,N/A,"Jiangsu, China",1 set,N/A,N/A,N/A,N/A,N/A,N/A,N/A,N/A,N/A,N/A,N/A,N/A,N/A,N/A,N/A,Not Available,N/A,N/A,N/A,N/A,N/A,N/A,N/A,N/A,N/A,N/A,N/A,N/A,N/A,N/A,N/A,N/A,N/A
Large Logistics Cold Storage Room Walking in Freezing Equipment Cold Room Storage Refrigeration Condenser Unit Cold Room,https://www.alibaba.com/product-detail/Large-Logistics-Cold-Storage-Room-Walking_1601244559561.html?s=p,2025-02-19 15:26:17,N/A,Other,N/A,N/A,N/A,color steel or stainless steel or aluminum,N/A,customized,N/A,N/A,N/A,N/A,customized,N/A,N/A,N/A,N/A,N/A,N/A,N/A,N/A,N/A,N/A,N/A,N/A,N/A,N/A,N/A,all available,Engineers available to service machinery overseas,N/A,N/A,N/A,N/A,N/A,N/A,N/A,N/A,N/A,N/A,0.500 kg,N/A,N/A,N/A,N/A,N/A,N/A,N/A,N/A,N/A,N/A,N/A,N/A,N/A,N/A,N/A,N/A,N/A,N/A,N/A,N/A,N/A,N/A,1 year,Competitive Price,N/A,N/A,N/A,N/A,N/A,N/A,N/A,N/A,N/A,N/A,N/A,N/A,N/A,N/A,N/A,N/A,N/A,220V/380V,N/A,1X0.1X0.02 cm,N/A,N/A,-45C to 20C,N/A,N/A,N/A,N/A,N/A,50mm 80mm 100mm 120mm 150mm 180mm 200mm,N/A,N/A,N/A,N/A,N/A,N/A,N/A,N/A,N/A,N/A,N/A,N/A,N/A,Single item,N/A,1 Year,N/A,N/A,N/A,Provided,N/A,N/A,N/A,N/A,N/A,N/A,N/A,N/A,N/A,N/A,N/A,N/A,N/A,"Jiangsu, China",N/A,N/A,N/A,N/A,N/A,N/A,N/A,N/A,N/A,N/A,N/A,N/A,N/A,N/A,N/A,N/A,N/A,N/A,N/A,N/A,N/A,N/A,N/A,N/A,"Fresh-keep, freezing, quick-freezing, fire-proof, explosion-proof,",N/A,N/A,Other,N/A,"hinged door, sliding door, standard return door",N/A,N/A,N/A,TECUMSEH
N/A,https://www.alibaba.com/product-detail/Hot-Selling-5hp-Cold-Storage-Cooling_1601200509255.html,2025-02-19 15:26:34,N/A,"motor, compressor",N/A,N/A,N/A,N/A,N/A,N/A,N/A,Scroll  Emerson Compressor Air-Cooled Condensing Units,N/A,N/A,Customized Size,N/A,N/A,N/A,Cold Storage Room Freezer Room,2HP~50HP,N/A,N/A,N/A,N/A,N/A,N/A,N/A,N/A,N/A,N/A,N/A,N/A,N/A,N/A,N/A,N/A,ISO9001 CE RoHS,N/A,N/A,N/A,N/A,N/A,150.000 kg,N/A,N/A,N/A,N/A,N/A,N/A,N/A,N/A,N/A,N/A,N/A,N/A,N/A,N/A,N/A,N/A,N/A,N/A,Compressor Condensing Units,N/A,N/A,N/A,N/A,"Sustainable, High-accuracy, Easy to Operate, Competitive Price",N/A,N/A,15C~-50C,N/A,N/A,N/A,N/A,N/A,N/A,N/A,N/A,N/A,N/A,N/A,N/A,N/A,"R22, R404A, R507A, R448A, and R449A refrigerants",3P/380V/50Hz,N/A,200X150X200 cm,N/A,N/A,N/A,N/A,N/A,CV Series,N/A,N/A,N/A,N/A,N/A,N/A,N/A,N/A,N/A,N/A,N/A,N/A,N/A,N/A,N/A,N/A,Single item,N/A,1 Year,N/A,N/A,N/A,Provided,N/A,N/A,N/A,N/A,N/A,N/A,N/A,N/A,N/A,N/A,N/A,N/A,N/A,"Guangdong, China",N/A,N/A,N/A,Refrigerant Cold Room,N/A,Air Coolded Condenser,N/A,N/A,N/A,N/A,N/A,N/A,N/A,N/A,N/A,N/A,N/A,200,N/A,N/A,N/A,N/A,N/A,N/A,N/A,N/A,N/A,1-100ton,N/A,N/A,N/A,N/A,N/A,Emerson
Coolroom Panels Polyurethane Core Material Structural Insulated Pu Cold Room Sandwich Panels,https://www.alibaba.com/product-detail/Coolroom-Panels-Polyurethane-Core-Material-Structural_1601046162660.html?s=p,2025-02-19 15:26:51,N/A,N/A,N/A,N/A,N/A,Stainless steel or Color steel,N/A,N/A,N/A,N/A,N/A,N/A,N/A,N/A,N/A,N/A,Cold Room,N/A,N/A,N/A,N/A,N/A,N/A,N/A,N/A,N/A,"Online technical support, Onsite Installation, Onsite Training, Onsite Inspection, Free spare parts",N/A,N/A,N/A,N/A,N/A,N/A,N/A,N/A,Cam Lock Cold Room Panel,N/A,N/A,N/A,N/A,1.000 kg,N/A,N/A,N/A,N/A,N/A,Customized,N/A,N/A,Shunwei,N/A,N/A,N/A,N/A,N/A,N/A,N/A,N/A,N/A,N/A,N/A,N/A,N/A,Lifetime,N/A,Core material,N/A,N/A,N/A,N/A,N/A,N/A,N/A,N/A,N/A,N/A,N/A,N/A,N/A,N/A,N/A,N/A,N/A,N/A,45X30X30 cm,N/A,N/A,N/A,N/A,N/A,N/A,40-45kg/m3,N/A,N/A,N/A,Customer's Require,N/A,"Hainan, China",N/A,N/A,N/A,N/A,N/A,N/A,N/A,N/A,N/A,Single item,N/A,N/A,N/A,N/A,N/A,N/A,N/A,N/A,"graphic design, 3D model design, total solution for projects, Cross Categories Consolidation",N/A,N/A,metal,N/A,N/A,N/A,N/A,N/A,Industrial,N/A,N/A,N/A,960mm or Customized,B1 /B2 Grade OPTIONAL,N/A,N/A,N/A,N/A,N/A,N/A,N/A,N/A,N/A,Wanhua,N/A,N/A,N/A,N/A,N/A,N/A,N/A,N/A,N/A,N/A,N/A,N/A,N/A,N/A,N/A,N/A,N/A,N/A,50/75/100/120/150/200mm,N/A,N/A
Factory Price Cold Room Storage Walk in Cooler with Condensing Unit,https://www.alibaba.com/product-detail/Factory-Price-Cold-Room-Storage-Walk_1601054581157.html,2025-02-19 15:27:04,Frascold,"PLC, Pump, compressor",N/A,N/A,N/A,N/A,N/A,N/A,N/A,Freezer cold room screw refrigeration units,N/A,N/A,custom made,N/A,N/A,N/A,N/A,N/A,N/A,Online Guidance,N/A,N/A,N/A,N/A,N/A,N/A,N/A,N/A,N/A,N/A,N/A,N/A,N/A,N/A,N/A,N/A,N/A,N/A,N/A,N/A,500.000 kg,N/A,N/A,N/A,N/A,N/A,N/A,Zhongsheng,N/A,N/A,N/A,N/A,N/A,N/A,N/A,N/A,N/A,N/A,N/A,N/A,N/A,N/A,50/75/100/120/150/200mm,N/A,Long Service Life,N/A,N/A,N/A,N/A,N/A,N/A,N/A,N/A,N/A,N/A,N/A,N/A,N/A,N/A,N/A,N/A,N/A,110v~480v,N/A,200X100X100 cm,N/A,N/A,45℃~-145℃,N/A,N/A,N/A,N/A,N/A,"100MM, 200mm, 120mm, 75mm, Other, 50MM, 150mm, Customer requirements",N/A,N/A,N/A,N/A,N/A,N/A,N/A,N/A,N/A,N/A,N/A,N/A,N/A,Single item,N/A,3 years,Container,N/A,N/A,Provided,N/A,N/A,N/A,N/A,N/A,Polyurethane Double-sided Color Steel,-25℃ ~ 8℃,N/A,N/A,N/A,N/A,N/A,N/A,"Hebei, China",1PC,N/A,N/A,N/A,N/A,N/A,"R404A,R134A,R507A,R22",N/A,N/A,N/A,N/A,N/A,N/A,N/A,N/A,N/A,Provided,N/A,N/A,N/A,N/A,N/A,N/A,N/A,N/A,Wooden packaging,N/A,Customer requirements,"380V, 50HZ",N/A,N/A,N/A,N/A,"Copeland, Bitzer, Daikin, hitachi, Maneurop, Fusheng, Emerson, Frascold, Other"
Large Logistics Cold Storage Room Walking in Freezing Equipment Cold Room Storage Refrigeration Condenser Unit Cold Room Price,https://www.alibaba.com/product-detail/Large-Logistics-Cold-Storage-Room-Walking_1601245997973.html,2025-02-19 15:27:15,N/A,Condensing unit,N/A,N/A,N/A,Stainless steel or color steel,N/A,N/A,N/A,N/A,N/A,N/A,customize,N/A,N/A,N/A,N/A,N/A,N/A,N/A,N/A,N/A,N/A,N/A,N/A,Hinged Door Sliding Door,N/A,N/A,N/A,N/A,N/A,N/A,N/A,N/A,N/A,N/A,N/A,N/A,N/A,N/A,300.000 kg,N/A,N/A,N/A,N/A,N/A,N/A,Emerson,N/A,N/A,N/A,N/A,N/A,N/A,N/A,N/A,N/A,N/A,N/A,N/A,N/A,N/A,N/A,N/A,Easy to Operate,N/A,N/A,N/A,N/A,N/A,N/A,N/A,N/A,N/A,N/A,N/A,N/A,N/A,N/A,N/A,N/A,N/A,AC 220V~240V,N/A,200X200X200 cm,N/A,N/A,N/A,N/A,N/A,6F-40.2-1.5P,N/A,N/A,N/A,N/A,N/A,Polyuerthane Sandwich Panel,N/A,N/A,N/A,N/A,N/A,N/A,> 1000W,N/A,N/A,N/A,Single item,N/A,3 years,Container,N/A,N/A,Provided,N/A,N/A,N/A,N/A,N/A,N/A,N/A,N/A,N/A,N/A,N/A,N/A,N/A,"Jiangxi, China",N/A,N/A,N/A,N/A,N/A,N/A,R-22 R-404A R-407 R-408 R-507,N/A,N/A,N/A,N/A,N/A,N/A,N/A,N/A,N/A,Provided,N/A,N/A,N/A,N/A,Fruits vegetables meat beer dairy blood breads,N/A,N/A,N/A,N/A,N/A,N/A,N/A,N/A,N/A,N/A,N/A,Emerson
3 HP Fully Enclosed Integrated Cold Storage Unit High-Performance Air-Cooled Condensing Energy Saving Remote Controlled,https://www.alibaba.com/product-detail/3-HP-Fully-Enclosed-Integrated-Cold_11000018999125.html,2025-02-19 15:27:32,N/A,"Pressure vessel, motor, Bearing, PLC, Other",N/A,N/A,N/A,N/A,N/A,N/A,N/A,N/A,N/A,N/A,N/A,N/A,N/A,N/A,"Fresh-keeping, frozen food storage, quick-freezing",N/A,N/A,N/A,N/A,N/A,N/A,N/A,N/A,N/A,N/A,N/A,14~30KWH/DAY,N/A,N/A,N/A,N/A,N/A,ce,N/A,N/A,N/A,N/A,N/A,40.000 kg,N/A,N/A,N/A,N/A,N/A,N/A,N/A,N/A,Tianshun,N/A,N/A,N/A,N/A,N/A,Provided,N/A,N/A,N/A,N/A,N/A,Air cooled,N/A,N/A,"Sustainable, Automatic, High-accuracy, Easy to Operate, Energy saving",N/A,N/A,"-5~+10, 0~-20 °C,-35~0",N/A,N/A,N/A,N/A,N/A,N/A,N/A,N/A,N/A,N/A,N/A,N/A,N/A,"R22,R404A or others",440~380v/220~230v/110v,N/A,70X32X56 cm,N/A,N/A,N/A,N/A,N/A,tj0803,N/A,N/A,N/A,N/A,N/A,N/A,N/A,N/A,N/A,N/A,N/A,N/A,N/A,N/A,N/A,N/A,Single item,N/A,2 years,N/A,N/A,Plywood Case,Provided,N/A,N/A,N/A,N/A,N/A,N/A,N/A,Yes,N/A,N/A,N/A,N/A,N/A,"Henan, China",N/A,N/A,N/A,N/A,N/A,N/A,N/A,N/A,N/A,N/A,N/A,N/A,N/A,N/A,N/A,N/A,N/A,N/A,N/A,N/A,N/A,N/A,N/A,N/A,N/A,N/A,N/A,N/A,N/A,N/A,N/A,N/A,N/A,Bitzer/Emerson
Large Logistics Cold Storage Room Walking in Freezing Equipment Cold Room Storage Refrigeration Condenser Unit Cold Room Price,https://www.alibaba.com/product-detail/Large-Logistics-Cold-Storage-Room-Walking_1601242247417.html,2025-02-19 15:27:50,N/A,motor,N/A,N/A,N/A,N/A,N/A,N/A,N/A,Air Cooled Condenser,N/A,N/A,N/A,N/A,Customer's Request,N/A,N/A,N/A,N/A,N/A,N/A,N/A,N/A,N/A,18KW~4000KW,N/A,N/A,N/A,N/A,N/A,N/A,N/A,N/A,N/A,N/A,N/A,N/A,N/A,N/A,N/A,N/A,N/A,N/A,N/A,N/A,N/A,N/A,N/A,N/A,N/A,N/A,N/A,N/A,N/A,N/A,N/A,N/A,N/A,N/A,N/A,N/A,N/A,N/A,N/A,"Sustainable, Automatic, High-accuracy, Easy to Operate, Competitive Price, High Productivity",N/A,N/A,"-20-8c, 8-18c, 18-20c, 20-25c, 25-30c, 30-35c",N/A,N/A,N/A,N/A,N/A,N/A,N/A,N/A,N/A,2~100HP,N/A,N/A,N/A,"R22,R404A,R507,R134",220V~240v 380V~400v,"220-240V/50Hz,380V-440V/3Ph/50HZ-60HZ",N/A,N/A,N/A,N/A,N/A,N/A,N/A,N/A,N/A,N/A,N/A,N/A,N/A,N/A,N/A,N/A,"Bitzer,Copeland,Daming,Blait",N/A,N/A,N/A,N/A,N/A,N/A,N/A,N/A,1 Year,N/A,N/A,N/A,Provided,N/A,N/A,N/A,N/A,N/A,N/A,N/A,N/A,N/A,N/A,N/A,N/A,N/A,"Henan, China",N/A,N/A,N/A,Refrigerating System Parts,N/A,N/A,R404A/R134A/R507,Copper,N/A,N/A,N/A,Semi-hermitic Reciprocating Compressors,N/A,N/A,N/A,N/A,N/A,100,N/A,N/A,N/A,N/A,N/A,N/A,N/A,N/A,N/A,1~100KW,N/A,N/A,N/A,N/A,N/A,Bitzer
Competitive Price Without Fan Motor Cold Storage Room Compact Vertical Condensers for Condensing Unit,https://www.alibaba.com/product-detail/Competitive-Price-Without-Fan-Motor-Cold_1601375637456.html,2025-02-19 15:28:01,N/A,N/A,N/A,Refrigeration Parts,N/A,N/A,Cold Storage Refrigeration System,N/A,N/A,N/A,N/A,N/A,N/A,N/A,N/A,N/A,N/A,N/A,N/A,N/A,N/A,N/A,N/A,N/A,N/A,N/A,N/A,N/A,N/A,N/A,N/A,N/A,N/A,N/A,N/A,N/A,N/A,N/A,N/A,N/A,N/A,online Service,N/A,N/A,N/A,N/A,N/A,N/A,N/A,N/A,High-performance,N/A,N/A,N/A,N/A,N/A,N/A,N/A,N/A,N/A,N/A,N/A,N/A,N/A,N/A,N/A,N/A,N/A,N/A,Cold Storage Refrigeration System,N/A,N/A,N/A,N/A,N/A,N/A,N/A,N/A,N/A,N/A,N/A,N/A,N/A,N/A,N/A,N/A,N/A,N/A,Condenser,1/2/4/6 sets,N/A,N/A,N/A,N/A,N/A,N/A,N/A,N/A,N/A,N/A,N/A,8.7,N/A,N/A,N/A,N/A,N/A,N/A,N/A,1 Year,Durable,N/A,N/A,N/A,N/A,N/A,N/A,N/A,N/A,N/A,N/A,N/A,Other,N/A,N/A,N/A,N/A,"Tianjin, China",1pcs,N/A,N/A,N/A,N/A,N/A,N/A,N/A,N/A,N/A,N/A,N/A,N/A,N/A,Horizontal,6㎡,N/A,N/A,N/A,N/A,N/A,N/A,N/A,N/A,N/A,N/A,N/A,N/A,N/A,N/A,N/A,N/A,N/A,N/A
OEM VRCOOLER Walk in Cooler Condenser and Evaporator Freezer Storage Aluminum Fin air Cooler for Cold Room Fan Unit Cooler,https://www.alibaba.com/product-detail/OEM-VRCOOLER-Walk-in-Cooler-Condenser_1600157249263.html,2025-02-19 15:28:15,N/A,Pressure vessel,N/A,AIR COOLER,N/A,N/A,N/A,N/A,N/A,coil as evaporator for for Poultry processing,N/A,N/A,1300*510*740,N/A,N/A,N/A,N/A,N/A,Custom made,N/A,N/A,N/A,220V/380V-Custom made,N/A,N/A,N/A,N/A,N/A,N/A,N/A,N/A,N/A,N/A,N/A,N/A,N/A,8.-169kw,N/A,N/A,N/A,315.000 kg,N/A,N/A,N/A,N/A,"9.52/12.7/15.8, according to the mold",N/A,VRcooler,N/A,N/A,N/A,N/A,N/A,N/A,N/A,N/A,N/A,N/A,N/A,N/A,N/A,N/A,N/A,N/A,Competitive Price,N/A,N/A,N/A,N/A,N/A,N/A,N/A,N/A,N/A,N/A,N/A,N/A,N/A,N/A,N/A,N/A,N/A,N/A,N/A,150X40X65 cm,"Wave fin, flat fin",N/A,N/A,N/A,N/A,N/A,N/A,N/A,N/A,N/A,N/A,N/A,N/A,Ceiling Mount,N/A,N/A,N/A,200,N/A,N/A,N/A,N/A,Single item,N/A,1 Year,N/A,CUstom made,N/A,Provided,N/A,N/A,N/A,AC,N/A,N/A,N/A,N/A,N/A,N/A,N/A,N/A,N/A,"Jiangsu, China",N/A,N/A,N/A,N/A,N/A,N/A,N/A,"aluminum, copper, SS304/316",N/A,N/A,N/A,N/A,N/A,N/A,N/A,N/A,Provided,N/A,N/A,N/A,N/A,N/A,N/A,N/A,N/A,N/A,N/A,N/A,N/A,N/A,N/A,N/A,N/A,Custom
"Top-mounted Freezing Cold Storage Condenser Unit,Refrigeration Condenser Unit,Air Cooled",https://www.alibaba.com/product-detail/Top-mounted-Freezing-Cold-Storage-Condenser_1600920692526.html,2025-02-19 15:28:30,N/A,"motor, Compressor",N/A,N/A,N/A,N/A,N/A,N/A,N/A,Monoblock condensing unit,N/A,N/A,1220*815*540mm,N/A,N/A,N/A,N/A,N/A,N/A,Video technical support,N/A,N/A,N/A,N/A,N/A,N/A,N/A,N/A,1035W,Free spare parts,N/A,N/A,N/A,N/A,ce,N/A,N/A,N/A,N/A,N/A,N/A,N/A,Shanghai,N/A,N/A,N/A,N/A,N/A,N/A,N/A,N/A,2500 Piece/Pieces per   Month,N/A,N/A,N/A,N/A,"1 pcs 1 box,Wooden Pallet",N/A,Carel,N/A,N/A,N/A,N/A,N/A,"Sustainable, Automatic, High-accuracy, Easy to Operate, High Productivity, Other, Remote Monitoring, Long Service Life, Remote Control, Patented Product, Energy saving, Low Maintenance Cost, Famous brand PLC, Accurate temperature control, Digital",N/A,N/A,N/A,N/A,N/A,N/A,Carel,N/A,N/A,N/A,N/A,Sanyo,N/A,N/A,N/A,N/A,R404a,220V,N/A,N/A,N/A,Danfoss,N/A,N/A,N/A,SS-DC100/RM,N/A,N/A,N/A,N/A,N/A,N/A,N/A,N/A,N/A,N/A,N/A,N/A,N/A,N/A,N/A,N/A,N/A,N/A,1 Year,N/A,N/A,N/A,Provided,N/A,N/A,N/A,N/A,N/A,N/A,N/A,N/A,N/A,N/A,N/A,N/A,N/A,"Jiangsu, China",N/A,N/A,N/A,N/A,brushless dc motor,N/A,N/A,N/A,N/A,N/A,N/A,N/A,N/A,N/A,N/A,N/A,N/A,N/A,N/A,Carel,N/A,N/A,N/A,N/A,N/A,N/A,N/A,5CBM,N/A,N/A,N/A,N/A,N/A,Sanyo
N/A,https://www.alibaba.com/product-detail/Freezer-Room-Refrigeration-Unit-Cold-Room_511938529.html,2025-02-19 15:28:49,N/A,"Pressure vessel, motor, Other, Bearing, Gear, Gearbox, PLC, Pump, Engine",N/A,N/A,N/A,N/A,N/A,N/A,N/A,Condensing Unit,N/A,N/A,CUSTOMIZED,N/A,N/A,N/A,N/A,N/A,N/A,N/A,N/A,N/A,N/A,N/A,N/A,N/A,N/A,N/A,N/A,N/A,N/A,N/A,N/A,N/A,N/A,N/A,N/A,Condensing Unit,N/A,N/A,36.000 kg,N/A,N/A,N/A,N/A,N/A,N/A,N/A,N/A,N/A,N/A,N/A,N/A,N/A,Long Life,N/A,N/A,N/A,N/A,N/A,N/A,N/A,N/A,N/A,"Sustainable, High-accuracy, Easy to Operate, Competitive Price, High Productivity",N/A,N/A,"-20-8c, 18-20c, 8-18c, 20-25c",N/A,N/A,N/A,N/A,Customzied Size,N/A,N/A,N/A,Customer's Request,N/A,N/A,N/A,Customer-made,R404a,5KW,N/A,21X26X22 cm,N/A,N/A,N/A,Cold Stroage Room,N/A,XMJL,N/A,N/A,N/A,Hermetic Air-cooled Condensing Unit,N/A,N/A,N/A,N/A,N/A,N/A,N/A,N/A,N/A,N/A,N/A,N/A,Single item,N/A,1 Year,N/A,N/A,N/A,Provided,N/A,N/A,N/A,N/A,N/A,N/A,N/A,N/A,N/A,N/A,N/A,N/A,N/A,"Fujian, China",N/A,N/A,N/A,N/A,N/A,N/A,N/A,N/A,N/A,N/A,N/A,N/A,N/A,Air Cooling Water Cooling,N/A,N/A,N/A,200,N/A,N/A,N/A,N/A,N/A,N/A,Quick-freezing,N/A,N/A,30ton,N/A,N/A,N/A,N/A,N/A,Xiamen Jialiang
Professional R&D Team Outside Cold Room Condensing Unit Cold Storage Condenser on Sale,https://www.alibaba.com/product-detail/Professional-R-D-Team-Outside-Cold_1600180338433.html,2025-02-19 15:28:58,N/A,N/A,N/A,N/A,N/A,N/A,N/A,N/A,N/A,N/A,N/A,N/A,N/A,N/A,N/A,N/A,N/A,N/A,N/A,N/A,N/A,N/A,N/A,N/A,N/A,N/A,N/A,N/A,N/A,N/A,N/A,N/A,N/A,N/A,N/A,N/A,N/A,N/A,N/A,N/A,N/A,N/A,N/A,N/A,N/A,N/A,N/A,N/A,N/A,N/A,N/A,N/A,N/A,N/A,N/A,N/A,N/A,N/A,N/A,N/A,N/A,N/A,N/A,N/A,N/A,N/A,N/A,N/A,N/A,N/A,N/A,N/A,N/A,N/A,N/A,N/A,N/A,N/A,N/A,N/A,N/A,N/A,N/A,N/A,N/A,N/A,N/A,N/A,N/A,N/A,N/A,N/A,N/A,N/A,N/A,N/A,N/A,N/A,N/A,N/A,N/A,N/A,N/A,N/A,N/A,N/A,N/A,N/A,N/A,N/A,N/A,N/A,N/A,N/A,N/A,N/A,N/A,N/A,N/A,N/A,N/A,N/A,N/A,N/A,N/A,N/A,N/A,N/A,N/A,N/A,N/A,N/A,N/A,N/A,N/A,N/A,N/A,N/A,N/A,N/A,N/A,N/A,N/A,N/A,N/A,N/A,N/A,N/A,N/A,N/A,N/A,N/A,N/A,N/A,N/A,N/A,N/A,N/A,N/A,N/A,N/A,N/A
N/A,https://www.alibaba.com/product-detail/Industrial-Refrigeration-Unit-Customized-Condenser-Unit_1601376423367.html,2025-02-19 15:29:14,N/A,"motor, compressor",N/A,N/A,N/A,N/A,N/A,N/A,N/A,Water cooling condensing unit,N/A,N/A,custom,N/A,N/A,N/A,N/A,3~50HP,N/A,N/A,N/A,N/A,N/A,N/A,N/A,N/A,N/A,Shell and tube condenser,N/A,N/A,N/A,N/A,N/A,N/A,CE Certificate,N/A,N/A,N/A,OEM ODM Services,N/A,200.000 kg,N/A,N/A,N/A,N/A,N/A,N/A,N/A,contact us,N/A,N/A,N/A,N/A,N/A,N/A,N/A,N/A,N/A,N/A,N/A,N/A,N/A,N/A,N/A,High-accuracy,N/A,N/A,15~-25,N/A,N/A,N/A,N/A,N/A,N/A,N/A,N/A,N/A,N/A,N/A,N/A,N/A,R22/R404A,custom,N/A,100X85X85 cm,N/A,N/A,N/A,N/A,N/A,custom,N/A,N/A,N/A,N/A,N/A,N/A,N/A,N/A,N/A,N/A,N/A,N/A,N/A,N/A,N/A,N/A,Single item,N/A,1 Year,N/A,N/A,N/A,Provided,N/A,N/A,N/A,N/A,N/A,N/A,N/A,N/A,N/A,N/A,N/A,N/A,N/A,"Zhejiang, China",N/A,N/A,N/A,N/A,N/A,N/A,R22/R404A,N/A,N/A,N/A,N/A,Semi-hermitic Reciprocating Compressors,N/A,N/A,N/A,N/A,N/A,200,N/A,N/A,N/A,N/A,N/A,N/A,N/A,N/A,N/A,20t,N/A,N/A,Green,N/A,N/A,Bitzer
Factory Price DJ Cold Storage Air Cooler Evaporator Condenser Cold Room New Emerson Motor Engine Various Models Available,https://www.alibaba.com/product-detail/Factory-Price-DJ-Cold-Storage-Air_1601061404456.html,2025-02-19 15:29:27,N/A,"motor, Engine",N/A,N/A,N/A,N/A,N/A,N/A,N/A,Air Cooled Refrigeration Condensing Unit,N/A,N/A,1850*670*850,N/A,N/A,N/A,Industrial Cooling Solutions,N/A,N/A,N/A,N/A,2/3/4,N/A,N/A,N/A,N/A,N/A,N/A,18.8kw,N/A,N/A,N/A,N/A,N/A,N/A,N/A,N/A,N/A,N/A,N/A,100.000 kg,N/A,N/A,N/A,N/A,N/A,N/A,N/A,N/A,N/A,N/A,N/A,N/A,N/A,N/A,N/A,N/A,N/A,N/A,N/A,N/A,N/A,N/A,N/A,Automatic,N/A,N/A,N/A,N/A,N/A,N/A,N/A,N/A,N/A,N/A,N/A,N/A,N/A,N/A,N/A,N/A,Air Cooled Refrigeration,380V/3P/50HZ,N/A,1850X670X850 cm,N/A,N/A,N/A,N/A,N/A,DJ-18.8/100,N/A,N/A,N/A,N/A,White,N/A,N/A,N/A,N/A,N/A,N/A,N/A,N/A,N/A,N/A,N/A,Single item,N/A,1 Year,N/A,N/A,Wooden Case,Provided,N/A,N/A,N/A,N/A,N/A,N/A,N/A,N/A,N/A,N/A,N/A,N/A,N/A,"Shanghai, China",N/A,N/A,N/A,N/A,N/A,N/A,N/A,N/A,N/A,N/A,N/A,N/A,N/A,N/A,N/A,N/A,N/A,N/A,N/A,N/A,N/A,N/A,N/A,N/A,N/A,N/A,N/A,100m²,N/A,N/A,N/A,N/A,N/A,Emerson
4HP CB-4HP air Cooled air Dryer Condenser for Cold Storage,https://www.alibaba.com/product-detail/4HP-CB-4HP-air-Cooled-air_60585421397.html,2025-02-19 15:29:54,N/A,N/A,N/A,N/A,N/A,N/A,N/A,N/A,N/A,N/A,N/A,N/A,N/A,N/A,N/A,N/A,N/A,N/A,N/A,N/A,N/A,N/A,N/A,N/A,N/A,N/A,N/A,N/A,N/A,N/A,N/A,N/A,N/A,N/A,N/A,N/A,N/A,N/A,N/A,N/A,N/A,N/A,N/A,N/A,N/A,N/A,N/A,N/A,N/A,N/A,N/A,N/A,N/A,N/A,N/A,N/A,N/A,N/A,N/A,N/A,N/A,N/A,N/A,N/A,N/A,N/A,N/A,N/A,N/A,N/A,N/A,N/A,N/A,N/A,N/A,N/A,N/A,N/A,N/A,N/A,N/A,N/A,N/A,N/A,N/A,N/A,N/A,N/A,N/A,N/A,N/A,N/A,N/A,N/A,N/A,N/A,N/A,N/A,N/A,N/A,N/A,N/A,N/A,N/A,N/A,N/A,N/A,N/A,N/A,N/A,N/A,N/A,N/A,N/A,N/A,N/A,N/A,N/A,N/A,N/A,N/A,N/A,N/A,N/A,N/A,N/A,N/A,N/A,N/A,N/A,N/A,N/A,N/A,N/A,N/A,N/A,N/A,N/A,N/A,N/A,N/A,N/A,N/A,N/A,N/A,N/A,N/A,N/A,N/A,N/A,N/A,N/A,N/A,N/A,N/A,N/A,N/A,N/A,N/A,N/A,N/A,N/A
Frozen Foods Seafood Storage Walk in Cold Room Glass Doors Chiller Freezer With Remote Condensing Units,https://www.alibaba.com/product-detail/Frozen-Foods-Seafood-Storage-Walk-in_1601041315794.html,2025-02-19 15:30:25,N/A,N/A,N/A,N/A,N/A,N/A,N/A,N/A,N/A,N/A,N/A,N/A,N/A,N/A,N/A,N/A,N/A,N/A,N/A,N/A,N/A,N/A,N/A,N/A,N/A,N/A,N/A,N/A,N/A,N/A,N/A,N/A,N/A,N/A,N/A,N/A,N/A,N/A,N/A,N/A,N/A,N/A,N/A,N/A,N/A,N/A,N/A,N/A,N/A,N/A,N/A,N/A,N/A,N/A,N/A,N/A,N/A,N/A,N/A,N/A,N/A,N/A,N/A,N/A,N/A,N/A,N/A,N/A,N/A,N/A,N/A,N/A,N/A,N/A,N/A,N/A,N/A,N/A,N/A,N/A,N/A,N/A,N/A,N/A,N/A,N/A,N/A,N/A,N/A,N/A,N/A,N/A,N/A,N/A,N/A,N/A,N/A,N/A,N/A,N/A,N/A,N/A,N/A,N/A,N/A,N/A,N/A,N/A,N/A,N/A,N/A,N/A,N/A,N/A,N/A,N/A,N/A,N/A,N/A,N/A,N/A,N/A,N/A,N/A,N/A,N/A,N/A,N/A,N/A,N/A,N/A,N/A,N/A,N/A,N/A,N/A,N/A,N/A,N/A,N/A,N/A,N/A,N/A,N/A,N/A,N/A,N/A,N/A,N/A,N/A,N/A,N/A,N/A,N/A,N/A,N/A,N/A,N/A,N/A,N/A,N/A,N/A
Stainless SteelAir Cooling Vertical Fridge Large Capacity Industrial Commercial Refrigerator Big Freezer,https://www.alibaba.com/product-detail/Stainless-SteelAir-Cooling-Vertical-Fridge-Large_1601359016268.html?s=p,2025-02-19 15:30:58,N/A,N/A,N/A,N/A,N/A,N/A,N/A,N/A,N/A,N/A,N/A,N/A,N/A,N/A,N/A,N/A,N/A,N/A,N/A,N/A,N/A,N/A,N/A,N/A,N/A,N/A,N/A,N/A,N/A,N/A,N/A,N/A,N/A,N/A,N/A,N/A,N/A,N/A,N/A,N/A,N/A,N/A,N/A,N/A,N/A,N/A,N/A,N/A,N/A,N/A,N/A,N/A,N/A,N/A,N/A,N/A,N/A,N/A,N/A,N/A,N/A,N/A,N/A,N/A,N/A,N/A,N/A,N/A,N/A,N/A,N/A,N/A,N/A,N/A,N/A,N/A,N/A,N/A,N/A,N/A,N/A,N/A,N/A,N/A,N/A,N/A,N/A,N/A,N/A,N/A,N/A,N/A,N/A,N/A,N/A,N/A,N/A,N/A,N/A,N/A,N/A,N/A,N/A,N/A,N/A,N/A,N/A,N/A,N/A,N/A,N/A,N/A,N/A,N/A,N/A,N/A,N/A,N/A,N/A,N/A,N/A,N/A,N/A,N/A,N/A,N/A,N/A,N/A,N/A,N/A,N/A,N/A,N/A,N/A,N/A,N/A,N/A,N/A,N/A,N/A,N/A,N/A,N/A,N/A,N/A,N/A,N/A,N/A,N/A,N/A,N/A,N/A,N/A,N/A,N/A,N/A,N/A,N/A,N/A,N/A,N/A,N/A
Factory Price DD DJ DL a Variety of Models Cold Storage Air Cooler Evaporator and Condenser for Cold Room,https://www.alibaba.com/product-detail/Factory-Price-DD-DJ-DL-a_1600744328764.html,2025-02-19 15:31:51,N/A,Engine,N/A,N/A,N/A,N/A,N/A,N/A,N/A,N/A,N/A,"4mm, 6mm, 9mm or customized",N/A,N/A,N/A,N/A,Heat Transfer/Chiller,N/A,N/A,Video technical support,N/A,N/A,N/A,N/A,N/A,N/A,N/A,N/A,N/A,Free spare parts,N/A,8㎡ to 500㎡,N/A,N/A,CE,N/A,N/A,N/A,N/A,N/A,50.000 kg,N/A,N/A,N/A,N/A,N/A,N/A,PENGUIN,N/A,N/A,N/A,N/A,N/A,N/A,N/A,N/A,N/A,N/A,N/A,N/A,N/A,N/A,N/A,N/A,N/A,N/A,N/A,-40℃ to +20℃,N/A,N/A,N/A,N/A,N/A,N/A,N/A,N/A,N/A,N/A,N/A,N/A,N/A,N/A,N/A,N/A,50X50X50 cm,N/A,N/A,N/A,N/A,N/A,N/A,N/A,N/A,N/A,N/A,White/Blue/Silver/stainless steel color,N/A,N/A,N/A,N/A,N/A,N/A,N/A,N/A,N/A,N/A,N/A,Single item,N/A,1 Year,N/A,N/A,N/A,Provided,N/A,N/A,N/A,N/A,YES,N/A,N/A,N/A,N/A,N/A,N/A,N/A,N/A,"Jiangsu, China",N/A,N/A,N/A,N/A,N/A,N/A,N/A,N/A,N/A,N/A,N/A,N/A,N/A,N/A,N/A,N/A,Provided,100,N/A,N/A,N/A,N/A,N/A,N/A,N/A,N/A,Copper/Titanium/High efficiency threaded pipe,N/A,N/A,N/A,N/A,N/A,N/A,N/A
R717 NH3 Ammonia Refrigeration Industrial Evaporative Condenser,https://www.alibaba.com/product-detail/R717-NH3-Ammonia-Refrigeration-Industrial-Evaporative_62309359884.html?s=p,2025-02-19 15:32:28,N/A,N/A,N/A,N/A,N/A,N/A,N/A,N/A,N/A,N/A,N/A,N/A,N/A,N/A,N/A,N/A,N/A,N/A,N/A,N/A,N/A,N/A,N/A,N/A,N/A,N/A,N/A,N/A,N/A,N/A,N/A,N/A,N/A,N/A,N/A,N/A,N/A,N/A,N/A,N/A,N/A,N/A,N/A,N/A,N/A,N/A,N/A,N/A,N/A,N/A,N/A,N/A,N/A,N/A,N/A,N/A,N/A,N/A,N/A,N/A,N/A,N/A,N/A,N/A,N/A,N/A,N/A,N/A,N/A,N/A,N/A,N/A,N/A,N/A,N/A,N/A,N/A,N/A,N/A,N/A,N/A,N/A,N/A,N/A,N/A,N/A,N/A,N/A,N/A,N/A,N/A,N/A,N/A,N/A,N/A,N/A,N/A,N/A,N/A,N/A,N/A,N/A,N/A,N/A,N/A,N/A,N/A,N/A,N/A,N/A,N/A,N/A,N/A,N/A,N/A,N/A,N/A,N/A,N/A,N/A,N/A,N/A,N/A,N/A,N/A,N/A,N/A,N/A,N/A,N/A,N/A,N/A,N/A,N/A,N/A,N/A,N/A,N/A,N/A,N/A,N/A,N/A,N/A,N/A,N/A,N/A,N/A,N/A,N/A,N/A,N/A,N/A,N/A,N/A,N/A,N/A,N/A,N/A,N/A,N/A,N/A,N/A
Cold Storage Room Refrigeration Equipment Units Remote Compressor Condenser Units air Cooler,https://www.alibaba.com/product-detail/Cold-Storage-Room-Refrigeration-Equipment-Units_1601234415433.html,2025-02-19 15:33:03,N/A,N/A,N/A,N/A,N/A,N/A,N/A,N/A,N/A,N/A,N/A,N/A,N/A,N/A,N/A,N/A,N/A,N/A,N/A,N/A,N/A,N/A,N/A,N/A,N/A,N/A,N/A,N/A,N/A,N/A,N/A,N/A,N/A,N/A,N/A,N/A,N/A,N/A,N/A,N/A,N/A,N/A,N/A,N/A,N/A,N/A,N/A,N/A,N/A,N/A,N/A,N/A,N/A,N/A,N/A,N/A,N/A,N/A,N/A,N/A,N/A,N/A,N/A,N/A,N/A,N/A,N/A,N/A,N/A,N/A,N/A,N/A,N/A,N/A,N/A,N/A,N/A,N/A,N/A,N/A,N/A,N/A,N/A,N/A,N/A,N/A,N/A,N/A,N/A,N/A,N/A,N/A,N/A,N/A,N/A,N/A,N/A,N/A,N/A,N/A,N/A,N/A,N/A,N/A,N/A,N/A,N/A,N/A,N/A,N/A,N/A,N/A,N/A,N/A,N/A,N/A,N/A,N/A,N/A,N/A,N/A,N/A,N/A,N/A,N/A,N/A,N/A,N/A,N/A,N/A,N/A,N/A,N/A,N/A,N/A,N/A,N/A,N/A,N/A,N/A,N/A,N/A,N/A,N/A,N/A,N/A,N/A,N/A,N/A,N/A,N/A,N/A,N/A,N/A,N/A,N/A,N/A,N/A,N/A,N/A,N/A,N/A
N/A,https://www.alibaba.com/product-detail/Automated-Warehouse-Solution-Cold-Rooms-Rack_1601314970330.html?s=p,2025-02-19 15:34:00,N/A,N/A,N/A,N/A,N/A,N/A,N/A,N/A,N/A,N/A,N/A,N/A,N/A,N/A,N/A,N/A,N/A,N/A,N/A,N/A,N/A,N/A,N/A,N/A,N/A,N/A,N/A,N/A,N/A,N/A,N/A,N/A,N/A,N/A,N/A,N/A,N/A,N/A,N/A,N/A,N/A,N/A,N/A,N/A,N/A,N/A,N/A,N/A,N/A,N/A,N/A,N/A,N/A,N/A,N/A,N/A,N/A,N/A,N/A,N/A,N/A,N/A,N/A,N/A,N/A,N/A,N/A,N/A,N/A,N/A,N/A,N/A,N/A,N/A,N/A,N/A,N/A,N/A,N/A,N/A,N/A,N/A,N/A,N/A,N/A,N/A,N/A,N/A,N/A,N/A,N/A,N/A,N/A,N/A,N/A,N/A,N/A,N/A,N/A,N/A,N/A,N/A,N/A,N/A,N/A,N/A,N/A,N/A,N/A,N/A,N/A,N/A,N/A,N/A,N/A,N/A,N/A,N/A,N/A,N/A,N/A,N/A,N/A,N/A,N/A,N/A,N/A,N/A,N/A,N/A,N/A,N/A,N/A,N/A,N/A,N/A,N/A,N/A,N/A,N/A,N/A,N/A,N/A,N/A,N/A,N/A,N/A,N/A,N/A,N/A,N/A,N/A,N/A,N/A,N/A,N/A,N/A,N/A,N/A,N/A,N/A,N/A
Cold Storage Cooler Chiller Room with Compressor Condensing Unit,https://www.alibaba.com/product-detail/Cold-Storage-Cooler-Chiller-Room-with_1601364010002.html,2025-02-19 15:34:20,N/A,N/A,N/A,N/A,N/A,N/A,N/A,N/A,N/A,N/A,N/A,N/A,N/A,N/A,N/A,N/A,N/A,N/A,N/A,N/A,N/A,N/A,N/A,N/A,N/A,N/A,N/A,N/A,N/A,N/A,N/A,N/A,N/A,N/A,N/A,N/A,N/A,N/A,N/A,N/A,N/A,N/A,N/A,N/A,N/A,N/A,N/A,N/A,N/A,N/A,N/A,N/A,N/A,N/A,N/A,N/A,N/A,N/A,N/A,N/A,N/A,N/A,N/A,N/A,N/A,N/A,N/A,N/A,N/A,N/A,N/A,N/A,N/A,N/A,N/A,N/A,N/A,N/A,N/A,N/A,N/A,N/A,N/A,N/A,N/A,N/A,N/A,N/A,N/A,N/A,N/A,N/A,N/A,N/A,N/A,N/A,N/A,N/A,N/A,N/A,N/A,N/A,N/A,N/A,N/A,N/A,N/A,N/A,N/A,N/A,N/A,N/A,N/A,N/A,N/A,N/A,N/A,N/A,N/A,N/A,N/A,N/A,N/A,N/A,N/A,N/A,N/A,N/A,N/A,N/A,N/A,N/A,N/A,N/A,N/A,N/A,N/A,N/A,N/A,N/A,N/A,N/A,N/A,N/A,N/A,N/A,N/A,N/A,N/A,N/A,N/A,N/A,N/A,N/A,N/A,N/A,N/A,N/A,N/A,N/A,N/A,N/A
Cold Room System Low Temperature Ice Cold Storage with Condensing Unit Mobile Cold Storage Room for Sale,https://www.alibaba.com/product-detail/Cold-Room-System-Low-Temperature-Ice_1601242298680.html?selectedCarrierCode=SEMI_MANAGED_ECONOMIC@@ECONOMY,2025-02-19 15:34:37,N/A,N/A,N/A,N/A,N/A,N/A,N/A,N/A,N/A,N/A,N/A,N/A,N/A,N/A,N/A,N/A,N/A,N/A,N/A,N/A,N/A,N/A,N/A,N/A,N/A,N/A,N/A,N/A,N/A,N/A,N/A,N/A,N/A,N/A,N/A,N/A,N/A,N/A,N/A,N/A,N/A,N/A,N/A,N/A,N/A,N/A,N/A,N/A,N/A,N/A,N/A,N/A,N/A,N/A,N/A,N/A,N/A,N/A,N/A,N/A,N/A,N/A,N/A,N/A,N/A,N/A,N/A,N/A,N/A,N/A,N/A,N/A,N/A,N/A,N/A,N/A,N/A,N/A,N/A,N/A,N/A,N/A,N/A,N/A,N/A,N/A,N/A,N/A,N/A,N/A,N/A,N/A,N/A,N/A,N/A,N/A,N/A,N/A,N/A,N/A,N/A,N/A,N/A,N/A,N/A,N/A,N/A,N/A,N/A,N/A,N/A,N/A,N/A,N/A,N/A,N/A,N/A,N/A,N/A,N/A,N/A,N/A,N/A,N/A,N/A,N/A,N/A,N/A,N/A,N/A,N/A,N/A,N/A,N/A,N/A,N/A,N/A,N/A,N/A,N/A,N/A,N/A,N/A,N/A,N/A,N/A,N/A,N/A,N/A,N/A,N/A,N/A,N/A,N/A,N/A,N/A,N/A,N/A,N/A,N/A,N/A,N/A
Cold Storage Refrigeration Equipment Air-cooled Finned Condenser Side-blowing air Conditioning Unit Condenser,https://www.alibaba.com/product-detail/Cold-Storage-Refrigeration-Equipment-Air-cooled_1601370013771.html,2025-02-19 15:34:58,N/A,N/A,N/A,N/A,N/A,N/A,N/A,N/A,N/A,N/A,N/A,N/A,N/A,N/A,N/A,N/A,N/A,N/A,N/A,N/A,N/A,N/A,N/A,N/A,N/A,N/A,N/A,N/A,N/A,N/A,N/A,N/A,N/A,N/A,N/A,N/A,N/A,N/A,N/A,N/A,N/A,N/A,N/A,N/A,N/A,N/A,N/A,N/A,N/A,N/A,N/A,N/A,N/A,N/A,N/A,N/A,N/A,N/A,N/A,N/A,N/A,N/A,N/A,N/A,N/A,N/A,N/A,N/A,N/A,N/A,N/A,N/A,N/A,N/A,N/A,N/A,N/A,N/A,N/A,N/A,N/A,N/A,N/A,N/A,N/A,N/A,N/A,N/A,N/A,N/A,N/A,N/A,N/A,N/A,N/A,N/A,N/A,N/A,N/A,N/A,N/A,N/A,N/A,N/A,N/A,N/A,N/A,N/A,N/A,N/A,N/A,N/A,N/A,N/A,N/A,N/A,N/A,N/A,N/A,N/A,N/A,N/A,N/A,N/A,N/A,N/A,N/A,N/A,N/A,N/A,N/A,N/A,N/A,N/A,N/A,N/A,N/A,N/A,N/A,N/A,N/A,N/A,N/A,N/A,N/A,N/A,N/A,N/A,N/A,N/A,N/A,N/A,N/A,N/A,N/A,N/A,N/A,N/A,N/A,N/A,N/A,N/A
Condenser FNH Fan Type Cold Storage Room Refrigeration Equipment Cooling Condensing Unit Refrigerant Machine,https://www.alibaba.com/product-detail/Condenser-FNH-Fan-Type-Cold-Storage_1601228331377.html,2025-02-19 15:35:15,N/A,N/A,N/A,N/A,N/A,N/A,N/A,N/A,N/A,N/A,N/A,N/A,N/A,N/A,N/A,N/A,N/A,N/A,N/A,N/A,N/A,N/A,N/A,N/A,N/A,N/A,N/A,N/A,N/A,N/A,N/A,N/A,N/A,N/A,N/A,N/A,N/A,N/A,N/A,N/A,N/A,N/A,N/A,N/A,N/A,N/A,N/A,N/A,N/A,N/A,N/A,N/A,N/A,N/A,N/A,N/A,N/A,N/A,N/A,N/A,N/A,N/A,N/A,N/A,N/A,N/A,N/A,N/A,N/A,N/A,N/A,N/A,N/A,N/A,N/A,N/A,N/A,N/A,N/A,N/A,N/A,N/A,N/A,N/A,N/A,N/A,N/A,N/A,N/A,N/A,N/A,N/A,N/A,N/A,N/A,N/A,N/A,N/A,N/A,N/A,N/A,N/A,N/A,N/A,N/A,N/A,N/A,N/A,N/A,N/A,N/A,N/A,N/A,N/A,N/A,N/A,N/A,N/A,N/A,N/A,N/A,N/A,N/A,N/A,N/A,N/A,N/A,N/A,N/A,N/A,N/A,N/A,N/A,N/A,N/A,N/A,N/A,N/A,N/A,N/A,N/A,N/A,N/A,N/A,N/A,N/A,N/A,N/A,N/A,N/A,N/A,N/A,N/A,N/A,N/A,N/A,N/A,N/A,N/A,N/A,N/A,N/A
XMK Fresh Fruits Storage SystemUnit Condenser  Machine Cold Storage Refrigeration Unit,https://www.alibaba.com/product-detail/XMK-Fresh-Fruits-Storage-SystemUnit-Condenser_1601244254113.html,2025-02-19 15:35:30,N/A,N/A,N/A,N/A,N/A,N/A,N/A,N/A,N/A,N/A,N/A,N/A,N/A,N/A,N/A,N/A,N/A,N/A,N/A,N/A,N/A,N/A,N/A,N/A,N/A,N/A,N/A,N/A,N/A,N/A,N/A,N/A,N/A,N/A,N/A,N/A,N/A,N/A,N/A,N/A,N/A,N/A,N/A,N/A,N/A,N/A,N/A,N/A,N/A,N/A,N/A,N/A,N/A,N/A,N/A,N/A,N/A,N/A,N/A,N/A,N/A,N/A,N/A,N/A,N/A,N/A,N/A,N/A,N/A,N/A,N/A,N/A,N/A,N/A,N/A,N/A,N/A,N/A,N/A,N/A,N/A,N/A,N/A,N/A,N/A,N/A,N/A,N/A,N/A,N/A,N/A,N/A,N/A,N/A,N/A,N/A,N/A,N/A,N/A,N/A,N/A,N/A,N/A,N/A,N/A,N/A,N/A,N/A,N/A,N/A,N/A,N/A,N/A,N/A,N/A,N/A,N/A,N/A,N/A,N/A,N/A,N/A,N/A,N/A,N/A,N/A,N/A,N/A,N/A,N/A,N/A,N/A,N/A,N/A,N/A,N/A,N/A,N/A,N/A,N/A,N/A,N/A,N/A,N/A,N/A,N/A,N/A,N/A,N/A,N/A,N/A,N/A,N/A,N/A,N/A,N/A,N/A,N/A,N/A,N/A,N/A,N/A
N/A,https://www.alibaba.com/product-detail/R404a-R22-Refrigerant-Cold-Storage-Freezer_1600427164868.html,2025-02-19 15:35:53,N/A,N/A,N/A,N/A,N/A,N/A,N/A,N/A,N/A,N/A,N/A,N/A,N/A,N/A,N/A,N/A,N/A,N/A,N/A,N/A,N/A,N/A,N/A,N/A,N/A,N/A,N/A,N/A,N/A,N/A,N/A,N/A,N/A,N/A,N/A,N/A,N/A,N/A,N/A,N/A,N/A,N/A,N/A,N/A,N/A,N/A,N/A,N/A,N/A,N/A,N/A,N/A,N/A,N/A,N/A,N/A,N/A,N/A,N/A,N/A,N/A,N/A,N/A,N/A,N/A,N/A,N/A,N/A,N/A,N/A,N/A,N/A,N/A,N/A,N/A,N/A,N/A,N/A,N/A,N/A,N/A,N/A,N/A,N/A,N/A,N/A,N/A,N/A,N/A,N/A,N/A,N/A,N/A,N/A,N/A,N/A,N/A,N/A,N/A,N/A,N/A,N/A,N/A,N/A,N/A,N/A,N/A,N/A,N/A,N/A,N/A,N/A,N/A,N/A,N/A,N/A,N/A,N/A,N/A,N/A,N/A,N/A,N/A,N/A,N/A,N/A,N/A,N/A,N/A,N/A,N/A,N/A,N/A,N/A,N/A,N/A,N/A,N/A,N/A,N/A,N/A,N/A,N/A,N/A,N/A,N/A,N/A,N/A,N/A,N/A,N/A,N/A,N/A,N/A,N/A,N/A,N/A,N/A,N/A,N/A,N/A,N/A
Low Noise H Type Industrial Refrigeration air Cooled Condenser Condensing Unit for Cold Room Storage,https://www.alibaba.com/product-detail/Low-Noise-H-Type-Industrial-Refrigeration_1601377116671.html,2025-02-19 15:36:11,N/A,N/A,N/A,N/A,N/A,N/A,N/A,N/A,N/A,N/A,N/A,N/A,N/A,N/A,N/A,N/A,N/A,N/A,N/A,N/A,N/A,N/A,N/A,N/A,N/A,N/A,N/A,N/A,N/A,N/A,N/A,N/A,N/A,N/A,N/A,N/A,N/A,N/A,N/A,N/A,N/A,N/A,N/A,N/A,N/A,N/A,N/A,N/A,N/A,N/A,N/A,N/A,N/A,N/A,N/A,N/A,N/A,N/A,N/A,N/A,N/A,N/A,N/A,N/A,N/A,N/A,N/A,N/A,N/A,N/A,N/A,N/A,N/A,N/A,N/A,N/A,N/A,N/A,N/A,N/A,N/A,N/A,N/A,N/A,N/A,N/A,N/A,N/A,N/A,N/A,N/A,N/A,N/A,N/A,N/A,N/A,N/A,N/A,N/A,N/A,N/A,N/A,N/A,N/A,N/A,N/A,N/A,N/A,N/A,N/A,N/A,N/A,N/A,N/A,N/A,N/A,N/A,N/A,N/A,N/A,N/A,N/A,N/A,N/A,N/A,N/A,N/A,N/A,N/A,N/A,N/A,N/A,N/A,N/A,N/A,N/A,N/A,N/A,N/A,N/A,N/A,N/A,N/A,N/A,N/A,N/A,N/A,N/A,N/A,N/A,N/A,N/A,N/A,N/A,N/A,N/A,N/A,N/A,N/A,N/A,N/A,N/A
Large Logistics Cold Storage Room Walking in Freezing Equipment Cold Room Storage Refrigeration Condenser Unit Cold Room Price,https://www.alibaba.com/product-detail/Large-Logistics-Cold-Storage-Room-Walking_1601375616956.html,2025-02-19 15:36:31,N/A,N/A,N/A,N/A,N/A,N/A,N/A,N/A,N/A,N/A,N/A,N/A,N/A,N/A,N/A,N/A,N/A,N/A,N/A,N/A,N/A,N/A,N/A,N/A,N/A,N/A,N/A,N/A,N/A,N/A,N/A,N/A,N/A,N/A,N/A,N/A,N/A,N/A,N/A,N/A,N/A,N/A,N/A,N/A,N/A,N/A,N/A,N/A,N/A,N/A,N/A,N/A,N/A,N/A,N/A,N/A,N/A,N/A,N/A,N/A,N/A,N/A,N/A,N/A,N/A,N/A,N/A,N/A,N/A,N/A,N/A,N/A,N/A,N/A,N/A,N/A,N/A,N/A,N/A,N/A,N/A,N/A,N/A,N/A,N/A,N/A,N/A,N/A,N/A,N/A,N/A,N/A,N/A,N/A,N/A,N/A,N/A,N/A,N/A,N/A,N/A,N/A,N/A,N/A,N/A,N/A,N/A,N/A,N/A,N/A,N/A,N/A,N/A,N/A,N/A,N/A,N/A,N/A,N/A,N/A,N/A,N/A,N/A,N/A,N/A,N/A,N/A,N/A,N/A,N/A,N/A,N/A,N/A,N/A,N/A,N/A,N/A,N/A,N/A,N/A,N/A,N/A,N/A,N/A,N/A,N/A,N/A,N/A,N/A,N/A,N/A,N/A,N/A,N/A,N/A,N/A,N/A,N/A,N/A,N/A,N/A,N/A
