Product Title,Product URL,Date Scraped,cold room Functions,Tem. range,Door Size,Effective Width,Specification:,cold room Refrigerant,Temperature range,Condition,Panel Connection,Brand,temperature Range,After Warranty Service,Service Door,size range,Panel Material,Thickness of Color Steel,Usage of cold room,Structure,Packaging Details,Floor of Blast Freezer Room,Cooling system,OEM/ODM,After-sales Service,Communication Port,Max. wind speed,Orientation,model number,Warranty of core components,Operate Temperature,key selling points,Place of Origin,core components,Product name:,Compressive Strength,Feature,Function,Cell size,Selling Units:,Thickness,Supply Ability,Cooling way,Applicable Industries,Name,Panel,Power (W),machinery test report,Foaming material,Type of door,cold room Color,Showroom Location,Usage:,Fireproof Grade,Insulation Material,Panel material,Model Number,Raw Material,Marketing Type,Voltage (V),Width,cold room Type,Panel Dimensions,Battery cell,Snow Load,Surface,size,Shape,Foundation,Pu Panel,Glass,voltage,Package,Fireproof,evaporator,Steel Material,Thinckness,video outgoing-inspection,Dimension (L*W*H),Fish Cold Storage Door,warranty,Controller Type,Single package size:,Cable,Water Absorption Rate,Battery Box,Solar Panel,Color,OEM,Length,Single gross weight:,Cooling way:,Solar panel,Project Solution Capability,Load Power (W),System Type:,Type,cold room Name,Thickness of panel,Battery Type,Surface Material,Weight,Junction Box,Mounting Type,Nominal Capacity,Door type,Output Frequency,place of origin,Battery stype,Keywords,Output Voltage (V),Refrigerant,Density,Dimension(L*W*H),door type,Compressor,Use,Fire resistance,Standard air cooler,Cell Type,Application,Wall,Semi buried door,compressor brand,Solar panel:,OEM Order,Connector,Metal Sheet Thickness,Smart Power box,Design Style,Condensing Unit,Advantage,Inverter:,Battery:,Solar Panel Type,Brand Name,Panel thickness,Dimensions (L x W x H (Inches),Video outgoing-inspection,Application of Industry,Core material,feature,Condenser Type,brand name,cooling capacity,Frame,Free installation service,Key Selling Points,Functions,cold room Certification,Cooling,Protection Class,Grid connection,Output cable,Weight (KG),Corner,Size,Transport and load,PU Core Density,Certification,mounting structure:,Voltage,Compressor brand,Certificates,Inside material,color,dimension(l*w*h),product,temperature,Surface material,Pre-sales project design,Refrigeration Type,Sample,Panel Efficiency,Thermal Conductivity,Product Type,Refrigerant:,Filling material,Flame retardancy,After-sale Service,After Warranty Service:,Polyurethane,System,panel thickness,power,Certificate,Edge Treatment,Certification:,Design,Insulation material,Batteries,Logo,Specification,Cold room panel,Product name,Accessories:,Cycle life,Blast Freezer Room Doors,Usage,Port,After-sales Service Provided,Work Time (h),cold room Thickness of panel,Keyword:,Temp controller,Nominal Voltage,Material,Keyword,Doors,Outside material,Solar cell,Warranty,Cold room doors,Wind Load
Fire Proof Sandwich Panels Easy to Install  for Cold Room and Storage to Better Keep Temperature 50MM150MM 200MM 100MM 70MM,https://www.alibaba.com/product-detail/Fire-Proof-Sandwich-Panels-Easy-To_1601335627290.html?s=p,2025-02-19 17:10:17,N/A,N/A,N/A,N/A,N/A,N/A,N/A,N/A,N/A,N/A,N/A,Online Guidance,N/A,N/A,Polyurthane Sandwich Panels,N/A,N/A,N/A,N/A,N/A,N/A,N/A,N/A,N/A,N/A,N/A,N/A,N/A,N/A,Sustainable,N/A,Other,N/A,N/A,N/A,N/A,N/A,N/A,N/A,N/A,N/A,N/A,N/A,N/A,N/A,Provided,N/A,N/A,N/A,N/A,N/A,N/A,N/A,N/A,N/A,N/A,N/A,N/A,N/A,N/A,N/A,N/A,N/A,N/A,N/A,N/A,N/A,N/A,N/A,AC 220V~240V,N/A,N/A,N/A,N/A,N/A,Provided,N/A,N/A,1 Year,N/A,N/A,N/A,N/A,N/A,N/A,N/A,N/A,N/A,N/A,N/A,N/A,N/A,N/A,N/A,N/A,N/A,50mm/75mm/100mm/120mm/150mm/200mm/300mm,N/A,N/A,N/A,N/A,N/A,N/A,N/A,N/A,"Shandong, China",N/A,Fireproof Insulation Sandwich Panels,N/A,N/A,N/A,N/A,N/A,N/A,N/A,N/A,N/A,N/A,Industrial Freezer Room,N/A,N/A,"Copeland, Bitzer, hitachi",N/A,N/A,N/A,N/A,N/A,N/A,N/A,N/A,N/A,N/A,N/A,N/A,N/A,N/A,N/A,N/A,N/A,Container,N/A,BK,N/A,N/A,N/A,N/A,N/A,N/A,N/A,N/A,N/A,N/A,40,N/A,N/A,N/A,N/A,N/A,N/A,N/A,N/A,N/A,N/A,N/A,N/A,N/A,N/A,Color Galvanized Steel Stainless Steel,N/A,N/A,N/A,N/A,N/A,Polyurethane Insulation Cold Storage,N/A,N/A,N/A,N/A,N/A,N/A,N/A,N/A,N/A,N/A,N/A,N/A,N/A,Polyurethane Insulation Foam,N/A,N/A,N/A,N/A,Cold Storage PU-panel,N/A,N/A,N/A,N/A,N/A,N/A,N/A,N/A,N/A,N/A,N/A,Polyurethane Insulation Panels,N/A,N/A,N/A,N/A,N/A,N/A,N/A
Customized Cold Storage Room Size 20ft 40ft Container Solar Cold Room With 550W 30V Solar Panels,https://www.alibaba.com/product-detail/Customized-Cold-Storage-Room-Size-20ft_1600933971719.html,2025-02-19 17:10:29,N/A,N/A,N/A,N/A,N/A,N/A,N/A,N/A,N/A,N/A,N/A,N/A,N/A,N/A,N/A,N/A,N/A,N/A,N/A,N/A,N/A,N/A,N/A,N/A,N/A,N/A,N/A,N/A,N/A,Long Service Life,N/A,motor,N/A,N/A,N/A,N/A,N/A,Single item,N/A,N/A,N/A,N/A,N/A,N/A,N/A,Provided,N/A,N/A,N/A,N/A,N/A,N/A,N/A,N/A,N/A,N/A,N/A,N/A,N/A,N/A,N/A,N/A,N/A,N/A,N/A,N/A,N/A,10CM.0.426 color steel,N/A,380V,N/A,N/A,N/A,N/A,N/A,Provided,N/A,N/A,1 Year,N/A,500X300X300 cm,N/A,N/A,For 8pcs 200ash/12V,550W/30V,N/A,N/A,N/A,500.000 kg,N/A,N/A,N/A,N/A,N/A,N/A,N/A,N/A,N/A,N/A,N/A,N/A,N/A,N/A,N/A,N/A,Zhejiang,N/A,N/A,N/A,R404A,N/A,N/A,N/A,N/A,N/A,N/A,N/A,N/A,N/A,N/A,1.8*0.8m,"Copeland, Bitzer, Emerson",N/A,N/A,N/A,N/A,5000kva(80a),N/A,DC Inverter Monoblaock condenser unit,N/A,N/A,N/A,N/A,N/A,N/A,N/A,N/A,N/A,N/A,Solar,N/A,Enfriar,N/A,N/A,N/A,N/A,N/A,N/A,N/A,N/A,N/A,N/A,N/A,N/A,N/A,N/A,N/A,N/A,N/A,N/A,N/A,N/A,N/A,N/A,custom,N/A,N/A,N/A,N/A,N/A,N/A,N/A,N/A,N/A,N/A,N/A,N/A,N/A,N/A,N/A,off grid,N/A,N/A,N/A,N/A,N/A,N/A,N/A,200AH/12V gel battery,N/A,N/A,N/A,Solar Powered Cold Room,N/A,N/A,N/A,N/A,N/A,N/A,N/A,N/A,N/A,N/A,N/A,N/A,N/A,N/A,N/A,N/A,N/A,N/A,N/A
N/A,https://www.alibaba.com/product-detail/50-Ton-Cold-Room-Cool-Room_10000022913224.html?s=p,2025-02-19 17:10:42,N/A,N/A,N/A,N/A,N/A,N/A,N/A,N/A,cam-lock,N/A,N/A,N/A,N/A,N/A,N/A,N/A,N/A,N/A,N/A,N/A,N/A,N/A,N/A,N/A,N/A,N/A,N/A,N/A,N/A,Automatic,N/A,"Pressure vessel, motor, Bearing, Other, Gear, Gearbox, PLC, Pump, Engine, Other",N/A,N/A,N/A,N/A,N/A,N/A,N/A,N/A,N/A,N/A,N/A,100mm/120mm,N/A,Provided,N/A,N/A,N/A,N/A,N/A,N/A,N/A,N/A,N/A,N/A,N/A,N/A,N/A,N/A,N/A,N/A,N/A,N/A,N/A,N/A,N/A,N/A,N/A,"220V, 380V, 420V, 440V(All Types Are Available)",N/A,N/A,N/A,N/A,N/A,Provided,N/A,Hinged / Sliding / Swing / Lifting Doors,5 years,N/A,N/A,N/A,N/A,N/A,N/A,N/A,N/A,N/A,N/A,N/A,N/A,N/A,N/A,N/A,N/A,N/A,N/A,N/A,Galvanized steel/Stainless steel,N/A,N/A,N/A,N/A,N/A,N/A,"Shandong, China",N/A,N/A,N/A,N/A,N/A,Customized,N/A,N/A,N/A,N/A,N/A,N/A,N/A,N/A,N/A,"Other, TECUMSEH, Copeland, Bristol, Performer, Bitzer, Daikin, hitachi, Maneurop, Fusheng, DORIN, Sanyo, Emerson, Frascold, Xumei",N/A,N/A,N/A,N/A,N/A,N/A,N/A,N/A,N/A,N/A,N/A,N/A,N/A,N/A,Provided,N/A,N/A,Container,"Air Cooled, Water Cooled, Evaporative",N/A,N/A,N/A,N/A,N/A,N/A,N/A,N/A,N/A,N/A,N/A,N/A,N/A,N/A,N/A,40+-/2kg/M2,N/A,N/A,"220V, 380V, 420V, 440V(All Types Are Available)",N/A,N/A,N/A,N/A,Customized,N/A,N/A,N/A,N/A,N/A,N/A,N/A,N/A,N/A,N/A,N/A,N/A,N/A,N/A,N/A,N/A,N/A,other,N/A,N/A,N/A,N/A,N/A,N/A,N/A,N/A,N/A,cold room storage,N/A,N/A,N/A,N/A,N/A,N/A,N/A,N/A,N/A,N/A,N/A,N/A,N/A,N/A,N/A,N/A,N/A,N/A,N/A
N/A,https://www.alibaba.com/product-detail/Fire-Proof-Sandwich-Panels-Easy-To_1601335627290.html?s=p,2025-02-19 17:11:57,N/A,N/A,N/A,N/A,N/A,N/A,N/A,N/A,N/A,N/A,N/A,Online Guidance,N/A,N/A,Polyurthane Sandwich Panels,N/A,N/A,N/A,N/A,N/A,N/A,N/A,N/A,N/A,N/A,N/A,N/A,N/A,N/A,Sustainable,N/A,Other,N/A,N/A,N/A,N/A,N/A,N/A,N/A,N/A,N/A,N/A,N/A,N/A,N/A,Provided,N/A,N/A,N/A,N/A,N/A,N/A,N/A,N/A,N/A,N/A,N/A,N/A,N/A,N/A,N/A,N/A,N/A,N/A,N/A,N/A,N/A,N/A,N/A,AC 220V~240V,N/A,N/A,N/A,N/A,N/A,Provided,N/A,N/A,1 Year,N/A,N/A,N/A,N/A,N/A,N/A,N/A,N/A,N/A,N/A,N/A,N/A,N/A,N/A,N/A,N/A,N/A,50mm/75mm/100mm/120mm/150mm/200mm/300mm,N/A,N/A,N/A,N/A,N/A,N/A,N/A,N/A,"Shandong, China",N/A,Fireproof Insulation Sandwich Panels,N/A,N/A,N/A,N/A,N/A,N/A,N/A,N/A,N/A,N/A,Industrial Freezer Room,N/A,N/A,"Copeland, Bitzer, hitachi",N/A,N/A,N/A,N/A,N/A,N/A,N/A,N/A,N/A,N/A,N/A,N/A,N/A,N/A,N/A,N/A,N/A,Container,N/A,BK,N/A,N/A,N/A,N/A,N/A,N/A,N/A,N/A,N/A,N/A,40,N/A,N/A,N/A,N/A,N/A,N/A,N/A,N/A,N/A,N/A,N/A,N/A,N/A,N/A,Color Galvanized Steel Stainless Steel,N/A,N/A,N/A,N/A,N/A,Polyurethane Insulation Cold Storage,N/A,N/A,N/A,N/A,N/A,N/A,N/A,N/A,N/A,N/A,N/A,N/A,N/A,Polyurethane Insulation Foam,N/A,N/A,N/A,N/A,Cold Storage PU-panel,N/A,N/A,N/A,N/A,N/A,N/A,N/A,N/A,N/A,N/A,N/A,Polyurethane Insulation Panels,N/A,N/A,N/A,N/A,N/A,N/A,N/A
N/A,https://www.alibaba.com/product-detail/Commercial-Walk-in-Cooler-Sanyo-Compressor_1601377601326.html,2025-02-19 17:12:09,N/A,N/A,N/A,N/A,N/A,N/A,N/A,N/A,N/A,N/A,N/A,N/A,N/A,N/A,N/A,N/A,N/A,N/A,N/A,N/A,N/A,N/A,N/A,N/A,N/A,N/A,XFLK-A66,N/A,N/A,High productivity,N/A,"PLC, Pump, compressor",N/A,N/A,N/A,N/A,N/A,Single item,N/A,N/A,N/A,N/A,N/A,N/A,N/A,Provided,N/A,N/A,N/A,N/A,N/A,N/A,N/A,N/A,N/A,N/A,N/A,N/A,N/A,N/A,N/A,N/A,N/A,N/A,N/A,N/A,N/A,N/A,N/A,"380V, 110V, 220V",N/A,N/A,N/A,N/A,N/A,Provided,N/A,N/A,1 YEAR,N/A,XX cm,N/A,N/A,N/A,N/A,N/A,N/A,N/A,kg,N/A,N/A,N/A,N/A,N/A,N/A,N/A,N/A,N/A,N/A,N/A,N/A,N/A,N/A,N/A,N/A,"Jiangsu, China",N/A,N/A,N/A,N/A,N/A,N/A,N/A,N/A,N/A,N/A,N/A,N/A,N/A,N/A,N/A,Emerson,N/A,N/A,N/A,N/A,N/A,N/A,N/A,N/A,N/A,N/A,N/A,N/A,N/A,N/A,N/A,N/A,N/A,Container,N/A,Xiangfeng,N/A,N/A,N/A,N/A,N/A,N/A,N/A,N/A,N/A,N/A,540,N/A,N/A,N/A,N/A,N/A,N/A,N/A,N/A,N/A,N/A,N/A,custom made,N/A,N/A,N/A,N/A,N/A,N/A,N/A,N/A,N/A,N/A,N/A,N/A,N/A,N/A,N/A,N/A,N/A,1.5ton,N/A,N/A,N/A,N/A,N/A,N/A,N/A,N/A,N/A,N/A,N/A,N/A,N/A,N/A,N/A,N/A,N/A,N/A,N/A,N/A,N/A,N/A,N/A,N/A,N/A,N/A,N/A,N/A,N/A
Cold Room Panels Supplier for Vegetables/ Meat/ Fish  Insulated Panels for Cold Storage,https://www.alibaba.com/product-detail/Cold-Room-Panels-Supplier-for-Vegetables_1601253689308.html?s=p,2025-02-19 17:12:22,N/A,N/A,N/A,N/A,N/A,N/A,N/A,N/A,N/A,N/A,N/A,N/A,N/A,N/A,N/A,0.426/0.5/0.6/0.8mm,N/A,N/A,N/A,N/A,N/A,N/A,N/A,N/A,N/A,N/A,BP-088,N/A,N/A,Competitive Price,N/A,"Pressure vessel, motor, Bearing, Gear, Gearbox, PLC, Pump, Engine, Other",N/A,N/A,Insulation,N/A,N/A,Single item,N/A,N/A,N/A,N/A,N/A,N/A,N/A,Provided,N/A,N/A,N/A,N/A,N/A,N/A,N/A,N/A,N/A,N/A,N/A,N/A,N/A,N/A,N/A,N/A,N/A,N/A,N/A,N/A,N/A,N/A,N/A,220 /380 /400V,N/A,N/A,N/A,N/A,N/A,Provided,N/A,N/A,1 Year,N/A,590X122X10 cm,N/A,N/A,N/A,N/A,N/A,N/A,N/A,43.100 kg,N/A,N/A,N/A,N/A,N/A,N/A,N/A,N/A,N/A,N/A,N/A,N/A,N/A,N/A,Sliding / Swing / Hinged Door,N/A,"Shanghai, China",N/A,N/A,N/A,N/A,N/A,N/A,N/A,N/A,N/A,N/A,N/A,N/A,N/A,N/A,N/A,Copeland,N/A,N/A,N/A,N/A,N/A,N/A,N/A,N/A,N/A,N/A,N/A,N/A,100/150/200 mm,N/A,N/A,N/A,N/A,Container,N/A,BEIS,N/A,N/A,N/A,N/A,N/A,N/A,N/A,N/A,N/A,N/A,43,N/A,N/A,N/A,N/A,N/A,N/A,N/A,N/A,N/A,Polyurethane or rock wool,N/A,2.4*2.4*2.4 m / customized,N/A,N/A,N/A,N/A,N/A,N/A,N/A,N/A,N/A,N/A,N/A,N/A,N/A,N/A,N/A,N/A,N/A,10W,N/A,N/A,N/A,N/A,N/A,N/A,N/A,N/A,N/A,Cold room pu sandwich panel,N/A,N/A,N/A,cold room / cold storage,N/A,Overseas service center available,N/A,N/A,N/A,N/A,N/A,N/A,N/A,N/A,Color steel or stainless steel,N/A,one year,N/A,N/A
Factory Mushroom Growing Solar Powered for Meat Storage Cold Room Chinese Soundproof Panel Building Materials Customized 5 Years,https://www.alibaba.com/product-detail/Factory-Mushroom-Growing-Solar-Powered-for_1600561787877.html,2025-02-19 17:13:34,N/A,N/A,N/A,N/A,N/A,N/A,N/A,N/A,N/A,N/A,N/A,N/A,N/A,N/A,N/A,N/A,N/A,N/A,N/A,N/A,N/A,N/A,N/A,N/A,N/A,N/A,N/A,N/A,N/A,N/A,N/A,N/A,N/A,N/A,N/A,N/A,N/A,N/A,N/A,N/A,N/A,N/A,N/A,N/A,N/A,N/A,N/A,N/A,N/A,N/A,N/A,N/A,N/A,N/A,N/A,N/A,N/A,N/A,N/A,N/A,N/A,N/A,N/A,N/A,N/A,N/A,N/A,N/A,N/A,N/A,N/A,N/A,N/A,N/A,N/A,N/A,N/A,N/A,N/A,N/A,N/A,N/A,N/A,N/A,N/A,N/A,N/A,N/A,N/A,N/A,N/A,N/A,N/A,N/A,N/A,N/A,N/A,N/A,N/A,N/A,N/A,N/A,N/A,N/A,N/A,N/A,N/A,N/A,N/A,N/A,N/A,N/A,N/A,N/A,N/A,N/A,N/A,N/A,N/A,N/A,N/A,N/A,N/A,N/A,N/A,N/A,N/A,N/A,N/A,N/A,N/A,N/A,N/A,N/A,N/A,N/A,N/A,N/A,N/A,N/A,N/A,N/A,N/A,N/A,N/A,N/A,N/A,N/A,N/A,N/A,N/A,N/A,N/A,N/A,N/A,N/A,N/A,N/A,N/A,N/A,N/A,N/A,N/A,N/A,N/A,N/A,N/A,N/A,N/A,N/A,N/A,N/A,N/A,N/A,N/A,N/A,N/A,N/A,N/A,N/A,N/A,N/A,N/A,N/A,N/A,N/A,N/A,N/A,N/A,N/A,N/A,N/A,N/A,N/A,N/A,N/A,N/A,N/A,N/A,N/A,N/A,N/A,N/A,N/A,N/A,N/A,N/A,N/A,N/A,N/A,N/A,N/A
Solar Panel Powder Built-in Battery Deep Cold Freezer Room Storage,https://www.alibaba.com/product-detail/Solar-Panel-Powder-Built-in-Battery_1601199880540.html,2025-02-19 17:13:47,N/A,N/A,N/A,N/A,N/A,N/A,N/A,N/A,N/A,N/A,N/A,N/A,N/A,N/A,100MN,N/A,N/A,N/A,N/A,N/A,N/A,N/A,Free spare parts,N/A,N/A,N/A,N/A,N/A,N/A,Easy to Operate,N/A,"motor, Engine",N/A,N/A,N/A,N/A,N/A,Single item,N/A,N/A,N/A,N/A,N/A,N/A,N/A,Not Available,N/A,N/A,N/A,NONE,N/A,N/A,N/A,N/A,N/A,N/A,N/A,N/A,N/A,N/A,N/A,N/A,N/A,N/A,N/A,N/A,N/A,N/A,N/A,Solar panel,N/A,N/A,N/A,N/A,N/A,Provided,N/A,N/A,1 Year,N/A,200X105X125 cm,N/A,N/A,N/A,N/A,N/A,N/A,N/A,120.000 kg,N/A,N/A,N/A,N/A,N/A,N/A,N/A,N/A,N/A,N/A,N/A,N/A,N/A,N/A,N/A,N/A,"Shandong, China",N/A,fruit and vegetable cold room,N/A,N/A,N/A,N/A,N/A,N/A,N/A,N/A,N/A,N/A,N/A,N/A,N/A,"TECUMSEH, Copeland, Bristol, Performer, Bitzer, Daikin, hitachi, Other, Maneurop, Fusheng, DORIN, Sanyo, Emerson, Frascold, Xumei",N/A,N/A,N/A,N/A,N/A,N/A,N/A,N/A,N/A,N/A,N/A,N/A,N/A,N/A,N/A,N/A,N/A,Solar,N/A,Lin fan,3ton,N/A,N/A,N/A,N/A,N/A,N/A,N/A,N/A,N/A,N/A,N/A,N/A,N/A,N/A,N/A,N/A,N/A,N/A,N/A,N/A,N/A,2220*1800*2200mm,N/A,-18℃ ~ -30℃,N/A,N/A,N/A,N/A,N/A,N/A,N/A,N/A,N/A,N/A,N/A,N/A,N/A,N/A,"100MM, 200mm, 120mm, 75mm, Other, 50MM, 150mm",N/A,N/A,N/A,N/A,N/A,N/A,N/A,N/A,N/A,N/A,solar powderconter freezer cold room,N/A,N/A,N/A,N/A,N/A,N/A,N/A,N/A,N/A,N/A,N/A,N/A,N/A,N/A,N/A,N/A,N/A,N/A,N/A
Solar Panel Powder Built-in Battery Deep Cold Freezer Room Storage,https://www.alibaba.com/product-detail/Solar-Panel-Powder-Built-in-Battery_1601199880540.html,2025-02-19 17:15:03,N/A,N/A,N/A,N/A,N/A,N/A,N/A,N/A,N/A,N/A,N/A,N/A,N/A,N/A,100MN,N/A,N/A,N/A,N/A,N/A,N/A,N/A,Free spare parts,N/A,N/A,N/A,N/A,N/A,N/A,Easy to Operate,N/A,"motor, Engine",N/A,N/A,N/A,N/A,N/A,Single item,N/A,N/A,N/A,N/A,N/A,N/A,N/A,Not Available,N/A,N/A,N/A,NONE,N/A,N/A,N/A,N/A,N/A,N/A,N/A,N/A,N/A,N/A,N/A,N/A,N/A,N/A,N/A,N/A,N/A,N/A,N/A,Solar panel,N/A,N/A,N/A,N/A,N/A,Provided,N/A,N/A,1 Year,N/A,200X105X125 cm,N/A,N/A,N/A,N/A,N/A,N/A,N/A,120.000 kg,N/A,N/A,N/A,N/A,N/A,N/A,N/A,N/A,N/A,N/A,N/A,N/A,N/A,N/A,N/A,N/A,"Shandong, China",N/A,fruit and vegetable cold room,N/A,N/A,N/A,N/A,N/A,N/A,N/A,N/A,N/A,N/A,N/A,N/A,N/A,"TECUMSEH, Copeland, Bristol, Performer, Bitzer, Daikin, hitachi, Other, Maneurop, Fusheng, DORIN, Sanyo, Emerson, Frascold, Xumei",N/A,N/A,N/A,N/A,N/A,N/A,N/A,N/A,N/A,N/A,N/A,N/A,N/A,N/A,N/A,N/A,N/A,Solar,N/A,Lin fan,3ton,N/A,N/A,N/A,N/A,N/A,N/A,N/A,N/A,N/A,N/A,N/A,N/A,N/A,N/A,N/A,N/A,N/A,N/A,N/A,N/A,N/A,2220*1800*2200mm,N/A,-18℃ ~ -30℃,N/A,N/A,N/A,N/A,N/A,N/A,N/A,N/A,N/A,N/A,N/A,N/A,N/A,N/A,"100MM, 200mm, 120mm, 75mm, Other, 50MM, 150mm",N/A,N/A,N/A,N/A,N/A,N/A,N/A,N/A,N/A,N/A,solar powderconter freezer cold room,N/A,N/A,N/A,N/A,N/A,N/A,N/A,N/A,N/A,N/A,N/A,N/A,N/A,N/A,N/A,N/A,N/A,N/A,N/A
Coolroom Panels Polyurethane Core Material Structural Insulated Pu Cold Room Sandwich Panels,https://www.alibaba.com/product-detail/Coolroom-Panels-Polyurethane-Core-Material-Structural_1601046162660.html?s=p,2025-02-19 17:15:18,N/A,N/A,N/A,N/A,N/A,N/A,N/A,N/A,N/A,N/A,N/A,N/A,N/A,N/A,metal,N/A,N/A,N/A,N/A,N/A,N/A,N/A,N/A,N/A,N/A,N/A,N/A,N/A,N/A,N/A,"Hainan, China",N/A,N/A,N/A,N/A,N/A,N/A,Single item,50/75/100/120/150/200mm,N/A,N/A,N/A,N/A,N/A,N/A,N/A,N/A,N/A,N/A,N/A,N/A,N/A,N/A,N/A,Cam Lock Cold Room Panel,Wanhua,N/A,N/A,960mm or Customized,N/A,N/A,N/A,N/A,N/A,N/A,N/A,N/A,N/A,N/A,N/A,N/A,B1 /B2 Grade OPTIONAL,N/A,N/A,N/A,N/A,N/A,N/A,N/A,N/A,45X30X30 cm,N/A,N/A,N/A,N/A,Customer's Require,N/A,Customized,1.000 kg,N/A,N/A,"graphic design, 3D model design, total solution for projects, Cross Categories Consolidation",N/A,N/A,N/A,N/A,N/A,N/A,N/A,N/A,N/A,N/A,N/A,N/A,N/A,N/A,N/A,N/A,N/A,N/A,40-45kg/m3,N/A,N/A,N/A,N/A,N/A,N/A,N/A,Cold Room,N/A,N/A,N/A,N/A,N/A,N/A,N/A,N/A,Industrial,N/A,N/A,N/A,N/A,N/A,Shunwei,N/A,N/A,N/A,N/A,Core material,N/A,N/A,N/A,N/A,N/A,N/A,N/A,N/A,N/A,N/A,N/A,N/A,N/A,N/A,N/A,N/A,N/A,N/A,N/A,N/A,N/A,N/A,N/A,N/A,N/A,N/A,N/A,N/A,Stainless steel or Color steel,N/A,N/A,N/A,N/A,N/A,N/A,N/A,N/A,N/A,"Online technical support, Onsite Installation, Onsite Training, Onsite Inspection, Free spare parts",N/A,N/A,N/A,N/A,N/A,N/A,N/A,N/A,N/A,N/A,N/A,N/A,N/A,N/A,N/A,N/A,N/A,N/A,N/A,N/A,N/A,N/A,N/A,N/A,N/A,N/A,N/A,N/A,N/A,N/A,N/A,Lifetime,N/A,N/A
N/A,https://www.alibaba.com/product-detail/Xiamen-Jialiang-Solar-Powered-Cold-Room_1600816493922.html,2025-02-19 17:15:32,N/A,N/A,N/A,N/A,N/A,N/A,N/A,N/A,N/A,N/A,N/A,N/A,N/A,N/A,N/A,N/A,N/A,N/A,N/A,N/A,N/A,N/A,N/A,N/A,N/A,N/A,N/A,N/A,N/A,High Productivity,N/A,"Pressure vessel, motor, Bearing, Gear, Gearbox, PLC, Pump, Engine, Other",N/A,N/A,N/A,N/A,N/A,Single item,N/A,N/A,Air Cooled System,N/A,N/A,PU Camlock Panel,N/A,Provided,N/A,N/A,N/A,N/A,N/A,N/A,N/A,N/A,N/A,N/A,N/A,N/A,N/A,N/A,N/A,N/A,N/A,N/A,N/A,N/A,N/A,N/A,N/A,220V~460V,N/A,N/A,N/A,N/A,N/A,Provided,N/A,N/A,1 Year,N/A,35X55X50 cm,N/A,N/A,N/A,N/A,N/A,N/A,N/A,67.000 kg,N/A,N/A,N/A,N/A,N/A,Customer-made,N/A,N/A,N/A,N/A,N/A,N/A,N/A,N/A,N/A,N/A,"Fujian, China",N/A,N/A,N/A,R404A,N/A,N/A,N/A,N/A,N/A,N/A,N/A,N/A,Cold Storage Room Freezer Room,N/A,N/A,"TECUMSEH, Copeland, Bristol, Performer, Bitzer, Daikin, hitachi, Other, Maneurop, Sanyo, Xiamen Jialiang",N/A,N/A,N/A,N/A,N/A,N/A,N/A,Long Life,N/A,N/A,N/A,N/A,N/A,N/A,N/A,N/A,N/A,Solar,N/A,Xiamen Jialiang,10ton,N/A,N/A,N/A,Frozen Storage Fresh,N/A,N/A,N/A,N/A,N/A,N/A,N/A,N/A,N/A,N/A,N/A,N/A,N/A,N/A,N/A,N/A,N/A,Customize,N/A,-45℃ ~ +20℃,N/A,N/A,N/A,N/A,N/A,N/A,Xiamen Jialiang Solar Powered Walk,N/A,N/A,N/A,N/A,N/A,N/A,N/A,"100MM, 200mm, 120mm, 75mm, 50MM, 150mm",N/A,N/A,N/A,N/A,N/A,N/A,N/A,N/A,N/A,N/A,N/A,N/A,N/A,N/A,N/A,N/A,N/A,N/A,N/A,N/A,N/A,N/A,Color Steel,N/A,Swing Door,N/A,N/A,N/A,N/A,N/A
N/A,https://www.alibaba.com/product-detail/Walk-In-Cold-Room-for-Meat_1601104018212.html?s=p,2025-02-19 17:15:48,N/A,"-5~+5, -5~-18, <=-18 °C",N/A,N/A,N/A,N/A,N/A,N/A,N/A,Cryo Systems,N/A,N/A,N/A,N/A,N/A,N/A,N/A,N/A,N/A,N/A,N/A,N/A,N/A,N/A,N/A,N/A,N/A,N/A,N/A,Energy saving,N/A,"Pressure vessel, motor, Pump, Engine",N/A,N/A,N/A,N/A,N/A,Single item,N/A,N/A,N/A,N/A,N/A,N/A,N/A,Provided,N/A,N/A,N/A,N/A,N/A,N/A,N/A,Pu (polyurethane),N/A,N/A,N/A,N/A,N/A,N/A,N/A,N/A,N/A,N/A,N/A,N/A,N/A,N/A,N/A,380V/3P/50Hz or 220V/1P/50Hz,N/A,N/A,N/A,N/A,N/A,Provided,N/A,N/A,1 Year,N/A,XX cm,N/A,N/A,N/A,N/A,N/A,N/A,N/A,kg,N/A,N/A,N/A,N/A,N/A,N/A,N/A,N/A,N/A,N/A,N/A,N/A,N/A,N/A,N/A,N/A,"Shanghai, China",N/A,N/A,N/A,R404A,N/A,N/A,N/A,N/A,N/A,N/A,From one fan to four fans,N/A,N/A,N/A,N/A,Original world famous compressors,N/A,N/A,N/A,N/A,N/A,N/A,N/A,N/A,N/A,N/A,N/A,N/A,"75, 100, 120, 150mm",N/A,N/A,N/A,N/A,Good Cooling Capacity,N/A,CRYO SYSTEMS,2.5ton,N/A,N/A,N/A,N/A,N/A,N/A,N/A,N/A,N/A,N/A,N/A,N/A,N/A,N/A,N/A,N/A,N/A,Original world famous compressors,N/A,N/A,N/A,Up to you,N/A,"-5~+5, -5~-18, <=-18 °C",N/A,N/A,N/A,N/A,N/A,N/A,N/A,N/A,N/A,N/A,N/A,N/A,N/A,N/A,"100MM, 200mm, 120mm, 75mm, 50MM",N/A,N/A,N/A,N/A,N/A,N/A,N/A,N/A,N/A,N/A,N/A,N/A,N/A,N/A,"Meat, Food, Sea Food, Fish, etc",N/A,N/A,N/A,N/A,N/A,Dixell,N/A,N/A,N/A,N/A,N/A,N/A,N/A,"Returen door, Hinged door, Sliding door, etc",N/A
N/A,https://www.alibaba.com/product-detail/40ft-Solar-Energy-Powered-Panels-Systems_1600142514014.html,2025-02-19 17:16:02,N/A,N/A,N/A,N/A,Customized as your required,N/A,N/A,N/A,N/A,N/A,N/A,N/A,N/A,N/A,N/A,N/A,N/A,N/A,N/A,N/A,N/A,N/A,N/A,N/A,N/A,N/A,N/A,N/A,N/A,N/A,"Jiangsu, China",N/A,Solar Energy System,N/A,N/A,N/A,N/A,Single item,N/A,N/A,N/A,N/A,N/A,N/A,N/A,N/A,N/A,N/A,N/A,N/A,Application Outdoor,N/A,N/A,N/A,N/A,N/A,N/A,N/A,N/A,N/A,N/A,N/A,N/A,N/A,N/A,N/A,N/A,N/A,N/A,N/A,N/A,N/A,N/A,N/A,N/A,N/A,N/A,N/A,N/A,MPPT,220X60X30 cm,N/A,N/A,N/A,N/A,N/A,N/A,N/A,68.000 kg,N/A,N/A,N/A,"30kw, 20kw, 10KW",Off-grid Solar Power Generation,N/A,N/A,N/A,"Lead-Acid, Lithium Ion",N/A,N/A,N/A,"Roof Mounting,BIPV Mounting",N/A,N/A,60hz,N/A,N/A,N/A,"220,240",N/A,N/A,N/A,N/A,N/A,N/A,N/A,N/A,N/A,"Industrial,Commercial",N/A,N/A,N/A,Monocrystalline Solar Panel,N/A,N/A,N/A,N/A,N/A,N/A,N/A,Pure Sine Wave Hybrid On/Off Grid Inverter,Lead Acid/LiFePO4 Lithium Battery,Monocrystalline Silicon,xc,N/A,N/A,N/A,N/A,N/A,N/A,N/A,N/A,N/A,N/A,Yes,N/A,N/A,N/A,N/A,N/A,N/A,N/A,N/A,N/A,N/A,N/A,N/A,N/A,Customized for roof/ground,N/A,N/A,N/A,N/A,N/A,N/A,N/A,N/A,N/A,Y,N/A,N/A,N/A,N/A,N/A,N/A,N/A,N/A,N/A,N/A,N/A,N/A,N/A,N/A,N/A,N/A,N/A,N/A,N/A,N/A,N/A,N/A,N/A,N/A,"pv cable ,Crimping pliers etc",N/A,N/A,N/A,N/A,N/A,24,N/A,Photovoltaic Solar Energy System,N/A,N/A,N/A,N/A,N/A,N/A,N/A,N/A,N/A,N/A
N/A,https://www.alibaba.com/product-detail/One-Stop-Mobile-Mini-Cold-Room_1601370019078.html?s=p,2025-02-19 17:16:14,N/A,N/A,N/A,N/A,N/A,N/A,N/A,N/A,N/A,N/A,N/A,N/A,N/A,N/A,N/A,N/A,N/A,N/A,N/A,N/A,N/A,N/A,N/A,N/A,N/A,N/A,XFLK-A34,N/A,N/A,Long Service Life,N/A,"Cold Room Panel, Cold Room Door, Condensing Unit, Evaporator/Unit Cooler, Contro Box, Expansion Valve",N/A,N/A,N/A,N/A,N/A,N/A,N/A,N/A,N/A,N/A,N/A,N/A,N/A,Provided,N/A,N/A,N/A,N/A,N/A,N/A,N/A,N/A,N/A,N/A,N/A,N/A,N/A,N/A,N/A,N/A,N/A,N/A,N/A,N/A,N/A,N/A,N/A,"220V/1Ph/50Hz, 380V/3Ph/50Hz etc",N/A,N/A,N/A,N/A,N/A,Provided,N/A,N/A,3 years,N/A,N/A,N/A,N/A,N/A,N/A,N/A,N/A,N/A,N/A,N/A,N/A,N/A,N/A,N/A,N/A,N/A,N/A,N/A,N/A,N/A,N/A,N/A,N/A,N/A,N/A,"Jiangsu, China",N/A,N/A,N/A,N/A,N/A,N/A,N/A,N/A,N/A,N/A,N/A,N/A,N/A,N/A,N/A,"TECUMSEH, Copeland, Performer, Bitzer, Sanyo, DORIN, Fusheng",N/A,N/A,N/A,N/A,N/A,N/A,N/A,N/A,N/A,N/A,N/A,N/A,N/A,N/A,N/A,N/A,N/A,Customized,N/A,xiangfeng,N/A,N/A,N/A,N/A,N/A,N/A,N/A,N/A,N/A,N/A,150,N/A,N/A,N/A,N/A,N/A,N/A,N/A,N/A,N/A,N/A,N/A,Customized,N/A,N/A,N/A,N/A,N/A,N/A,N/A,N/A,N/A,N/A,N/A,N/A,N/A,N/A,N/A,N/A,N/A,> 1000W,N/A,N/A,N/A,N/A,N/A,N/A,N/A,N/A,N/A,N/A,N/A,N/A,N/A,N/A,N/A,N/A,N/A,N/A,N/A,N/A,N/A,N/A,N/A,N/A,N/A,N/A,N/A,N/A,N/A
2-8 Degree 3-Phase 220V 50Hz 60Hz Solar Panel Powder Built-in Battery Deep Freezer Walk-in Cold Storage Room Construction,https://www.alibaba.com/product-detail/2-8-Degree-3-Phase-220V_1601011795166.html,2025-02-19 17:16:25,N/A,N/A,N/A,N/A,N/A,N/A,N/A,N/A,N/A,N/A,N/A,N/A,N/A,N/A,N/A,N/A,N/A,N/A,N/A,N/A,N/A,N/A,N/A,N/A,N/A,N/A,N/A,3 years,N/A,N/A,N/A,Engine,N/A,N/A,N/A,N/A,N/A,Single item,N/A,N/A,N/A,Other,N/A,N/A,N/A,Provided,N/A,N/A,N/A,None,N/A,N/A,N/A,N/A,N/A,N/A,N/A,N/A,N/A,N/A,N/A,N/A,N/A,N/A,N/A,N/A,N/A,N/A,N/A,N/A,N/A,N/A,N/A,N/A,N/A,Provided,N/A,N/A,1 Year,N/A,XX cm,N/A,N/A,N/A,N/A,N/A,N/A,N/A,kg,N/A,N/A,N/A,N/A,N/A,N/A,N/A,N/A,N/A,N/A,N/A,N/A,N/A,N/A,N/A,N/A,China,N/A,N/A,N/A,N/A,N/A,N/A,N/A,N/A,N/A,N/A,N/A,N/A,N/A,N/A,N/A,N/A,N/A,N/A,N/A,N/A,N/A,N/A,N/A,N/A,N/A,N/A,N/A,N/A,N/A,N/A,N/A,N/A,N/A,N/A,N/A,N/A,N/A,N/A,N/A,N/A,N/A,N/A,N/A,N/A,N/A,N/A,0,N/A,N/A,N/A,N/A,N/A,N/A,N/A,N/A,N/A,N/A,N/A,N/A,N/A,N/A,N/A,N/A,N/A,N/A,N/A,N/A,N/A,N/A,N/A,N/A,N/A,N/A,N/A,N/A,N/A,N/A,N/A,N/A,N/A,N/A,N/A,N/A,Accept Customers' Logo,N/A,N/A,N/A,N/A,N/A,N/A,N/A,N/A,N/A,N/A,N/A,N/A,N/A,N/A,N/A,N/A,N/A,N/A,N/A,N/A,N/A,N/A
N/A,https://www.alibaba.com/product-detail/Cold-Room-Panels-Supplier-for-Vegetables_1601253689308.html?s=p,2025-02-19 17:16:36,N/A,N/A,N/A,N/A,N/A,N/A,N/A,N/A,N/A,N/A,N/A,N/A,N/A,N/A,N/A,0.426/0.5/0.6/0.8mm,N/A,N/A,N/A,N/A,N/A,N/A,N/A,N/A,N/A,N/A,BP-088,N/A,N/A,Competitive Price,N/A,"Pressure vessel, motor, Bearing, Gear, Gearbox, PLC, Pump, Engine, Other",N/A,N/A,Insulation,N/A,N/A,Single item,N/A,N/A,N/A,N/A,N/A,N/A,N/A,Provided,N/A,N/A,N/A,N/A,N/A,N/A,N/A,N/A,N/A,N/A,N/A,N/A,N/A,N/A,N/A,N/A,N/A,N/A,N/A,N/A,N/A,N/A,N/A,220 /380 /400V,N/A,N/A,N/A,N/A,N/A,Provided,N/A,N/A,1 Year,N/A,590X122X10 cm,N/A,N/A,N/A,N/A,N/A,N/A,N/A,43.100 kg,N/A,N/A,N/A,N/A,N/A,N/A,N/A,N/A,N/A,N/A,N/A,N/A,N/A,N/A,Sliding / Swing / Hinged Door,N/A,"Shanghai, China",N/A,N/A,N/A,N/A,N/A,N/A,N/A,N/A,N/A,N/A,N/A,N/A,N/A,N/A,N/A,Copeland,N/A,N/A,N/A,N/A,N/A,N/A,N/A,N/A,N/A,N/A,N/A,N/A,100/150/200 mm,N/A,N/A,N/A,N/A,Container,N/A,BEIS,N/A,N/A,N/A,N/A,N/A,N/A,N/A,N/A,N/A,N/A,43,N/A,N/A,N/A,N/A,N/A,N/A,N/A,N/A,N/A,Polyurethane or rock wool,N/A,2.4*2.4*2.4 m / customized,N/A,N/A,N/A,N/A,N/A,N/A,N/A,N/A,N/A,N/A,N/A,N/A,N/A,N/A,N/A,N/A,N/A,10W,N/A,N/A,N/A,N/A,N/A,N/A,N/A,N/A,N/A,Cold room pu sandwich panel,N/A,N/A,N/A,cold room / cold storage,N/A,Overseas service center available,N/A,N/A,N/A,N/A,N/A,N/A,N/A,N/A,Color steel or stainless steel,N/A,one year,N/A,N/A
Fireproof Solar PU Cold Storage Room Panel for Fruit Vegetables Meat and Seafood,https://www.alibaba.com/product-detail/Fireproof-Solar-PU-Cold-Storage-Room_1600708310202.html,2025-02-19 17:16:53,N/A,N/A,N/A,N/A,N/A,N/A,N/A,new,N/A,N/A,N/A,N/A,N/A,N/A,N/A,N/A,N/A,N/A,"Commercial container cold room equipment manufatures
Plastic packaged",N/A,N/A,N/A,N/A,N/A,N/A,N/A,N/A,N/A,N/A,High-accuracy,N/A,N/A,N/A,N/A,N/A,N/A,N/A,Single item,N/A,300 Meter/Meters per   Week,N/A,N/A,N/A,N/A,N/A,Provided,N/A,N/A,N/A,N/A,N/A,N/A,N/A,N/A,N/A,N/A,N/A,N/A,N/A,N/A,N/A,N/A,N/A,N/A,customized,N/A,N/A,N/A,N/A,220V/380V,N/A,N/A,N/A,N/A,N/A,Provided,N/A,N/A,1 Year,N/A,1X0.1X0.02 cm,N/A,N/A,N/A,N/A,N/A,N/A,N/A,0.500 kg,N/A,N/A,N/A,N/A,N/A,N/A,N/A,N/A,N/A,N/A,N/A,N/A,N/A,N/A,N/A,N/A,"Jiangsu, China",N/A,N/A,N/A,N/A,N/A,As per your requirements,"hinged door, sliding door, standard return door",N/A,N/A,N/A,N/A,N/A,N/A,N/A,N/A,"TECUMSEH, Copeland, Other, Sanyo, Emerson",N/A,N/A,N/A,N/A,N/A,N/A,N/A,N/A,N/A,N/A,N/A,N/A,N/A,N/A,N/A,N/A,N/A,Cold room,N/A,HUGECOOL,Other,N/A,N/A,N/A,"Fresh-keep, freezing, quick-freezing, fire-proof, explosion-proof,",N/A,N/A,N/A,N/A,N/A,N/A,N/A,N/A,N/A,N/A,N/A,N/A,N/A,N/A,N/A,N/A,N/A,customized,N/A,-45C to 20C,color steel or stainless steel or aluminum,N/A,N/A,N/A,N/A,N/A,N/A,N/A,N/A,N/A,N/A,N/A,N/A,N/A,50mm 80mm 100mm 120mm 150mm 180mm 200mm,N/A,N/A,N/A,N/A,N/A,N/A,N/A,N/A,N/A,N/A,N/A,N/A,N/A,N/A,N/A,Qingdao or Shanghai,Engineers available to service machinery overseas,N/A,N/A,N/A,N/A,N/A,N/A,N/A,N/A,N/A,N/A,1 year,N/A,N/A
N/A,https://www.alibaba.com/product-detail/5-Ton-Blast-Freezer-Walk-In_545054340.html?s=p,2025-02-19 17:17:09,N/A,N/A,0.8*1.8m,N/A,N/A,N/A,N/A,N/A,N/A,N/A,N/A,N/A,N/A,N/A,N/A,N/A,N/A,N/A,N/A,N/A,N/A,N/A,"Field installation, commissioning and training",N/A,N/A,N/A,C095,N/A,N/A,Energy saving,N/A,Other,N/A,N/A,Customized,N/A,N/A,N/A,N/A,N/A,N/A,N/A,N/A,N/A,N/A,Provided,N/A,N/A,N/A,N/A,N/A,N/A,N/A,N/A,N/A,N/A,Trending Product,N/A,N/A,N/A,N/A,N/A,N/A,N/A,N/A,N/A,N/A,N/A,N/A,220/50Hz  220V/60Hz,N/A,N/A,N/A,N/A,N/A,Provided,N/A,N/A,1 Year,N/A,N/A,N/A,N/A,N/A,N/A,N/A,N/A,N/A,N/A,N/A,N/A,N/A,N/A,N/A,N/A,N/A,N/A,N/A,N/A,N/A,N/A,N/A,N/A,N/A,N/A,"Guangdong, China",N/A,N/A,N/A,N/A,N/A,N/A,N/A,N/A,N/A,N/A,N/A,N/A,N/A,N/A,N/A,N/A,N/A,N/A,N/A,N/A,N/A,N/A,N/A,N/A,N/A,N/A,N/A,N/A,N/A,N/A,N/A,N/A,N/A,common,N/A,SHINELONG,N/A,N/A,N/A,N/A,N/A,N/A,N/A,N/A,N/A,N/A,N/A,N/A,N/A,N/A,N/A,N/A,N/A,220/50Hz  220V/60Hz,N/A,N/A,N/A,N/A,Customized Size,N/A,N/A,N/A,N/A,N/A,N/A,N/A,N/A,N/A,N/A,N/A,N/A,N/A,N/A,N/A,N/A,N/A,N/A,N/A,N/A,N/A,N/A,N/A,N/A,N/A,N/A,N/A,N/A,N/A,N/A,N/A,N/A,N/A,Engineers available to service machinery overseas,N/A,N/A,N/A,N/A,N/A,N/A,N/A,N/A,N/A,N/A,1 Year,N/A,N/A
N/A,https://www.alibaba.com/product-detail/Monoblock-Mobile-Application-Solar-Panel-Powered_1601289236992.html,2025-02-19 17:17:22,N/A,N/A,N/A,N/A,N/A,N/A,N/A,N/A,N/A,N/A,N/A,N/A,N/A,N/A,N/A,N/A,N/A,N/A,N/A,N/A,N/A,N/A,N/A,N/A,N/A,N/A,N/A,N/A,N/A,Easy to Operate,N/A,MOTOR,N/A,N/A,N/A,N/A,N/A,Single item,N/A,N/A,N/A,N/A,N/A,N/A,N/A,Provided,N/A,N/A,N/A,N/A,N/A,N/A,N/A,N/A,N/A,N/A,N/A,N/A,N/A,N/A,N/A,N/A,N/A,N/A,N/A,N/A,N/A,N/A,N/A,/,N/A,N/A,N/A,N/A,N/A,Provided,N/A,N/A,3 years,N/A,40X30X20 cm,N/A,N/A,N/A,N/A,N/A,N/A,N/A,5.000 kg,N/A,N/A,N/A,N/A,N/A,N/A,N/A,N/A,N/A,N/A,N/A,N/A,N/A,N/A,N/A,N/A,"Shandong, China",N/A,Coldroom Cold Storage,N/A,N/A,N/A,N/A,N/A,N/A,N/A,N/A,N/A,N/A,Cold Storage Room Freezer Room,N/A,N/A,"Other, Bitzer",N/A,N/A,N/A,N/A,N/A,N/A,N/A,N/A,N/A,N/A,N/A,N/A,N/A,N/A,N/A,N/A,N/A,SOLAR,N/A,BINGKE,N/A,N/A,N/A,Highly Accurate,Refrigerated Storage,N/A,N/A,N/A,N/A,N/A,N/A,N/A,N/A,N/A,N/A,N/A,N/A,N/A,N/A,N/A,N/A,N/A,custom,N/A,N/A,N/A,N/A,N/A,N/A,N/A,N/A,Polyurethane Insulation Cold Storage,N/A,N/A,N/A,N/A,N/A,N/A,N/A,N/A,/,N/A,N/A,N/A,N/A,N/A,N/A,N/A,N/A,N/A,Monoblock Mobile Solar panel powered color steel PU Panel Cold storage,N/A,N/A,N/A,Cold Cold Storage Plant,N/A,N/A,N/A,N/A,N/A,N/A,N/A,N/A,N/A,N/A,N/A,N/A,N/A,N/A,N/A
N/A,https://www.alibaba.com/product-detail/Walk-In-Cooler-Panels-Insulated-Sandwich_1600668134600.html?s=p,2025-02-19 17:17:39,N/A,N/A,N/A,N/A,N/A,N/A,N/A,new,N/A,N/A,N/A,N/A,N/A,N/A,metal,N/A,N/A,N/A,Plastic packaged for Walk in Cooler Panels Insulated Sandwich Panels,N/A,N/A,N/A,N/A,N/A,N/A,N/A,N/A,N/A,N/A,N/A,"Shandong, China",N/A,N/A,N/A,N/A,N/A,N/A,Single item,N/A,1000 Square Meter/Square Meters per   Week cold room panel,N/A,N/A,N/A,N/A,N/A,N/A,N/A,N/A,N/A,N/A,N/A,N/A,N/A,N/A,pu panel,N/A,N/A,N/A,N/A,N/A,N/A,N/A,N/A,N/A,customized,N/A,N/A,N/A,N/A,N/A,N/A,N/A,N/A,N/A,N/A,N/A,N/A,N/A,N/A,N/A,1000X1000X20 cm,N/A,N/A,N/A,N/A,N/A,N/A,N/A,20.000 kg,N/A,N/A,"graphic design, 3D model design",N/A,N/A,N/A,N/A,N/A,N/A,N/A,N/A,N/A,N/A,N/A,N/A,N/A,N/A,N/A,N/A,N/A,N/A,N/A,As per your requirements,"hinged door, sliding door, standard return door",N/A,N/A,N/A,N/A,N/A,supermarket,N/A,N/A,N/A,N/A,N/A,N/A,N/A,N/A,Industrial,N/A,N/A,N/A,N/A,N/A,HUGECOOL,N/A,N/A,N/A,N/A,N/A,N/A,N/A,N/A,N/A,N/A,N/A,N/A,"Fresh-keep, freezing, quick-freezing, fire-proof, explosion-proof,",N/A,N/A,N/A,N/A,N/A,N/A,N/A,N/A,N/A,N/A,N/A,N/A,N/A,N/A,N/A,N/A,N/A,N/A,N/A,-45C to 20C,color steel or stainless steel or aluminum,N/A,N/A,N/A,N/A,N/A,N/A,N/A,N/A,N/A,"Online technical support, Onsite Installation, Onsite Training, Return and Replacement",N/A,N/A,N/A,50mm 75mm 100mm 120mm 150mm 180mm 200mm,N/A,N/A,N/A,N/A,N/A,N/A,N/A,N/A,N/A,N/A,Walk in Cooler Panels Insulated Sandwich Panels,N/A,N/A,N/A,N/A,shanghai port for Walk in Cooler Panels Insulated Sandwich Panels,Engineers available to service machinery overseas,N/A,N/A,N/A,N/A,N/A,N/A,N/A,N/A,N/A,N/A,1 Year,N/A,N/A
N/A,https://www.alibaba.com/product-detail/New-Design-Containerized-Solar-Powered-Containerized_62255527916.html,2025-02-19 17:17:56,N/A,N/A,N/A,N/A,N/A,N/A,N/A,N/A,N/A,N/A,N/A,N/A,N/A,N/A,N/A,N/A,N/A,N/A,wood crate and safely fixed while loading all items in container,N/A,N/A,N/A,N/A,N/A,N/A,N/A,N/A,N/A,N/A,Automatic,N/A,"PLC, compressor",N/A,N/A,N/A,N/A,N/A,Single item,N/A,100 Set/Sets per   Year,Evaporative Cooling,N/A,New Design Containerized Solar Powered Containerized Cold Room,N/A,N/A,Provided,N/A,N/A,N/A,N/A,N/A,N/A,N/A,N/A,N/A,N/A,N/A,N/A,N/A,N/A,N/A,N/A,N/A,N/A,N/A,N/A,N/A,N/A,N/A,380V/3P/50Hz,N/A,N/A,air fan or aluminum pipe,N/A,N/A,Provided,N/A,N/A,15months,N/A,1219X243X289 cm,N/A,N/A,N/A,N/A,N/A,N/A,N/A,68.000 kg,N/A,N/A,N/A,N/A,N/A,N/A,N/A,100mm,N/A,N/A,N/A,N/A,N/A,N/A,N/A,N/A,"Shanghai, China","Lead-Acid, Lithium Ion",N/A,N/A,R-22 R-404A,N/A,N/A,N/A,N/A,N/A,N/A,N/A,N/A,N/A,N/A,N/A,N/A,N/A,N/A,N/A,N/A,N/A,N/A,N/A,N/A,N/A,N/A,N/A,N/A,N/A,N/A,N/A,N/A,N/A,N/A,N/A,N/A,25ton,N/A,N/A,N/A,N/A,N/A,N/A,N/A,N/A,N/A,N/A,N/A,N/A,N/A,N/A,N/A,N/A,N/A,N/A,N/A,N/A,N/A,Customized Size,N/A,Customize,N/A,N/A,N/A,N/A,N/A,N/A,N/A,N/A,N/A,N/A,N/A,N/A,N/A,N/A,100MM,N/A,N/A,N/A,N/A,N/A,N/A,N/A,N/A,N/A,N/A,N/A,N/A,N/A,N/A,goods storage,shanghai port,Engineers available to service machinery overseas,N/A,N/A,N/A,N/A,N/A,"304 stainless steel, or galvanized steel",N/A,N/A,N/A,N/A,15months,N/A,N/A
30x60 Anti Blue Light Clear Laser Cutting Toughened Ultra Clear Tempered Laminated Glass Solar Panels in Toughened Glass,https://www.alibaba.com/product-detail/30x60-Anti-Blue-Light-Clear-Laser_1600903127506.html?s=p,2025-02-19 17:18:14,N/A,N/A,N/A,N/A,N/A,N/A,N/A,N/A,N/A,N/A,N/A,N/A,N/A,300*300---3000*2000,N/A,N/A,N/A,Solid,N/A,N/A,N/A,N/A,N/A,N/A,N/A,N/A,N/A,N/A,N/A,N/A,"Henan, China",N/A,N/A,4-6 Times Strength,N/A,N/A,N/A,Single item,3mm-12mm,N/A,N/A,N/A,N/A,N/A,N/A,N/A,N/A,N/A,N/A,N/A,N/A,N/A,N/A,N/A,JLFRP-1,N/A,N/A,N/A,N/A,N/A,N/A,N/A,N/A,N/A,N/A,flat,N/A,N/A,N/A,N/A,wooden chest,N/A,N/A,N/A,4mm---15mm,N/A,N/A,N/A,N/A,N/A,33X33X10 cm,N/A,N/A,N/A,N/A,N/A,N/A,N/A,15.000 kg,N/A,N/A,total solution for projects,N/A,N/A,N/A,N/A,N/A,N/A,N/A,N/A,N/A,N/A,N/A,N/A,N/A,N/A,N/A,N/A,N/A,N/A,N/A,N/A,N/A,N/A,N/A,N/A,N/A,N/A,"Courtyard, Leisure Facilities, supermarket, Workshop, School, Bathroom, Bedroom, Dining, Warehouse, Staircase, Park, Wine Cellar, Office Building, Storage & Closet, Gym, Mall, Apartment, Sports Venues, Basement, Hospital, Villa, Hotel, Hall, Garage & Shed",N/A,N/A,N/A,N/A,N/A,N/A,N/A,N/A,N/A,N/A,N/A,N/A,N/A,N/A,Jiulong,N/A,N/A,N/A,N/A,N/A,N/A,N/A,N/A,N/A,N/A,N/A,N/A,N/A,N/A,N/A,N/A,N/A,N/A,N/A,"right angle,safe corner,round corner,corner cut",N/A,N/A,N/A,N/A,N/A,N/A,N/A,N/A,N/A,"Green Blue Grey Bronze,etc",N/A,Tempered  Glass,N/A,N/A,N/A,N/A,Free Sample,N/A,N/A,N/A,N/A,N/A,N/A,Online technical support,N/A,N/A,N/A,N/A,N/A,CCC/ISO9001/CE,Grinding and polishing,N/A,N/A,N/A,N/A,N/A,N/A,N/A,N/A,N/A,N/A,N/A,"Industrial, Medical, Decoration, Greenhouse",N/A,N/A,N/A,N/A,N/A,N/A,N/A,N/A,N/A,N/A,N/A,N/A,5 years,N/A,N/A
500W Automatic Rotating Solar Panel Stand Cold-Storage-1000-Ton-Capacity Solar Panel Kit De Paneles Solares Para Una,https://www.alibaba.com/product-detail/500W-Automatic-Rotating-Solar-Panel-Stand_1600944012150.html,2025-02-19 17:18:33,N/A,N/A,N/A,N/A,N/A,N/A,N/A,N/A,N/A,N/A,N/A,N/A,N/A,N/A,N/A,N/A,N/A,N/A,According To The Quantity To Select The Most Suitable Package,N/A,N/A,Acceptale,N/A,N/A,N/A,N/A,N/A,N/A,N/A,N/A,"Zhejiang, China",N/A,N/A,N/A,N/A,N/A,according to power,Single item,N/A,100000 Watt/Watts per   Week,N/A,N/A,N/A,N/A,N/A,N/A,N/A,N/A,N/A,N/A,N/A,N/A,N/A,N/A,monocrystal solar panel,N/A,N/A,N/A,N/A,N/A,According to power,N/A,N/A,N/A,N/A,N/A,N/A,N/A,N/A,N/A,N/A,N/A,N/A,N/A,N/A,N/A,N/A,N/A,N/A,N/A,3.9X2.6X2 cm,N/A,N/A,N/A,N/A,Customized Color,N/A,N/A,1.000 kg,N/A,N/A,N/A,N/A,N/A,All Black,N/A,N/A,N/A,N/A,21- 27KG Contact,IP68 Rated,N/A,N/A,N/A,N/A,N/A,N/A,N/A,N/A,N/A,N/A,N/A,N/A,N/A,N/A,N/A,N/A,N/A,Solar Power System,N/A,N/A,N/A,N/A,Acceptable,N/A,N/A,N/A,N/A,N/A,N/A,N/A,N/A,N/A,monocrystal solar panels,N/A,N/A,N/A,N/A,N/A,N/A,N/A,N/A,N/A,Anodized Aluminium Alloy,N/A,N/A,N/A,N/A,N/A,N/A,N/A,N/A,N/A,N/A,N/A,N/A,N/A,N/A,N/A,N/A,N/A,N/A,N/A,N/A,N/A,N/A,N/A,N/A,N/A,N/A,N/A,20%,N/A,N/A,N/A,N/A,N/A,N/A,N/A,N/A,N/A,N/A,N/A,CE TUV ISO,N/A,N/A,N/A,N/A,N/A,N/A,N/A,N/A,N/A,N/A,N/A,N/A,N/A,ningbo,N/A,N/A,N/A,N/A,N/A,N/A,N/A,N/A,N/A,N/A,N/A,N/A,N/A,N/A
Lovsun 1MWh Energy Storage Battery Container 500Kwh 2MWH 5MWH Solar Lithium Battery Industrial Commercial Energy Storage System,https://www.alibaba.com/product-detail/Lovsun-1MWh-Energy-Storage-Battery-Container_1601297832434.html?s=p,2025-02-19 17:18:41,N/A,N/A,N/A,N/A,N/A,N/A,N/A,N/A,N/A,N/A,N/A,N/A,N/A,N/A,N/A,N/A,N/A,N/A,N/A,N/A,N/A,N/A,N/A,N/A,N/A,N/A,N/A,N/A,N/A,N/A,N/A,N/A,N/A,N/A,N/A,N/A,N/A,N/A,N/A,N/A,N/A,N/A,N/A,N/A,N/A,N/A,N/A,N/A,N/A,N/A,N/A,N/A,N/A,N/A,N/A,N/A,N/A,N/A,N/A,N/A,N/A,N/A,N/A,N/A,N/A,N/A,N/A,N/A,N/A,N/A,N/A,N/A,N/A,N/A,N/A,N/A,N/A,N/A,N/A,N/A,N/A,N/A,N/A,N/A,N/A,N/A,N/A,N/A,N/A,N/A,N/A,N/A,N/A,N/A,N/A,N/A,N/A,N/A,N/A,N/A,N/A,N/A,N/A,N/A,N/A,N/A,N/A,N/A,N/A,N/A,N/A,N/A,N/A,N/A,N/A,N/A,N/A,N/A,N/A,N/A,N/A,N/A,N/A,N/A,N/A,N/A,N/A,N/A,N/A,N/A,N/A,N/A,N/A,N/A,N/A,N/A,N/A,N/A,N/A,N/A,N/A,N/A,N/A,N/A,N/A,N/A,N/A,N/A,N/A,N/A,N/A,N/A,N/A,N/A,N/A,N/A,N/A,N/A,N/A,N/A,N/A,N/A,N/A,N/A,N/A,N/A,N/A,N/A,N/A,N/A,N/A,N/A,N/A,N/A,N/A,N/A,N/A,N/A,N/A,N/A,N/A,N/A,N/A,N/A,N/A,N/A,N/A,N/A,N/A,N/A,N/A,N/A,N/A,N/A,N/A,N/A,N/A,N/A,N/A,N/A,N/A,N/A,N/A,N/A,N/A,N/A,N/A,N/A,N/A,N/A,N/A,N/A
20kw 30kw 50kw 100kw Solar Panel System Power for Cold Store Room Storage Refrigerator Unit Blast Room Walk in Cooler Room,https://www.alibaba.com/product-detail/20kw-30kw-50kw-100kw-Solar-Panel_1601068236407.html,2025-02-19 17:18:58,N/A,N/A,N/A,N/A,N/A,N/A,N/A,New,N/A,N/A,N/A,"Video technical support, Online support, Spare parts",N/A,N/A,N/A,N/A,"Fruits, vegetables, meat, beer,dairy,blood,breads,etc",N/A,N/A,N/A,N/A,N/A,N/A,N/A,N/A,N/A,N/A,N/A,N/A,Energy saving,N/A,"PLC, compressor, air cooler, cold room light, PUR panels, condenser",N/A,N/A,N/A,N/A,N/A,Single item,N/A,N/A,N/A,N/A,N/A,N/A,N/A,Provided,N/A,N/A,N/A,N/A,N/A,N/A,N/A,N/A,N/A,N/A,N/A,N/A,N/A,N/A,N/A,N/A,N/A,N/A,N/A,N/A,N/A,N/A,N/A,110v~480v,N/A,N/A,N/A,N/A,N/A,Provided,N/A,N/A,1 Year,N/A,200X150X250 cm,N/A,N/A,N/A,N/A,N/A,N/A,N/A,500.000 kg,Air Cooled System,N/A,N/A,N/A,N/A,N/A,N/A,N/A,N/A,N/A,N/A,N/A,N/A,N/A,Hinged Door Sliding Door,N/A,"Henan,China",N/A,N/A,N/A,N/A,N/A,N/A,N/A,N/A,N/A,N/A,N/A,N/A,N/A,N/A,N/A,"TECUMSEH, Copeland, Bristol, Bitzer, Daikin, hitachi, Maneurop, Fusheng, DORIN, Sanyo, Emerson, Frascold, Xumei, Other",N/A,N/A,N/A,N/A,N/A,N/A,N/A,Easy Install,N/A,N/A,N/A,N/A,N/A,N/A,N/A,N/A,N/A,Container,N/A,Tianjie,Other,N/A,N/A,N/A,N/A,N/A,N/A,N/A,N/A,N/A,N/A,N/A,N/A,N/A,N/A,N/A,N/A,N/A,N/A,N/A,N/A,N/A,customize,N/A,-60℃ ~ +20℃,Stainless steel or color steel,N/A,N/A,N/A,N/A,N/A,N/A,R-22 R-404A R-407 R-408 R-507,N/A,N/A,N/A,Video technical support,N/A,N/A,"100MM, 200mm, 120mm, 75mm, Other, 50MM, 150mm, pur/pir panels",N/A,N/A,N/A,ISO9001 CE,N/A,N/A,N/A,N/A,N/A,N/A,Freezing Chamber,N/A,N/A,N/A,N/A,N/A,N/A,N/A,N/A,N/A,N/A,N/A,N/A,N/A,N/A,N/A,N/A,N/A,N/A,N/A
Super Solar Panels PV Module PERC 340w - 370w Mono Solar Panel 5BB Monocrytalline Solar Cells High Module Efficiency,https://www.alibaba.com/product-detail/Super-Solar-Panels-PV-Module-PERC_60635368750.html?s=p,2025-02-19 17:19:18,N/A,N/A,N/A,N/A,N/A,N/A,N/A,N/A,N/A,N/A,N/A,N/A,N/A,N/A,N/A,N/A,N/A,N/A,"250KW/40ft,100KW/20ft#24 VIP 0.1 USD Solar Panels PV Module PERC 340w - 370w mono solar panel 5BB Monocrytalline Solar Cells High Module Efficiency",N/A,N/A,N/A,N/A,N/A,40m/s,Landscape & portrait,N/A,N/A,N/A,N/A,China,N/A,N/A,N/A,Light-weighted,N/A,N/A,Single item,N/A,200000 Kilowatt/Kilowatts per   Month,N/A,N/A,N/A,N/A,N/A,N/A,N/A,N/A,N/A,N/A,N/A,N/A,N/A,N/A,solar power system,N/A,N/A,N/A,N/A,N/A,N/A,N/A,1.4,N/A,N/A,N/A,"Ground Screw, Concrete Block",N/A,N/A,N/A,N/A,N/A,N/A,N/A,N/A,N/A,N/A,N/A,N/A,N/A,35X5X5 cm,N/A,N/A,N/A,N/A,N/A,N/A,N/A,5.000 kg,N/A,N/A,N/A,N/A,N/A,N/A,N/A,N/A,N/A,N/A,N/A,N/A,N/A,N/A,N/A,N/A,N/A,N/A,N/A,110/120/220/230V,N/A,N/A,N/A,N/A,N/A,N/A,N/A,N/A,N/A,rolling ground or slope,N/A,N/A,N/A,N/A,N/A,N/A,N/A,N/A,N/A,N/A,N/A,N/A,N/A,N/A,solar power system,N/A,N/A,N/A,N/A,N/A,N/A,N/A,N/A,N/A,N/A,N/A,N/A,N/A,N/A,N/A,N/A,N/A,N/A,N/A,N/A,N/A,N/A,N/A,N/A,N/A,N/A,N/A,N/A,N/A,N/A,N/A,N/A,N/A,N/A,N/A,N/A,N/A,N/A,N/A,N/A,N/A,N/A,N/A,N/A,N/A,N/A,N/A,N/A,N/A,N/A,N/A,N/A,N/A,N/A,N/A,N/A,Normal,N/A,Solar Energy system  Screw-steel--Solar Panel Bracket,N/A,N/A,N/A,N/A,XIAMEN PORT,N/A,N/A,N/A,N/A,N/A,N/A,Aluminum,N/A,N/A,N/A,N/A,10 years,N/A,60
High Quality Solar Panels and Battery for Cold Rooms Freezer Container Solar Cold Room,https://www.alibaba.com/product-detail/High-Quality-Solar-Panels-and-Battery_1601174446115.html,2025-02-19 17:19:38,N/A,N/A,N/A,N/A,N/A,N/A,N/A,N/A,N/A,N/A,N/A,N/A,N/A,N/A,N/A,N/A,N/A,N/A,N/A,N/A,N/A,N/A,N/A,N/A,N/A,N/A,XiamenJialiang,N/A,N/A,High Productivity,N/A,"Pressure vessel, motor, Bearing, Gear, Gearbox, PLC, Pump, Engine",N/A,N/A,N/A,N/A,N/A,Single item,N/A,N/A,Air Cooled System,N/A,N/A,N/A,N/A,Provided,N/A,N/A,N/A,N/A,N/A,N/A,N/A,N/A,N/A,N/A,N/A,N/A,N/A,N/A,N/A,N/A,N/A,N/A,N/A,N/A,N/A,N/A,N/A,220V/380V/420V/460V Customized,N/A,N/A,N/A,N/A,N/A,Provided,N/A,N/A,1 Year,N/A,32X26X37 cm,N/A,N/A,N/A,N/A,N/A,N/A,N/A,30.000 kg,N/A,N/A,N/A,N/A,N/A,Customer-made,N/A,N/A,N/A,N/A,N/A,N/A,N/A,N/A,Slidding Door,N/A,"Fujian, China",N/A,Coldroom Cold Storage,N/A,N/A,N/A,N/A,N/A,N/A,N/A,N/A,N/A,N/A,N/A,N/A,N/A,"TECUMSEH, Copeland, Bristol, Performer, Bitzer, Daikin, hitachi, Other, Maneurop, Fusheng, DORIN, Sanyo, Emerson, Frascold, Xumei, Jialiang",N/A,N/A,N/A,N/A,N/A,N/A,N/A,High Performance Big Capacity,N/A,N/A,N/A,N/A,N/A,N/A,N/A,N/A,N/A,Solar,N/A,Xiamen Jialiang,N/A,N/A,N/A,N/A,N/A,N/A,N/A,N/A,N/A,N/A,200,N/A,Customized,N/A,N/A,N/A,N/A,N/A,N/A,N/A,N/A,N/A,Customized,N/A,N/A,N/A,N/A,N/A,N/A,N/A,N/A,Cold Stroage Room,N/A,N/A,N/A,N/A,N/A,N/A,N/A,N/A,"> 1000W, 500W, 1.35KW, 750W, 10W",N/A,N/A,N/A,N/A,N/A,N/A,N/A,N/A,N/A,Solar Cold Room,N/A,N/A,N/A,Freezing,N/A,N/A,N/A,N/A,N/A,N/A,N/A,Color Steel Sheet,N/A,N/A,N/A,N/A,N/A,N/A,N/A
10000-Watt Solar Panel System 470W Grid-Efficient Longi Black N-Type Solar Panels HJT Type Glass Front Cover Government Subsidy,https://www.alibaba.com/product-detail/10000-Watt-Solar-Panel-System-470W_1601359449104.html?s=p,2025-02-19 17:19:53,N/A,N/A,N/A,N/A,N/A,N/A,N/A,N/A,N/A,N/A,N/A,N/A,N/A,N/A,N/A,N/A,N/A,N/A,N/A,N/A,N/A,N/A,N/A,N/A,N/A,N/A,N/A,N/A,-40C~ +85C,N/A,"Guangdong, China",N/A,N/A,N/A,N/A,N/A,182mmx182mm,N/A,N/A,N/A,N/A,N/A,N/A,N/A,N/A,N/A,N/A,N/A,N/A,N/A,N/A,N/A,N/A,N/A,HP-144H 565-585M10,N/A,N/A,N/A,N/A,N/A,2278*1134*35mm,N/A,N/A,N/A,N/A,N/A,N/A,N/A,3.2mm High Transmission Tempered Glass,N/A,N/A,N/A,N/A,N/A,N/A,N/A,N/A,N/A,N/A,N/A,N/A,N/A,N/A,N/A,N/A,N/A,N/A,N/A,N/A,N/A,N/A,N/A,N/A,N/A,"N-TYPE, TOPCON",N/A,N/A,N/A,N/A,28kg,IP68,N/A,N/A,N/A,N/A,N/A,N/A,N/A,N/A,N/A,N/A,N/A,N/A,N/A,N/A,N/A,N/A,Monocrystal Silicon,N/A,N/A,N/A,N/A,N/A,N/A,MC4 Compatible Connector,N/A,N/A,N/A,N/A,N/A,N/A,N/A,N/A,HP POWER,N/A,N/A,N/A,N/A,N/A,N/A,N/A,N/A,N/A,Anodized Aluminum Alloy Frame,N/A,N/A,N/A,N/A,N/A,N/A,N/A,N/A,N/A,N/A,N/A,N/A,N/A,N/A,N/A,N/A,N/A,N/A,N/A,N/A,N/A,N/A,N/A,N/A,N/A,N/A,N/A,22.65%,N/A,N/A,N/A,N/A,N/A,N/A,N/A,N/A,N/A,N/A,N/A,CE ISO TUV,N/A,N/A,N/A,N/A,N/A,N/A,N/A,N/A,N/A,N/A,N/A,N/A,N/A,N/A,N/A,N/A,N/A,N/A,N/A,N/A,N/A,N/A,N/A,N/A,N/A,N/A,N/A,N/A
R 20kw 30kw 50kw 100kw Solar Energy System Power for Solar Cold Store Machine Room Storage Refrigerator Unit System for Home,https://www.alibaba.com/product-detail/R-20kw-30kw-50kw-100kw-Solar_1601274415613.html,2025-02-19 17:20:05,N/A,N/A,N/A,N/A,N/A,N/A,N/A,N/A,N/A,N/A,N/A,N/A,N/A,N/A,N/A,N/A,N/A,N/A,N/A,N/A,N/A,N/A,N/A,N/A,N/A,N/A,N/A,N/A,N/A,N/A,"Inner Mongolia, China",N/A,N/A,N/A,N/A,N/A,N/A,Single item,N/A,N/A,N/A,N/A,N/A,N/A,75W,N/A,N/A,N/A,N/A,N/A,N/A,N/A,N/A,N/A,N/A,N/A,N/A,12V,N/A,N/A,N/A,N/A,N/A,N/A,N/A,N/A,N/A,N/A,N/A,N/A,N/A,N/A,N/A,N/A,N/A,N/A,N/A,N/A,N/A,N/A,XX cm,N/A,N/A,N/A,N/A,N/A,N/A,N/A,kg,N/A,N/A,N/A,N/A,N/A,N/A,N/A,N/A,N/A,N/A,N/A,N/A,N/A,N/A,N/A,N/A,N/A,N/A,N/A,N/A,N/A,N/A,N/A,N/A,N/A,N/A,N/A,N/A,N/A,Household,N/A,N/A,N/A,N/A,N/A,N/A,N/A,N/A,N/A,N/A,N/A,N/A,N/A,N/A,Ailan,N/A,680*340*505mm,N/A,N/A,N/A,N/A,N/A,N/A,N/A,N/A,N/A,N/A,N/A,N/A,N/A,N/A,N/A,N/A,N/A,N/A,N/A,N/A,N/A,N/A,N/A,N/A,N/A,N/A,N/A,N/A,N/A,N/A,N/A,N/A,N/A,R134a,N/A,N/A,N/A,N/A,N/A,N/A,N/A,N/A,N/A,N/A,N/A,N/A,N/A,N/A,N/A,N/A,N/A,N/A,N/A,N/A,N/A,N/A,N/A,N/A,N/A,N/A,N/A,N/A,N/A,N/A,N/A,N/A,N/A,N/A,N/A,N/A,N/A,N/A,N/A,N/A,N/A,N/A
OEM 100kWh 215kWh 400kWh Energy Storage Battery System Industrial Commercial ESS Solar Energy Storage Container,https://www.alibaba.com/product-detail/OEM-100kWh-215kWh-400kWh-Energy-Storage_1600905928936.html?s=p,2025-02-19 17:20:18,N/A,N/A,N/A,N/A,N/A,N/A,N/A,N/A,N/A,N/A,N/A,N/A,N/A,N/A,N/A,N/A,N/A,N/A,N/A,N/A,N/A,N/A,N/A,"rs485, CAN, LAN",N/A,N/A,N/A,N/A,N/A,N/A,"Guangdong, China",N/A,N/A,N/A,N/A,N/A,N/A,Single item,N/A,N/A,N/A,N/A,N/A,N/A,N/A,N/A,N/A,N/A,N/A,N/A,N/A,N/A,N/A,N/A,sms-100kw,N/A,N/A,N/A,N/A,N/A,N/A,Grade A 3.2V 280Ah LiFePO4 Cell,N/A,N/A,N/A,N/A,N/A,N/A,N/A,N/A,N/A,N/A,N/A,N/A,N/A,N/A,1150*2450*1275mm,N/A,N/A,N/A,115X245X127.5 cm,N/A,N/A,N/A,N/A,N/A,N/A,N/A,2100.000 kg,N/A,N/A,N/A,N/A,N/A,N/A,N/A,N/A,LiFePO4,N/A,2100kg,N/A,N/A,200kWh 400kWh,N/A,N/A,N/A,N/A,Industrial and Commercial Energy Storage,N/A,N/A,N/A,N/A,N/A,N/A,N/A,N/A,N/A,N/A,Solar Energy Storage Systems,N/A,N/A,N/A,N/A,N/A,N/A,N/A,N/A,N/A,N/A,N/A,N/A,N/A,N/A,SMS,N/A,N/A,N/A,N/A,N/A,N/A,N/A,N/A,N/A,N/A,N/A,N/A,N/A,N/A,Air Cooling,IP55,Off grid,N/A,N/A,N/A,N/A,N/A,N/A,N/A,N/A,N/A,N/A,N/A,N/A,N/A,N/A,N/A,N/A,N/A,N/A,N/A,N/A,N/A,N/A,N/A,N/A,N/A,N/A,N/A,N/A,N/A,N/A,N/A,N/A,CE RoHS UN38.3 MSDS,N/A,N/A,N/A,N/A,N/A,N/A,N/A,N/A,Commercial Energy Storage Battery-cabinet,N/A,6000 Cycles,N/A,N/A,N/A,N/A,N/A,N/A,N/A,N/A,600V-1500V,N/A,N/A,N/A,N/A,N/A,5 Years,N/A,N/A
Solar Cold Room Storage Insulation Metal Panels Competitive Price for Cold Room Panel,https://www.alibaba.com/product-detail/Solar-Cold-Room-Storage-Insulation-Metal_1601359620747.html,2025-02-19 17:20:28,N/A,N/A,N/A,N/A,N/A,N/A,N/A,N/A,N/A,N/A,N/A,N/A,N/A,N/A,Stainless steel or color steel,N/A,N/A,N/A,N/A,N/A,N/A,N/A,N/A,N/A,N/A,N/A,N/A,N/A,N/A,N/A,"Shandong, China",N/A,N/A,N/A,Fire Resistant,N/A,N/A,Single item,50/75/100/150/200mm,N/A,N/A,N/A,N/A,N/A,N/A,N/A,N/A,N/A,N/A,N/A,N/A,N/A,N/A,N/A,BOR-PU PANELS,N/A,N/A,N/A,N/A,N/A,N/A,N/A,N/A,N/A,N/A,N/A,N/A,N/A,N/A,N/A,N/A,N/A,N/A,N/A,N/A,N/A,N/A,N/A,N/A,N/A,XX cm,N/A,N/A,N/A,N/A,Customer's Require,N/A,N/A,kg,N/A,N/A,"graphic design, 3D model design, total solution for projects, Cross Categories Consolidation, Others",N/A,N/A,N/A,N/A,N/A,N/A,N/A,N/A,N/A,N/A,N/A,N/A,N/A,N/A,N/A,N/A,N/A,N/A,38-42kg/m3,N/A,N/A,N/A,N/A,N/A,N/A,N/A,cold room,N/A,N/A,N/A,N/A,N/A,N/A,N/A,N/A,Traditional,N/A,N/A,N/A,N/A,N/A,Boer,N/A,N/A,N/A,N/A,N/A,N/A,N/A,N/A,N/A,N/A,N/A,N/A,N/A,N/A,N/A,N/A,N/A,N/A,N/A,N/A,Customized Sizes Support,N/A,N/A,N/A,N/A,N/A,N/A,N/A,N/A,N/A,N/A,N/A,N/A,N/A,N/A,N/A,N/A,N/A,N/A,N/A,N/A,Polyurethane foam,B1.B2,"Online technical support, Free spare parts, Other",N/A,N/A,N/A,N/A,N/A,N/A,N/A,N/A,N/A,N/A,N/A,N/A,N/A,N/A,PU Sandwich Panel,N/A,N/A,N/A,N/A,N/A,N/A,N/A,N/A,N/A,N/A,N/A,"steel, Aluminum",N/A,N/A,N/A,N/A,1 Year,N/A,N/A
Chinese Factory Product 72 Solar Cells Solar Panel 300W 320W 330W 340W 350W PolyCrystalline Solar Panels,https://www.alibaba.com/product-detail/Chinese-Factory-Product-72-Solar-Cells_1600386137194.html?s=p,2025-02-19 17:20:41,N/A,N/A,N/A,N/A,N/A,N/A,N/A,N/A,N/A,N/A,N/A,N/A,N/A,N/A,N/A,N/A,N/A,N/A,30pcs in a carton,N/A,N/A,N/A,N/A,N/A,N/A,N/A,N/A,N/A,N/A,N/A,"Anhui, China",N/A,N/A,N/A,N/A,N/A,158.75mmx158.75mm,N/A,N/A,800000000000 Watt/Watts per   Year,N/A,N/A,N/A,N/A,N/A,N/A,N/A,N/A,N/A,N/A,N/A,N/A,N/A,N/A,PNG-72P330-350W,N/A,N/A,N/A,N/A,N/A,1956*992*35mm,N/A,N/A,N/A,N/A,N/A,N/A,N/A,3.2mm Tempered Low Iron,N/A,N/A,N/A,N/A,N/A,N/A,N/A,N/A,N/A,N/A,N/A,N/A,"4mm ^2 , Length 900mm or customized",N/A,N/A,N/A,N/A,N/A,N/A,N/A,N/A,N/A,N/A,N/A,N/A,PERC,N/A,N/A,N/A,N/A,23kg,"IP68, 3 diodes",N/A,N/A,N/A,N/A,N/A,N/A,N/A,N/A,N/A,N/A,N/A,N/A,N/A,N/A,N/A,N/A,5BB POLY 157*157mm,"Commercial,Industrial,Home",N/A,N/A,N/A,N/A,N/A,N/A,N/A,N/A,N/A,N/A,N/A,N/A,N/A,N/A,PNG Solar,N/A,N/A,N/A,N/A,N/A,N/A,N/A,N/A,N/A,Anodized Aluminium Alloy,N/A,N/A,N/A,N/A,N/A,N/A,N/A,N/A,N/A,N/A,N/A,N/A,N/A,N/A,N/A,N/A,N/A,TUV CE,N/A,N/A,N/A,N/A,N/A,N/A,N/A,N/A,N/A,18.04%,N/A,N/A,N/A,N/A,N/A,N/A,N/A,N/A,N/A,N/A,N/A,TUV CE,N/A,N/A,N/A,N/A,N/A,N/A,N/A,N/A,N/A,N/A,N/A,N/A,N/A,Shanghai,N/A,N/A,N/A,N/A,N/A,N/A,N/A,N/A,N/A,N/A,A grade,30 years,N/A,N/A
Solar Powered Panels System for Cold Storage Vehicles Walk in Freezer Cold Room System 20ft Solar Power Container Cold Room,https://www.alibaba.com/product-detail/Solar-Powered-Panels-System-for-Cold_1601005504089.html,2025-02-19 17:20:56,N/A,N/A,N/A,N/A,N/A,N/A,N/A,N/A,N/A,N/A,N/A,N/A,N/A,N/A,N/A,N/A,N/A,N/A,woodenbox,N/A,N/A,N/A,N/A,N/A,N/A,N/A,N/A,N/A,N/A,N/A,"Jiangsu, China",N/A,N/A,N/A,N/A,N/A,N/A,Single item,N/A,10000000000 Watt/Watts per   Month,N/A,N/A,N/A,N/A,N/A,N/A,N/A,N/A,N/A,N/A,N/A,N/A,N/A,N/A,C&I SYSTEM,N/A,N/A,N/A,N/A,N/A,N/A,N/A,N/A,N/A,N/A,N/A,N/A,N/A,3.2mm Tempered Low Iron,N/A,N/A,N/A,N/A,N/A,N/A,N/A,N/A,N/A,N/A,MPPT,230X180X60 cm,N/A,N/A,N/A,N/A,N/A,N/A,N/A,68.000 kg,N/A,Monocrystalline Solar Panel,N/A,"50KW, 30kw, 20kw, 100KW, 1MW, 10MW, Customize",N/A,Off-grid System AC,N/A,N/A,"Lead-Acid, Lithium Ion",N/A,N/A,IP68 Rated Waterproof,"Roof Mounting, Ground Mounting, Carport Mounting, Wall mounting",N/A,N/A,50/60Hz,N/A,N/A,N/A,120V/230V/380V/220V,N/A,N/A,N/A,N/A,N/A,N/A,N/A,N/A,N/A,Solar Energy System,N/A,N/A,N/A,N/A,N/A,IP68 MC,N/A,N/A,N/A,N/A,N/A,N/A,N/A,Monocrystalline Silicon,XC,N/A,N/A,N/A,N/A,N/A,N/A,N/A,N/A,N/A,N/A,Yes,N/A,N/A,N/A,N/A,N/A,N/A,TUV1*4.0mm2,N/A,N/A,N/A,N/A,N/A,N/A,N/A,N/A,N/A,N/A,N/A,N/A,N/A,N/A,N/A,N/A,Y,N/A,N/A,N/A,N/A,N/A,N/A,N/A,N/A,N/A,N/A,N/A,N/A,N/A,N/A,N/A,N/A,N/A,N/A,N/A,N/A,N/A,N/A,N/A,Commercial Industrial Solar Energy System,N/A,N/A,N/A,N/A,N/A,N/A,24,N/A,N/A,N/A,N/A,N/A,Photovoltaic Solar Energy System,N/A,N/A,"Half cell,Monocrystalline",N/A,N/A,N/A
Wholesale 700W Bifacial N-Type Monocrystalline Solar Panel for Roof and Balcony with OEM Power Plug High Efficiency PV Panels,https://www.alibaba.com/product-detail/Wholesale-700W-Bifacial-N-Type-Monocrystalline_1601359446059.html?s=p,2025-02-19 17:21:06,N/A,N/A,N/A,N/A,N/A,N/A,N/A,N/A,N/A,N/A,N/A,N/A,N/A,N/A,N/A,N/A,N/A,N/A,N/A,N/A,N/A,N/A,N/A,N/A,N/A,N/A,N/A,N/A,-40C~ +85C,N/A,"Guangdong, China",N/A,N/A,N/A,N/A,N/A,182mmx182mm,N/A,N/A,N/A,N/A,N/A,N/A,N/A,N/A,N/A,N/A,N/A,N/A,N/A,N/A,N/A,N/A,N/A,HP-108H 410-430M10,N/A,N/A,N/A,N/A,N/A,1722*1134*30(mm),N/A,N/A,N/A,N/A,N/A,N/A,N/A,3.2mm High Transmission Tempered Glass,N/A,N/A,N/A,N/A,N/A,N/A,N/A,N/A,N/A,N/A,N/A,N/A,N/A,N/A,N/A,N/A,N/A,Accept OEM Production,N/A,N/A,N/A,N/A,N/A,N/A,N/A,"N-TYPE, TOPCON",N/A,N/A,N/A,N/A,22kg,IP68,N/A,N/A,N/A,N/A,N/A,N/A,N/A,N/A,N/A,N/A,N/A,N/A,N/A,N/A,N/A,N/A,Monocrystal Silicon,Home Commercial Solar System,N/A,N/A,N/A,N/A,N/A,N/A,N/A,N/A,N/A,N/A,N/A,N/A,N/A,N/A,HP POWER,N/A,N/A,N/A,N/A,N/A,N/A,N/A,N/A,N/A,N/A,N/A,N/A,N/A,N/A,N/A,N/A,N/A,N/A,N/A,N/A,N/A,N/A,N/A,N/A,N/A,N/A,N/A,N/A,N/A,N/A,N/A,N/A,N/A,N/A,N/A,N/A,N/A,22.02%,N/A,N/A,N/A,N/A,N/A,N/A,N/A,N/A,N/A,N/A,N/A,CE ISO TUV,N/A,N/A,N/A,N/A,N/A,N/A,N/A,N/A,N/A,N/A,N/A,N/A,N/A,N/A,N/A,N/A,N/A,N/A,N/A,N/A,N/A,N/A,N/A,N/A,N/A,N/A,N/A,N/A
Refrigerated Storage Walk in Freezer Sandwich Panels Cold Room Solar,https://www.alibaba.com/product-detail/Refrigerated-Storage-Walk-in-Freezer-Sandwich_1601267887264.html,2025-02-19 17:21:19,N/A,N/A,N/A,N/A,N/A,N/A,N/A,N/A,N/A,N/A,N/A,N/A,N/A,N/A,N/A,N/A,N/A,Galvanized Steel Frame + Sandwich Panel,N/A,N/A,N/A,N/A,N/A,N/A,N/A,N/A,N/A,N/A,N/A,Energy saving,N/A,Engine,N/A,N/A,constant temperature,Easily Moved,N/A,Single item,N/A,N/A,N/A,N/A,N/A,N/A,N/A,Provided,N/A,N/A,N/A,N/A,N/A,N/A,N/A,N/A,N/A,N/A,N/A,N/A,N/A,N/A,N/A,N/A,N/A,N/A,N/A,N/A,N/A,N/A,N/A,220v/380v,N/A,N/A,N/A,N/A,N/A,Provided,N/A,N/A,3 years,N/A,10X15X10 cm,N/A,N/A,N/A,N/A,N/A,N/A,N/A,1.500 kg,N/A,N/A,N/A,N/A,N/A,N/A,N/A,N/A,N/A,N/A,N/A,N/A,N/A,N/A,N/A,N/A,"Heilongjiang, China",N/A,N/A,N/A,N/A,N/A,N/A,N/A,N/A,frozen food storage,N/A,N/A,N/A,walk in cool room,wall insulation,N/A,Emerson,N/A,N/A,N/A,N/A,N/A,N/A,N/A,N/A,N/A,N/A,N/A,N/A,N/A,N/A,N/A,N/A,N/A,Container,N/A,Dongan,N/A,N/A,N/A,N/A,N/A,N/A,N/A,N/A,N/A,N/A,1274,N/A,N/A,Container Shipment,N/A,N/A,N/A,N/A,N/A,N/A,N/A,N/A,2120*3840*2320mm,N/A,N/A,N/A,N/A,N/A,N/A,N/A,N/A,N/A,N/A,N/A,N/A,N/A,N/A,N/A,N/A,N/A,N/A,N/A,N/A,N/A,Costom Requests,N/A,N/A,N/A,N/A,N/A,N/A,N/A,N/A,N/A,Cold Storage Room,N/A,N/A,N/A,N/A,N/A,N/A,N/A,N/A,low price,N/A,N/A,N/A,N/A,N/A,N/A
N/A,https://www.alibaba.com/product-detail/GCL-Talesun-Solar-Panels-325wp-Monocrystalline_1600125939642.html?s=p,2025-02-19 17:21:32,N/A,N/A,N/A,N/A,N/A,N/A,N/A,N/A,N/A,N/A,N/A,N/A,N/A,N/A,N/A,N/A,N/A,N/A,30 pcs in a carton,N/A,N/A,N/A,N/A,N/A,N/A,N/A,N/A,N/A,N/A,N/A,"Anhui, China",N/A,N/A,N/A,N/A,N/A,N/A,N/A,N/A,800000000000 Watt/Watts per   Year,N/A,N/A,N/A,N/A,N/A,N/A,N/A,N/A,N/A,N/A,N/A,N/A,N/A,N/A,PNG325-120M,N/A,N/A,N/A,N/A,N/A,1684*1002*35mm,N/A,N/A,N/A,N/A,N/A,N/A,N/A,3.2mm Tempered Low Iron,N/A,N/A,N/A,N/A,N/A,N/A,N/A,N/A,N/A,N/A,N/A,N/A,4mm ^2  300mm PV Cable,N/A,N/A,N/A,N/A,N/A,N/A,N/A,N/A,N/A,N/A,N/A,N/A,"PERC, Half Cell, All Black",N/A,N/A,N/A,N/A,19.5kg,IP68 Rated,N/A,N/A,N/A,N/A,N/A,N/A,N/A,N/A,N/A,N/A,N/A,N/A,N/A,N/A,N/A,N/A,Mono 158.75x79.375mm,"Commercial,Industrial,Home",N/A,N/A,N/A,N/A,N/A,N/A,N/A,N/A,N/A,N/A,N/A,N/A,N/A,N/A,PNG Solar,N/A,N/A,N/A,N/A,N/A,N/A,N/A,N/A,N/A,Anodized Aluminium Alloy,N/A,N/A,N/A,N/A,N/A,N/A,N/A,N/A,N/A,N/A,N/A,N/A,N/A,N/A,N/A,N/A,N/A,TUV CE PID ISO,N/A,N/A,N/A,N/A,N/A,N/A,N/A,N/A,N/A,19.26%,N/A,N/A,N/A,N/A,N/A,N/A,N/A,N/A,N/A,N/A,N/A,TUV CE,N/A,N/A,N/A,N/A,N/A,N/A,N/A,N/A,N/A,N/A,N/A,N/A,N/A,Shanghai,N/A,N/A,N/A,N/A,N/A,N/A,N/A,N/A,N/A,N/A,Longji,25 years,N/A,N/A
Solar Powered Polyurethane Panels Customized Standard Coldroom/cold Storage Freezer Equipment,https://www.alibaba.com/product-detail/Solar-Powered-Polyurethane-Panels-Customized-Standard_60668607944.html,2025-02-19 17:21:42,N/A,N/A,N/A,N/A,N/A,N/A,-40 C to +20 C,N/A,N/A,N/A,N/A,N/A,N/A,N/A,N/A,N/A,N/A,N/A,N/A,N/A,Air Cooling,N/A,N/A,N/A,N/A,N/A,N/A,N/A,N/A,High-accuracy,N/A,"motor, Engine",N/A,N/A,N/A,N/A,N/A,Single item,N/A,N/A,N/A,N/A,N/A,N/A,N/A,Provided,Bayer,"Hinge door, convex door, sliding door",N/A,N/A,N/A,N/A,N/A,N/A,N/A,N/A,N/A,N/A,N/A,N/A,N/A,N/A,N/A,N/A,N/A,N/A,N/A,N/A,N/A,220V/380V,N/A,N/A,N/A,N/A,N/A,Provided,N/A,N/A,One Year,N/A,580X230X240 cm,N/A,N/A,N/A,N/A,N/A,N/A,N/A,500.000 kg,N/A,N/A,N/A,N/A,N/A,N/A,N/A,N/A,N/A,N/A,N/A,N/A,N/A,N/A,N/A,N/A,"Guangdong, China",N/A,N/A,N/A,R404A,N/A,N/A,N/A,Copeland Bitzeror Tecumseh,N/A,N/A,N/A,N/A,N/A,N/A,N/A,"TECUMSEH, Bitzer, Other, Maneurop",N/A,N/A,N/A,N/A,N/A,N/A,N/A,N/A,N/A,N/A,N/A,N/A,"50mm,75mm,100mm,150mm,200mm",N/A,N/A,Food Industry,N/A,Solar,N/A,DACHANG,N/A,N/A,N/A,N/A,N/A,N/A,N/A,N/A,N/A,N/A,N/A,N/A,N/A,N/A,N/A,ISO,N/A,N/A,N/A,N/A,N/A,N/A,Customized Standard,N/A,N/A,N/A,N/A,N/A,N/A,N/A,N/A,Polyurethane Insulation Cold Storage,N/A,N/A,N/A,N/A,N/A,N/A,N/A,N/A,Customized standard,N/A,N/A,N/A,N/A,N/A,N/A,N/A,N/A,N/A,N/A,N/A,N/A,N/A,N/A,N/A,N/A,N/A,N/A,N/A,N/A,N/A,N/A,N/A,N/A,N/A,N/A,N/A,N/A,N/A
Cold Storage Room 100mm Stainless Steel Metal Polyurethane  Sandwich Panels for Ceiling/roof/ Wall/floor Cool Room,https://www.alibaba.com/product-detail/Cold-Storage-Room-100mm-Stainless-Steel_1601249114547.html?s=p,2025-02-19 17:21:52,N/A,N/A,N/A,N/A,N/A,N/A,N/A,N/A,N/A,N/A,N/A,N/A,N/A,N/A,N/A,0.426/0.5/0.6/0.8mm,N/A,N/A,N/A,N/A,N/A,N/A,N/A,N/A,N/A,N/A,BP-069,N/A,N/A,Competitive Price,N/A,"Pressure vessel, motor, Bearing, Gear, Gearbox, PLC, Pump, Engine, Other",N/A,N/A,Insulation,N/A,N/A,Single item,N/A,N/A,N/A,N/A,N/A,N/A,N/A,Provided,N/A,N/A,N/A,N/A,N/A,N/A,N/A,N/A,N/A,N/A,N/A,N/A,N/A,N/A,N/A,N/A,N/A,N/A,N/A,N/A,N/A,N/A,N/A,220 /380 /400V,N/A,N/A,N/A,N/A,N/A,Provided,N/A,N/A,1 Year,N/A,590X122X10 cm,N/A,N/A,N/A,N/A,N/A,N/A,N/A,43.100 kg,N/A,N/A,N/A,N/A,N/A,N/A,N/A,N/A,N/A,N/A,N/A,N/A,N/A,N/A,Sliding / Swing / Hinged Door,N/A,"Shanghai, China",N/A,N/A,N/A,N/A,N/A,N/A,N/A,N/A,N/A,N/A,N/A,N/A,N/A,N/A,N/A,Copeland,N/A,N/A,N/A,N/A,N/A,N/A,N/A,N/A,N/A,N/A,N/A,N/A,100/150/200 mm,N/A,N/A,N/A,N/A,Container,N/A,BEIS,N/A,N/A,N/A,N/A,N/A,N/A,N/A,N/A,N/A,N/A,50,N/A,N/A,N/A,N/A,N/A,N/A,N/A,N/A,N/A,Polyurethane or rock wool,N/A,2.4*2.4*2.4 m / customized,N/A,N/A,N/A,N/A,N/A,N/A,N/A,N/A,N/A,N/A,N/A,N/A,N/A,N/A,N/A,N/A,N/A,10W,N/A,N/A,N/A,N/A,N/A,N/A,N/A,N/A,N/A,Cold room pu sandwich panel,N/A,N/A,N/A,cold room / cold storage,N/A,Overseas service center available,N/A,N/A,N/A,N/A,N/A,N/A,N/A,N/A,Color steel or stainless steel,N/A,one year,N/A,N/A
N/A,https://www.alibaba.com/product-detail/Small-20ft-Solar-Powered-Cold-Storage_1601287437348.html,2025-02-19 17:22:05,N/A,N/A,N/A,N/A,N/A,N/A,N/A,N/A,N/A,N/A,N/A,N/A,N/A,N/A,N/A,Customer Choice,N/A,N/A,N/A,N/A,Evaporative Condenser,N/A,N/A,N/A,N/A,N/A,N/A,N/A,N/A,Energy saving,N/A,Coompressor,N/A,N/A,N/A,N/A,N/A,Single item,N/A,N/A,N/A,N/A,N/A,N/A,N/A,Provided,N/A,N/A,N/A,N/A,N/A,N/A,N/A,N/A,N/A,N/A,N/A,N/A,N/A,N/A,N/A,N/A,N/A,N/A,N/A,N/A,N/A,N/A,N/A,"220V, 380V, other",N/A,N/A,N/A,N/A,N/A,Provided,N/A,N/A,1 Year,N/A,400X250X250 cm,N/A,N/A,N/A,N/A,N/A,N/A,N/A,500.000 kg,N/A,N/A,N/A,N/A,N/A,Customer-made,N/A,N/A,N/A,N/A,N/A,N/A,N/A,N/A,Customer Choice,N/A,China,N/A,N/A,N/A,R-22 R-404A R-407 R-507,N/A,N/A,N/A,N/A,N/A,N/A,N/A,N/A,Cold Storage Warehouse,N/A,N/A,"TECUMSEH, Copeland, Bristol, Performer, Bitzer, Daikin, hitachi, Fusheng, Emerson, Other",N/A,N/A,N/A,N/A,N/A,N/A,N/A,N/A,N/A,N/A,N/A,N/A,N/A,N/A,N/A,N/A,N/A,Solar,N/A,ZSTR,N/A,N/A,N/A,N/A,Fruit Vegetable Meat,N/A,N/A,N/A,N/A,N/A,N/A,N/A,N/A,N/A,N/A,N/A,N/A,N/A,N/A,N/A,N/A,N/A,Customization,N/A,N/A,N/A,N/A,N/A,N/A,N/A,N/A,N/A,N/A,N/A,N/A,N/A,N/A,N/A,N/A,N/A,"> 1000W, Customization",N/A,N/A,N/A,N/A,N/A,N/A,N/A,N/A,Polyurethane Panel,Solar Powered Cold Room,N/A,N/A,N/A,N/A,N/A,Online Support,N/A,N/A,N/A,N/A,N/A,N/A,N/A,N/A,N/A,N/A,N/A,N/A,N/A
PNG Factory Mono Price 500W Pv Panel Solar Panels 48V 500WATT for Solar Projects,https://www.alibaba.com/product-detail/PNG-Factory-Mono-Price-500W-Pv_1600361348051.html?s=p,2025-02-19 17:22:31,N/A,N/A,N/A,N/A,N/A,N/A,N/A,N/A,N/A,N/A,N/A,N/A,N/A,N/A,N/A,N/A,N/A,N/A,N/A,N/A,N/A,N/A,N/A,N/A,N/A,N/A,N/A,N/A,N/A,N/A,N/A,N/A,N/A,N/A,N/A,N/A,N/A,N/A,N/A,N/A,N/A,N/A,N/A,N/A,N/A,N/A,N/A,N/A,N/A,N/A,N/A,N/A,N/A,N/A,N/A,N/A,N/A,N/A,N/A,N/A,N/A,N/A,N/A,N/A,N/A,N/A,N/A,N/A,N/A,N/A,N/A,N/A,N/A,N/A,N/A,N/A,N/A,N/A,N/A,N/A,N/A,N/A,N/A,N/A,N/A,N/A,N/A,N/A,N/A,N/A,N/A,N/A,N/A,N/A,N/A,N/A,N/A,N/A,N/A,N/A,N/A,N/A,N/A,N/A,N/A,N/A,N/A,N/A,N/A,N/A,N/A,N/A,N/A,N/A,N/A,N/A,N/A,N/A,N/A,N/A,N/A,N/A,N/A,N/A,N/A,N/A,N/A,N/A,N/A,N/A,N/A,N/A,N/A,N/A,N/A,N/A,N/A,N/A,N/A,N/A,N/A,N/A,N/A,N/A,N/A,N/A,N/A,N/A,N/A,N/A,N/A,N/A,N/A,N/A,N/A,N/A,N/A,N/A,N/A,N/A,N/A,N/A,N/A,N/A,N/A,N/A,N/A,N/A,N/A,N/A,N/A,N/A,N/A,N/A,N/A,N/A,N/A,N/A,N/A,N/A,N/A,N/A,N/A,N/A,N/A,N/A,N/A,N/A,N/A,N/A,N/A,N/A,N/A,N/A,N/A,N/A,N/A,N/A,N/A,N/A,N/A,N/A,N/A,N/A,N/A,N/A,N/A,N/A,N/A,N/A,N/A,N/A
Fireproof Solar PU Cold Storage Room Panel for Fruit Vegetables Meat and Seafood,https://www.alibaba.com/product-detail/Fireproof-Solar-PU-Cold-Storage-Room_1601326734828.html,2025-02-19 17:22:40,N/A,N/A,N/A,1120 mm   1000mm   1150mm,N/A,N/A,N/A,N/A,N/A,N/A,-185℃~+110℃,N/A,N/A,N/A,metal,N/A,N/A,N/A,N/A,N/A,N/A,N/A,N/A,N/A,N/A,N/A,N/A,N/A,N/A,N/A,"Henan, China",N/A,N/A,N/A,Fire Resistant,N/A,N/A,Single item,N/A,N/A,N/A,N/A,N/A,N/A,N/A,N/A,N/A,N/A,N/A,N/A,N/A,B1,N/A,N/A,TJpanel-0516,N/A,N/A,N/A,N/A,N/A,N/A,N/A,N/A,Prepainted,N/A,N/A,N/A,N/A,N/A,N/A,N/A,N/A,N/A,N/A,N/A,N/A,N/A,N/A,N/A,N/A,70X70X70 cm,N/A,less 3%,N/A,N/A,N/A,N/A,N/A,68.000 kg,N/A,N/A,"graphic design, 3D model design, total solution for projects, Cross Categories Consolidation",N/A,N/A,N/A,N/A,N/A,N/A,N/A,N/A,N/A,N/A,N/A,N/A,N/A,N/A,N/A,N/A,N/A,N/A,38-45kg per cubic meter,N/A,N/A,N/A,N/A,N/A,N/A,N/A,Warehouse,N/A,N/A,N/A,N/A,N/A,N/A,0.4mm~0.8mm,N/A,Modern,N/A,N/A,N/A,N/A,N/A,Tianjie,N/A,N/A,N/A,N/A,N/A,N/A,N/A,N/A,N/A,N/A,N/A,N/A,N/A,N/A,N/A,N/A,N/A,N/A,N/A,N/A,N/A,N/A,N/A,N/A,N/A,N/A,N/A,N/A,N/A,N/A,N/A,N/A,N/A,N/A,N/A,N/A,N/A,N/A,0.022W/mK-0.026W/mK(25℃),N/A,N/A,N/A,N/A,"Online technical support, Onsite Installation, Onsite Training, Onsite Inspection, Free spare parts, Other",N/A,50mm 75mm 100mm 120 150mm 200mm,N/A,N/A,N/A,N/A,N/A,N/A,N/A,N/A,N/A,N/A,N/A,N/A,PU Sandwich Panel,N/A,N/A,N/A,N/A,N/A,N/A,N/A,N/A,N/A,N/A,N/A,PIR,N/A,N/A,N/A,N/A,1 Year,N/A,N/A
N/A,https://www.alibaba.com/product-detail/Hot-Selling-100mm-PU-Panel-for_62049905114.html,2025-02-19 17:22:49,Air Conditioning,N/A,N/A,N/A,N/A,R404A/R134A,N/A,N/A,N/A,N/A,N/A,N/A,N/A,N/A,N/A,N/A,N/A,N/A,N/A,N/A,N/A,N/A,N/A,N/A,N/A,N/A,N/A,N/A,N/A,Competitive Price,N/A,Other,N/A,N/A,N/A,N/A,N/A,Single item,N/A,N/A,N/A,N/A,N/A,N/A,N/A,Provided,N/A,N/A,many colors available,N/A,N/A,N/A,N/A,N/A,N/A,N/A,N/A,N/A,N/A,Cold storage door,N/A,N/A,N/A,N/A,N/A,N/A,N/A,N/A,N/A,220V/380V,N/A,N/A,N/A,N/A,N/A,Provided,N/A,N/A,1 Year,N/A,86X60X60 cm,N/A,N/A,N/A,N/A,N/A,N/A,N/A,68.000 kg,N/A,N/A,N/A,N/A,N/A,N/A,cold room refrigerator freezer for meat and fish price,N/A,N/A,N/A,N/A,N/A,N/A,N/A,N/A,N/A,"Jiangsu, China",N/A,N/A,N/A,N/A,N/A,N/A,N/A,N/A,N/A,N/A,N/A,N/A,N/A,N/A,N/A,N/A,N/A,N/A,N/A,N/A,N/A,N/A,N/A,N/A,N/A,N/A,N/A,N/A,N/A,N/A,N/A,N/A,N/A,Solar,N/A,AURDAR,Other,N/A,N/A,N/A,N/A,"CE,GS, ROHS,",N/A,N/A,N/A,N/A,N/A,N/A,N/A,N/A,N/A,ISO9001,N/A,N/A,N/A,N/A,N/A,N/A,Customized Size,N/A,-45~+20'C,N/A,N/A,N/A,N/A,N/A,N/A,N/A,N/A,N/A,N/A,N/A,N/A,N/A,N/A,100MM,N/A,N/A,N/A,N/A,N/A,N/A,N/A,N/A,N/A,N/A,Cold Storage PU-panel,N/A,N/A,N/A,N/A,N/A,Engineers available to service machinery overseas,N/A,50mm    75mm    100mm   120mm  150mm,N/A,N/A,N/A,N/A,N/A,N/A,N/A,N/A,N/A,N/A,N/A
Factory Wholesale Cool Room Panels Cold Storage Sandwich Panels Inoleum Cold Room Panel,https://www.alibaba.com/product-detail/Factory-Wholesale-Cool-Room-Panels-Cold_1600498181288.html?s=p,2025-02-19 17:23:00,N/A,N/A,N/A,N/A,N/A,N/A,N/A,N/A,N/A,N/A,N/A,N/A,N/A,N/A,N/A,0.426/0.5/0.6/0.8mm,N/A,N/A,N/A,N/A,N/A,N/A,N/A,N/A,N/A,N/A,BP-94,N/A,N/A,Competitive Price,N/A,"Bearing, Pressure vessel, Gear, Gearbox, PLC, motor",N/A,N/A,Insulation,N/A,N/A,Single item,N/A,N/A,N/A,N/A,N/A,N/A,N/A,Provided,N/A,N/A,N/A,N/A,N/A,N/A,N/A,N/A,N/A,N/A,N/A,N/A,N/A,N/A,N/A,N/A,N/A,N/A,N/A,N/A,N/A,N/A,N/A,220-240V,N/A,N/A,N/A,N/A,N/A,Provided,N/A,N/A,1 Year,N/A,590X122X10 cm,N/A,N/A,N/A,N/A,N/A,N/A,N/A,43.000 kg,N/A,N/A,N/A,N/A,N/A,N/A,N/A,N/A,N/A,N/A,N/A,N/A,N/A,N/A,Sliding / Swing / Hinged Door,N/A,"Shanghai, China",N/A,N/A,N/A,N/A,N/A,N/A,N/A,N/A,N/A,N/A,N/A,N/A,N/A,N/A,N/A,Copeland,N/A,N/A,N/A,N/A,N/A,N/A,N/A,N/A,N/A,N/A,N/A,N/A,100/150/200 mm,N/A,N/A,N/A,N/A,Container,N/A,BEIS,N/A,N/A,N/A,N/A,N/A,N/A,N/A,N/A,N/A,N/A,43,N/A,N/A,N/A,N/A,N/A,N/A,N/A,N/A,N/A,Polyurethane or rock wool,N/A,2.4*2.4*2.4 m / customized,N/A,N/A,N/A,N/A,N/A,N/A,N/A,N/A,N/A,N/A,N/A,N/A,N/A,N/A,N/A,N/A,N/A,40W,N/A,N/A,N/A,N/A,N/A,N/A,N/A,N/A,N/A,Cold room pu sandwich panel,N/A,N/A,N/A,cold room / cold storage,N/A,Overseas service center available,N/A,N/A,N/A,N/A,N/A,N/A,N/A,N/A,Color steel or stainless steel,N/A,3 year,N/A,N/A
Industrial Easy-to-Operate Walk-in Freezer 380V Compressor Restaurant Farm Retail Cold Storage Solar Panel,https://www.alibaba.com/product-detail/Industrial-Easy-to-Operate-Walk-in_1601363242823.html,2025-02-19 17:23:10,N/A,N/A,N/A,N/A,N/A,N/A,N/A,N/A,N/A,N/A,N/A,N/A,"36 x 81"" Metal Plugin Service Door",N/A,N/A,"0.426, 0.45, 0.5mm",N/A,N/A,N/A,Anti-Skidding Aluminum or Stainless Steel,"Air Cooled System, water cooled system",N/A,N/A,N/A,N/A,N/A,"6m*5m*2.5m, 10m*8m*2.8m",N/A,N/A,Easy to Operate,N/A,"Pressure vessel, motor, Bearing, Gear, Gearbox, PLC, Pump, Engine",N/A,N/A,N/A,N/A,N/A,Single item,N/A,N/A,N/A,N/A,N/A,N/A,N/A,Provided,N/A,N/A,N/A,N/A,N/A,N/A,Polyurethane Sandwich Insulation Panel,N/A,N/A,N/A,N/A,N/A,N/A,N/A,N/A,N/A,N/A,N/A,N/A,N/A,N/A,N/A,N/A,"380v, 220v, 460v",N/A,N/A,N/A,"Stainless Steel, Color Steel, Embossed Aluminum",N/A,Provided,N/A,N/A,1 Year,N/A,60X20X10 cm,N/A,N/A,N/A,N/A,N/A,N/A,N/A,50.000 kg,N/A,N/A,N/A,N/A,N/A,N/A,N/A,N/A,N/A,N/A,N/A,N/A,N/A,N/A,N/A,N/A,"Shandong, China",N/A,N/A,N/A,R-404A R-407 R-408 R-507,N/A,N/A,N/A,N/A,N/A,"B1,B2",N/A,N/A,N/A,N/A,N/A,"Copeland, Bitzer",N/A,N/A,N/A,N/A,N/A,N/A,N/A,N/A,N/A,N/A,N/A,N/A,N/A,N/A,N/A,N/A,N/A,Container,N/A,OnlyKem,N/A,N/A,N/A,N/A,N/A,N/A,N/A,N/A,N/A,N/A,660,N/A,N/A,N/A,N/A,N/A,N/A,N/A,N/A,N/A,N/A,N/A,Customized,N/A,N/A,N/A,N/A,N/A,N/A,N/A,N/A,N/A,N/A,N/A,N/A,N/A,N/A,N/A,N/A,N/A,N/A,N/A,N/A,N/A,N/A,N/A,N/A,N/A,N/A,N/A,Chambre Froide Negative Cool Room Freezer Frezzer Cold Room,N/A,N/A,"Swing Door, Sliding Door, Hinged Door",N/A,N/A,N/A,N/A,N/A,N/A,N/A,N/A,N/A,N/A,N/A,N/A,N/A,N/A,N/A,N/A
