Product Title,Product URL,Date Scraped,Compressor brand,Water absorption,Hanging force,Panel Density:,Effective Width,core components,Board surface,Grade,Surface material,Insulation material,Fireproof Grade,application,Polyurethane,size,Product name,dimension(l*w*h),Condition,Marketing Type,Application,After Warranty Service,Thermal Conductivity,Raw material,After-sales Service,Dimensional Stability,Sample,Foam insulation value,temperature Range,Warranty period,brand,Door type,Open Style,After-sale Service,After-sales Service Provided,Wind resistance,Processing Service,Warranty of core components,eco-friendly,Product Name,Model Number,Certification,Package,Cold room temperature,Surface Finishing,Opening Method,Keywords,Standard,Doors,Insulation density,Zinc Coating,Single gross weight:,Port,Surface Material,Length,Flame Retardant Rating,brand name,Connection,Features,Sandwich type,Door Type,Color steel thickness,Brand Name,Core material thickness,Keyword,Refrigerant:,Supply Ability,Feature,Metal thickness,Advantage,Applicable Industries,Packaging Details,Panel length,Plate thickness,Metal Sheet Thickness,density,Key words,Colors,Dimension(L*W*H),Metal Surface,OEM/ODM,Packging Detail,Panel Thickness,Warranty,Inside material,Industries,key selling points,Core material,Leading time,Panel width,Temperature,Door Material,Percentage Of Close Area,Panel thickness,Thermal conductivity,Thermal conductivity coefficient,Application:,Size,Thickness of Color Steel,STEEL THICKNESS,Application of Industry,Applicable,Metal plate,Compressor,Functions:,Cooling system,Property,Coating,Cooling approach:,Type,voltage,Single package size:,Origin,temperature,Product Type,Compressive strength,Density,model number,Condensing unit,panel thickness,Cold Room Panel Type,Color,Place of Origin,Product density,Shape,Brand,power,Thickness of panel,Application scenarios,Installation:,Connection System,Selling Units:,Core Material,Tolerance,warranty,feature,Thickness Of Wood Plates,Packing,video outgoing-inspection,Standard Width,Outside material,custom,Local Service Location,Project Solution Capability,Combustion performance,Panel Material,Water Absorption Rate,Weight,Effective Length,Thickness Of Steel Plate,RAL Color,Operating temperature,Surface board material,Dimension,Certification:,Certificate,Design Style,Function,Enterprise Nature,place of origin,Refrigerating unit:,Width,Fireproof,function,Usage,Fire Rating,Dry shrinkage rate,diameter,Water Absorption,Steel Thickness,Material,PU Density,Established,Compressor type,Hardness,Raw Material,Surface,machinery test report,Max Length,Weight (KG),Thickness of Panel,Steel thickness,Thickness of Pu Panel,Panel material,Effective width,Functions,Core density:,Delivery Time,cooling capacity,Metal sheet thickness,Bending strength,door type,Elongation At Break,Thickness,Plate Width,Showroom Location,length,Outer Steel Plate,compressor brand
N/A,https://www.alibaba.com/product-detail/Manufacturer-Price-100mm-Cold-Room-Pir_1601132983084.html,2025-02-19 15:08:20,N/A,N/A,N/A,N/A,N/A,N/A,N/A,N/A,N/A,N/A,N/A,N/A,N/A,N/A,PIR sandwich refrigerator panel,N/A,N/A,N/A,Cold Room,N/A,N/A,N/A,N/A,N/A,N/A,N/A,N/A,N/A,N/A,N/A,N/A,Online technical support,N/A,N/A,N/A,N/A,N/A,N/A,YC-CR-12,N/A,N/A,N/A,N/A,N/A,N/A,N/A,N/A,N/A,N/A,36.000 kg,N/A,N/A,N/A,N/A,N/A,N/A,N/A,N/A,N/A,N/A,Yichang,N/A,N/A,N/A,N/A,N/A,N/A,N/A,N/A,N/A,N/A,N/A,0.4mm~0.8mm,N/A,N/A,N/A,N/A,N/A,N/A,N/A,50-200mm,1 Year,N/A,N/A,N/A,N/A,N/A,N/A,N/A,N/A,N/A,N/A,N/A,N/A,N/A,N/A,N/A,N/A,N/A,N/A,N/A,N/A,N/A,N/A,N/A,N/A,N/A,N/A,N/A,92X50X136 cm,N/A,N/A,N/A,N/A,35-50kg/m3,N/A,N/A,N/A,N/A,N/A,China,N/A,N/A,N/A,N/A,N/A,N/A,N/A,N/A,Single item,N/A,N/A,N/A,N/A,N/A,N/A,N/A,1120mm,N/A,N/A,N/A,total solution for projects,N/A,Stainless Steel/ Color Steel,N/A,N/A,N/A,N/A,N/A,N/A,N/A,N/A,N/A,CE ISO,Modern,N/A,N/A,N/A,N/A,N/A,N/A,N/A,N/A,B1 Grade,N/A,N/A,N/A,N/A,Polyrethane/ Rock wool/ Polyisocyanurate,N/A,N/A,N/A,N/A,N/A,N/A,N/A,24m,N/A,N/A,N/A,N/A,N/A,N/A,N/A,N/A,N/A,N/A,N/A,N/A,N/A,N/A,N/A,N/A,N/A,N/A,N/A,N/A
N/A,https://www.alibaba.com/product-detail/Coolroom-Panels-Polyurethane-Core-Material-Structural_1601046162660.html?s=p,2025-02-19 15:08:35,N/A,N/A,N/A,N/A,N/A,N/A,N/A,N/A,Stainless steel or Color steel,N/A,N/A,N/A,N/A,N/A,N/A,N/A,N/A,N/A,Cold Room,N/A,N/A,N/A,N/A,N/A,N/A,N/A,N/A,N/A,N/A,N/A,N/A,"Online technical support, Onsite Installation, Onsite Training, Onsite Inspection, Free spare parts",N/A,N/A,N/A,N/A,N/A,N/A,Cam Lock Cold Room Panel,N/A,N/A,N/A,N/A,N/A,N/A,N/A,N/A,N/A,N/A,1.000 kg,N/A,N/A,Customized,N/A,N/A,N/A,N/A,N/A,N/A,N/A,Shunwei,N/A,N/A,N/A,N/A,N/A,N/A,N/A,N/A,N/A,N/A,N/A,N/A,N/A,N/A,N/A,N/A,N/A,N/A,N/A,N/A,Lifetime,N/A,N/A,N/A,Core material,N/A,N/A,N/A,N/A,N/A,N/A,N/A,N/A,N/A,N/A,N/A,N/A,N/A,N/A,N/A,N/A,N/A,N/A,N/A,N/A,N/A,N/A,N/A,45X30X30 cm,N/A,N/A,N/A,N/A,40-45kg/m3,N/A,N/A,N/A,N/A,Customer's Require,"Hainan, China",N/A,N/A,N/A,N/A,N/A,N/A,N/A,N/A,Single item,N/A,N/A,N/A,N/A,N/A,N/A,N/A,N/A,N/A,N/A,N/A,"graphic design, 3D model design, total solution for projects, Cross Categories Consolidation",N/A,metal,N/A,N/A,N/A,N/A,N/A,N/A,N/A,N/A,N/A,N/A,Industrial,N/A,N/A,N/A,N/A,960mm or Customized,B1 /B2 Grade OPTIONAL,N/A,N/A,N/A,N/A,N/A,N/A,N/A,N/A,N/A,N/A,N/A,N/A,Wanhua,N/A,N/A,N/A,N/A,N/A,N/A,N/A,N/A,N/A,N/A,N/A,N/A,N/A,N/A,N/A,N/A,N/A,50/75/100/120/150/200mm,N/A,N/A,N/A,N/A,N/A
N/A,https://www.alibaba.com/product-detail/Fireproof-Pir-Pu-EPS-Prepainted-Metal_1600983006475.html,2025-02-19 15:08:50,N/A,N/A,N/A,N/A,N/A,N/A,N/A,N/A,N/A,N/A,N/A,N/A,N/A,N/A,siding Facade sandwich panels for workshop,N/A,N/A,N/A,"Roof, Exterior Wall, prefab house, cold room, Hotel, Villa, Apartment, Office Building, Hospital, School, Mall, Sports Venues, Leisure Facilities, supermarket, Warehouse, Workshop, Park, Farmhouse, Courtyard, outdoor, Storage & Closet, Exterior, Cold Storage Room, outdoor,workshop,clean room,warehouse",N/A,N/A,N/A,N/A,N/A,N/A,N/A,N/A,N/A,N/A,N/A,N/A,"Online technical support, Free spare parts",N/A,N/A,N/A,N/A,Sustainable,N/A,liaohe1,N/A,N/A,N/A,N/A,N/A,N/A,N/A,N/A,N/A,N/A,2.500 kg,N/A,N/A,1200mm,N/A,N/A,N/A,N/A,N/A,N/A,N/A,liaohe,N/A,EPS PU wall panels Cold Room sandwich panels,N/A,N/A,"water resistant, Fire Resistant",N/A,Easy Install INSULATION,N/A,N/A,N/A,N/A,N/A,N/A,N/A,N/A,N/A,N/A,N/A,N/A,N/A,More than 5 years,N/A,N/A,N/A,N/A,N/A,N/A,N/A,N/A,N/A,N/A,N/A,N/A,N/A,N/A,N/A,N/A,N/A,N/A,N/A,N/A,N/A,N/A,N/A,N/A,N/A,Insulation Board,N/A,30X20X10 cm,N/A,N/A,N/A,N/A,30-150kg/m3,N/A,N/A,N/A,N/A,Required white or biue GREY and so on,"Shandong, China",N/A,N/A,N/A,N/A,N/A,"workshop,clean room,outdoor,Cold Storage Room,farmhouse,warehouse",N/A,N/A,Single item,N/A,N/A,N/A,N/A,N/A,N/A,N/A,N/A,N/A,N/A,N/A,"graphic design, 3D model design",N/A,metal,N/A,N/A,N/A,N/A,N/A,N/A,N/A,N/A,N/A,N/A,Modern,N/A,N/A,N/A,N/A,1000mm,N/A,N/A,N/A,N/A,N/A,N/A,N/A,N/A,Galvanzied prepainted sheet metal with 50mm injected polyurethane,N/A,N/A,N/A,N/A,N/A,N/A,N/A,N/A,N/A,N/A,N/A,N/A,N/A,N/A,N/A,N/A,N/A,N/A,N/A,N/A,N/A,N/A,40/50/75/100mm/150mm/200mm,N/A,N/A,N/A,N/A,N/A
Storage of Dairy Products Cold Storage Plate Factory Price Product Customization Pur Pu Sandwich Panels for Cold Room,https://www.alibaba.com/product-detail/Storage-Of-Dairy-Products-Cold-Storage_1600691679863.html?s=p,2025-02-19 15:09:05,N/A,N/A,N/A,N/A,N/A,N/A,N/A,N/A,N/A,N/A,N/A,N/A,N/A,N/A,N/A,N/A,N/A,N/A,Cold storage,N/A,N/A,N/A,N/A,N/A,N/A,N/A,N/A,N/A,N/A,N/A,N/A,"Online technical support, Onsite Installation, Onsite Training, Onsite Inspection, Free spare parts",N/A,N/A,N/A,N/A,N/A,N/A,Polyurethane,N/A,N/A,N/A,N/A,N/A,N/A,N/A,N/A,N/A,N/A,kg,N/A,N/A,0-19m,N/A,N/A,N/A,N/A,N/A,N/A,N/A,Shunwei,N/A,Pu Sandwich Panel,N/A,N/A,Fire Resistant,N/A,Heat Insulaton,N/A,N/A,N/A,N/A,N/A,N/A,N/A,N/A,N/A,N/A,N/A,N/A,N/A,Lifetime,N/A,N/A,N/A,N/A,N/A,N/A,N/A,N/A,N/A,N/A,N/A,N/A,N/A,N/A,N/A,0.3-0.8mm,N/A,N/A,N/A,N/A,N/A,N/A,N/A,N/A,N/A,N/A,N/A,XX cm,N/A,N/A,N/A,≥150or200,40-45kg/m3,N/A,N/A,N/A,N/A,RAL Color,"Henan, China",N/A,N/A,N/A,N/A,N/A,N/A,N/A,N/A,Single item,N/A,N/A,N/A,N/A,N/A,N/A,N/A,N/A,N/A,N/A,N/A,"graphic design, 3D model design, total solution for projects, Cross Categories Consolidation",N/A,metal,N/A,N/A,N/A,N/A,N/A,N/A,N/A,N/A,N/A,N/A,Industrial,N/A,N/A,N/A,N/A,950mm/1000mm/1150mm,B1 level,N/A,N/A,N/A,N/A,N/A,N/A,N/A,Color Steel/stainless steel,N/A,N/A,N/A,N/A,N/A,N/A,N/A,N/A,N/A,N/A,N/A,N/A,N/A,N/A,N/A,N/A,N/A,N/A,N/A,N/A,N/A,N/A,N/A,N/A,N/A,N/A,N/A,N/A
N/A,https://www.alibaba.com/product-detail/50mm-75mm-100mm-120mm-150mm-200mm_1600872947108.html?s=p,2025-02-19 15:10:14,N/A,N/A,N/A,N/A,N/A,N/A,N/A,N/A,N/A,N/A,N/A,N/A,N/A,N/A,Sandwich Panel,N/A,N/A,N/A,"Villa, Hotel; warehouse; workshop",N/A,N/A,N/A,N/A,N/A,N/A,N/A,N/A,N/A,N/A,N/A,N/A,"Online technical support, Onsite Training, Onsite Inspection",N/A,N/A,N/A,N/A,N/A,N/A,N/A,N/A,N/A,N/A,N/A,N/A,N/A,N/A,N/A,N/A,N/A,N/A,N/A,N/A,1-11.8m,N/A,N/A,N/A,N/A,N/A,N/A,N/A,N/A,N/A,N/A,N/A,N/A,water resistant,N/A,N/A,N/A,N/A,N/A,N/A,N/A,N/A,N/A,N/A,N/A,N/A,N/A,N/A,N/A,More than 5 years,N/A,N/A,N/A,"pu,eps,rockwool,glasswool",N/A,N/A,N/A,N/A,N/A,N/A,N/A,N/A,N/A,N/A,N/A,N/A,N/A,N/A,N/A,N/A,N/A,N/A,N/A,N/A,N/A,N/A,N/A,N/A,N/A,N/A,N/A,N/A,6-20kg/m3,N/A,N/A,N/A,N/A,RAL Color,China,N/A,N/A,N/A,N/A,N/A,N/A,N/A,N/A,N/A,N/A,N/A,N/A,N/A,N/A,N/A,N/A,N/A,N/A,N/A,N/A,"graphic design, 3D model design, total solution for projects",N/A,metal,N/A,N/A,N/A,N/A,N/A,N/A,N/A,N/A,N/A,N/A,Modern,N/A,N/A,N/A,N/A,N/A,N/A,N/A,N/A,N/A,N/A,N/A,N/A,N/A,steel,N/A,N/A,N/A,N/A,N/A,N/A,N/A,N/A,N/A,N/A,N/A,N/A,N/A,N/A,N/A,N/A,N/A,N/A,N/A,N/A,N/A,N/A,50-200mm,N/A,N/A,N/A,N/A,N/A
PU Sandwich Panels Polyurethane Foam Cold Room Storage Warehouse Insulation Sandwich Panels Boards,https://www.alibaba.com/product-detail/PU-Sandwich-Panels-Polyurethane-Foam-Cold_1600976890480.html,2025-02-19 15:10:24,N/A,<0.3kg/m³,N/A,N/A,N/A,Other,colour steel,N/A,N/A,N/A,N/A,N/A,N/A,N/A,Polyurethane cold storage insulation board,Custom,N/A,N/A,N/A,N/A,N/A,N/A,N/A,N/A,N/A,N/A,N/A,1 year,N/A,N/A,N/A,N/A,N/A,N/A,N/A,N/A,N/A,N/A,N/A,N/A,N/A,N/A,N/A,N/A,N/A,N/A,N/A,N/A,N/A,N/A,N/A,N/A,N/A,N/A,Bingquan,N/A,N/A,N/A,N/A,N/A,N/A,N/A,N/A,N/A,N/A,N/A,N/A,N/A,N/A,N/A,N/A,"0.3mm,0.4mm,0.5mm",N/A,N/A,N/A,N/A,N/A,N/A,N/A,N/A,N/A,N/A,N/A,N/A,Long Service Life,N/A,N/A,N/A,N/A,N/A,N/A,N/A,<0.022w/n°C,N/A,N/A,N/A,N/A,N/A,N/A,N/A,N/A,N/A,N/A,N/A,N/A,N/A,N/A,N/A,N/A,N/A,N/A,N/A,N/A,>0.2mpa,N/A,N/A,N/A,N/A,N/A,N/A,N/A,40-45kg/m³,N/A,N/A,N/A,N/A,N/A,N/A,N/A,N/A,N/A,N/A,1 Year,Container,N/A,N/A,Not Available,N/A,N/A,N/A,N/A,N/A,N/A,N/A,N/A,N/A,N/A,N/A,N/A,N/A,N/A,N/A,N/A,N/A,N/A,N/A,N/A,"Shandong, China",N/A,N/A,N/A,N/A,N/A,N/A,N/A,N/A,N/A,N/A,N/A,N/A,N/A,N/A,N/A,N/A,N/A,Not Available,N/A,N/A,N/A,N/A,N/A,N/A,N/A,N/A,N/A,N/A,N/A,N/A,>0.25mpa,N/A,N/A,"100mm,150mm,200mm",N/A,N/A,N/A,N/A,Other
China Manufacture Heat Insulation Galvanized Polyurethane PU Sandwich Roof Panels for Cold Storage,https://www.alibaba.com/product-detail/China-Manufacture-Heat-Insulation-Galvanized-Polyurethane_1601253514764.html?s=p,2025-02-19 15:10:35,N/A,N/A,N/A,N/A,N/A,N/A,N/A,N/A,N/A,N/A,N/A,N/A,N/A,N/A,Sandwich Panel,N/A,N/A,N/A,"Villa, Hotel; warehouse; workshop",N/A,N/A,N/A,N/A,N/A,N/A,N/A,N/A,N/A,N/A,N/A,N/A,"Online technical support, Other",N/A,N/A,N/A,N/A,N/A,N/A,W1130,N/A,N/A,N/A,N/A,N/A,N/A,N/A,N/A,N/A,N/A,N/A,N/A,N/A,1-11.8m,N/A,N/A,N/A,N/A,N/A,N/A,N/A,BS,N/A,N/A,N/A,N/A,Fire Resistant,N/A,Fireproof,N/A,N/A,N/A,N/A,N/A,N/A,N/A,N/A,N/A,N/A,N/A,N/A,N/A,More than 5 years,N/A,N/A,N/A,"pu,eps,glasswool",N/A,N/A,N/A,N/A,N/A,N/A,N/A,N/A,N/A,N/A,N/A,N/A,N/A,N/A,N/A,N/A,N/A,N/A,N/A,N/A,N/A,N/A,N/A,N/A,N/A,N/A,N/A,N/A,6-20kg/m3,N/A,N/A,N/A,N/A,RAL Color,"Liaoning, China",N/A,N/A,N/A,N/A,N/A,N/A,N/A,N/A,N/A,N/A,N/A,N/A,N/A,N/A,N/A,N/A,N/A,N/A,N/A,N/A,"graphic design, 3D model design, total solution for projects, Others",N/A,metal,N/A,N/A,N/A,N/A,N/A,N/A,N/A,N/A,N/A,N/A,Modern,N/A,N/A,N/A,N/A,N/A,N/A,N/A,Construction Insulation,N/A,N/A,N/A,N/A,N/A,Core Material+ Color Steel Sheet,N/A,N/A,N/A,N/A,N/A,N/A,N/A,N/A,N/A,N/A,N/A,N/A,N/A,N/A,N/A,N/A,N/A,N/A,N/A,N/A,N/A,N/A,50-200mm,N/A,N/A,N/A,N/A,N/A
N/A,https://www.alibaba.com/product-detail/Cam-Lock-Panels-PU-Sandwich-Panel_1600239935181.html,2025-02-19 15:10:47,N/A,N/A,N/A,N/A,N/A,"Pressure vessel, motor, Bearing, Gear, Gearbox, PLC, Pump, Engine, Other",N/A,N/A,N/A,N/A,N/A,N/A,N/A,N/A,Cold room pu sandwich panel,2.4*2.4*2.4 m / customized,N/A,N/A,N/A,N/A,N/A,N/A,N/A,N/A,N/A,N/A,N/A,N/A,N/A,Sliding / Swing / Hinged Door,N/A,N/A,Overseas service center available,N/A,N/A,N/A,N/A,N/A,N/A,N/A,N/A,N/A,N/A,N/A,N/A,N/A,N/A,N/A,N/A,43.100 kg,N/A,N/A,N/A,N/A,BEIS,N/A,N/A,N/A,N/A,N/A,N/A,N/A,N/A,N/A,N/A,Insulation,N/A,N/A,N/A,N/A,N/A,N/A,N/A,N/A,N/A,N/A,N/A,N/A,N/A,N/A,N/A,one year,Polyurethane or rock wool,N/A,Competitive Price,N/A,N/A,N/A,N/A,N/A,N/A,100/150/200 mm,N/A,N/A,N/A,N/A,0.426/0.5/0.6/0.8mm,N/A,N/A,N/A,N/A,N/A,N/A,N/A,N/A,N/A,N/A,N/A,220 /380 /400V,590X122X10 cm,N/A,N/A,N/A,N/A,N/A,BP-003,N/A,N/A,N/A,N/A,N/A,N/A,N/A,N/A,N/A,N/A,N/A,N/A,N/A,Single item,N/A,N/A,1 Year,Container,N/A,N/A,Provided,N/A,Color steel or stainless steel,N/A,N/A,N/A,N/A,N/A,N/A,N/A,N/A,N/A,N/A,N/A,N/A,N/A,N/A,N/A,N/A,N/A,N/A,"Shanghai, China",N/A,N/A,N/A,N/A,cold room / cold storage,N/A,N/A,N/A,N/A,N/A,N/A,N/A,N/A,N/A,N/A,N/A,N/A,Provided,N/A,43,N/A,N/A,N/A,N/A,N/A,N/A,N/A,N/A,N/A,N/A,N/A,N/A,N/A,N/A,N/A,N/A,N/A,N/A,Copeland
Walk in Cooler Panels Insulated Sandwich Panels,https://www.alibaba.com/product-detail/Walk-In-Cooler-Panels-Insulated-Sandwich_1600668134600.html?s=p,2025-02-19 15:11:02,N/A,N/A,N/A,N/A,N/A,N/A,N/A,N/A,color steel or stainless steel or aluminum,N/A,N/A,N/A,N/A,customized,Walk in Cooler Panels Insulated Sandwich Panels,N/A,new,N/A,supermarket,N/A,N/A,N/A,N/A,N/A,N/A,N/A,N/A,N/A,N/A,N/A,N/A,"Online technical support, Onsite Installation, Onsite Training, Return and Replacement",Engineers available to service machinery overseas,N/A,N/A,N/A,N/A,N/A,pu panel,N/A,N/A,N/A,N/A,N/A,N/A,N/A,N/A,N/A,N/A,20.000 kg,shanghai port for Walk in Cooler Panels Insulated Sandwich Panels,N/A,N/A,N/A,N/A,N/A,N/A,N/A,N/A,N/A,HUGECOOL,N/A,N/A,N/A,1000 Square Meter/Square Meters per   Week cold room panel,N/A,N/A,N/A,N/A,Plastic packaged for Walk in Cooler Panels Insulated Sandwich Panels,N/A,N/A,N/A,N/A,N/A,N/A,As per your requirements,N/A,N/A,N/A,N/A,1 Year,N/A,N/A,N/A,N/A,N/A,N/A,N/A,N/A,N/A,N/A,N/A,N/A,N/A,N/A,N/A,N/A,N/A,N/A,N/A,N/A,N/A,N/A,N/A,N/A,N/A,N/A,N/A,1000X1000X20 cm,N/A,-45C to 20C,N/A,N/A,N/A,N/A,N/A,50mm 75mm 100mm 120mm 150mm 180mm 200mm,N/A,N/A,"Shandong, China",N/A,N/A,N/A,N/A,N/A,N/A,N/A,N/A,Single item,N/A,N/A,N/A,N/A,N/A,N/A,N/A,N/A,N/A,N/A,N/A,"graphic design, 3D model design",N/A,metal,N/A,N/A,N/A,N/A,N/A,N/A,N/A,N/A,N/A,N/A,Industrial,N/A,N/A,N/A,N/A,N/A,N/A,N/A,N/A,N/A,N/A,N/A,N/A,N/A,N/A,N/A,N/A,N/A,N/A,N/A,N/A,N/A,N/A,N/A,N/A,N/A,N/A,N/A,N/A,"Fresh-keep, freezing, quick-freezing, fire-proof, explosion-proof,",N/A,N/A,N/A,N/A,N/A,"hinged door, sliding door, standard return door",N/A,N/A,N/A,N/A,N/A,N/A,N/A
Cold Storage Room PU Panel Insulated Calmlock Sandwich Panel for Cold Room,https://www.alibaba.com/product-detail/Cold-Storage-Room-PU-Panel-Insulated_1601279386897.html,2025-02-19 15:11:15,N/A,N/A,N/A,N/A,N/A,"Pressure vessel, motor, Bearing, Gear, Gearbox, PLC, Other",N/A,N/A,N/A,N/A,N/A,N/A,N/A,N/A,N/A,Custom size,N/A,N/A,N/A,N/A,N/A,N/A,N/A,N/A,N/A,N/A,N/A,N/A,N/A,N/A,N/A,Online technical support,N/A,N/A,N/A,N/A,N/A,N/A,N/A,N/A,N/A,N/A,N/A,N/A,N/A,N/A,HInged door/Sliding door,N/A,N/A,85.000 kg,N/A,N/A,Customized Length,N/A,HUGECOOL,N/A,N/A,N/A,N/A,N/A,N/A,N/A,N/A,N/A,N/A,N/A,N/A,N/A,N/A,N/A,N/A,N/A,N/A,N/A,N/A,N/A,N/A,N/A,N/A,N/A,N/A,N/A,N/A,N/A,Easy to Operate,N/A,N/A,N/A,N/A,N/A,N/A,N/A,N/A,N/A,N/A,N/A,N/A,N/A,N/A,N/A,N/A,N/A,N/A,N/A,N/A,N/A,N/A,Cam-lock/Plug,"220V, 380V, 440V",10X10X15 cm,N/A,N/A,N/A,N/A,N/A,N/A,N/A,N/A,N/A,N/A,N/A,N/A,N/A,N/A,1.35KW,N/A,N/A,N/A,N/A,Single item,N/A,N/A,1 Year,Container,N/A,N/A,Provided,N/A,N/A,N/A,N/A,N/A,N/A,Color steel,N/A,N/A,N/A,N/A,N/A,N/A,N/A,N/A,N/A,N/A,N/A,Cold room insulation,N/A,"Shandong, China",N/A,960mm 1120mm,B1 /B2 Grade OPTIONAL,N/A,N/A,N/A,N/A,N/A,N/A,N/A,N/A,N/A,N/A,N/A,N/A,N/A,N/A,Provided,N/A,N/A,N/A,0.4-0.6mm,N/A,N/A,N/A,N/A,N/A,N/A,N/A,N/A,N/A,N/A,N/A,50/75/100/120/150/200mm,N/A,N/A,N/A,N/A,"Copeland, Bitzer"
EPS/PU/PIR/PUR/Polyurethane/Rock Wool  Sandwich Panels Structural Insulated Sandwich Panel for Internal and External Wall,https://www.alibaba.com/product-detail/EPS-PU-PIR-PUR-Polyurethane-Rock_1600906010659.html?s=p,2025-02-19 15:11:26,N/A,N/A,N/A,N/A,N/A,N/A,N/A,N/A,N/A,N/A,N/A,N/A,N/A,N/A,Sandwich Panel,N/A,N/A,N/A,"Villa, Hotel; warehouse; workshop",N/A,N/A,N/A,N/A,N/A,N/A,N/A,N/A,N/A,N/A,N/A,N/A,"Online technical support, Onsite Training, Onsite Inspection",N/A,N/A,N/A,N/A,N/A,N/A,N/A,N/A,N/A,N/A,N/A,N/A,N/A,N/A,N/A,N/A,N/A,N/A,N/A,N/A,1-11.8m,N/A,N/A,N/A,N/A,N/A,N/A,N/A,N/A,N/A,N/A,N/A,N/A,water resistant,N/A,N/A,N/A,N/A,N/A,N/A,N/A,N/A,N/A,N/A,N/A,N/A,N/A,N/A,N/A,More than 5 years,N/A,N/A,N/A,"pu,eps,rockwool,glasswool",N/A,N/A,N/A,N/A,N/A,N/A,N/A,N/A,N/A,N/A,N/A,N/A,N/A,N/A,N/A,N/A,N/A,N/A,N/A,N/A,N/A,N/A,N/A,N/A,N/A,N/A,N/A,N/A,6-20kg/m3,N/A,N/A,N/A,N/A,RAL Color,China,N/A,N/A,N/A,N/A,N/A,N/A,N/A,N/A,N/A,N/A,N/A,N/A,N/A,N/A,N/A,N/A,N/A,N/A,N/A,N/A,"graphic design, 3D model design, total solution for projects",N/A,metal,N/A,N/A,N/A,N/A,N/A,N/A,N/A,N/A,N/A,N/A,Modern,N/A,N/A,N/A,N/A,N/A,N/A,N/A,N/A,N/A,N/A,N/A,N/A,N/A,steel,N/A,N/A,N/A,N/A,N/A,N/A,N/A,N/A,N/A,N/A,N/A,N/A,N/A,N/A,N/A,N/A,N/A,N/A,N/A,N/A,N/A,N/A,50-200mm,N/A,N/A,N/A,N/A,N/A
N/A,https://www.alibaba.com/product-detail/100-200mm-Cooling-Cold-Room-Wall_1600938853012.html,2025-02-19 15:11:41,copeland/Bock,N/A,N/A,N/A,N/A,"Pressure vessel, motor, PLC, Pump, Engine",N/A,N/A,N/A,N/A,N/A,N/A,N/A,N/A,cold room freezer,Customized,N/A,N/A,N/A,N/A,N/A,N/A,N/A,N/A,N/A,N/A,N/A,N/A,N/A,Single Sliding Door,N/A,N/A,N/A,N/A,N/A,N/A,N/A,N/A,N/A,N/A,N/A,N/A,N/A,N/A,cold room storage,N/A,N/A,N/A,N/A,100.000 kg,N/A,N/A,N/A,N/A,Gulun,N/A,N/A,N/A,N/A,N/A,N/A,N/A,N/A,N/A,N/A,N/A,N/A,N/A,N/A,N/A,N/A,N/A,N/A,N/A,N/A,N/A,N/A,N/A,N/A,N/A,N/A,N/A,N/A,N/A,Competitive Price,N/A,N/A,N/A,N/A,N/A,N/A,N/A,N/A,N/A,N/A,N/A,N/A,N/A,Commercial Food Freezer Storage,N/A,N/A,N/A,N/A,Evaporative Condenser,N/A,N/A,N/A,N/A,380V,100X100X50 cm,N/A,N/A,N/A,N/A,N/A,N/A,Copeland/Bock,N/A,N/A,N/A,N/A,N/A,N/A,N/A,N/A,50/75/100/120/150/200 Mm,N/A,N/A,N/A,Single item,N/A,N/A,1 Year,freezer,N/A,N/A,Not Available,N/A,N/A,N/A,N/A,N/A,N/A,N/A,N/A,N/A,N/A,N/A,N/A,N/A,N/A,N/A,N/A,N/A,N/A,N/A,N/A,"Guangxi, China",N/A,N/A,N/A,N/A,Frozen Food,N/A,N/A,N/A,N/A,N/A,N/A,N/A,N/A,N/A,N/A,N/A,N/A,Not Available,N/A,N/A,N/A,N/A,N/A,Color steel polyurethane sandwich panel,N/A,N/A,N/A,N/A,N/A,N/A,N/A,N/A,N/A,N/A,N/A,N/A,N/A,N/A,N/A
Xps Pvc Sandwich Insulated Roof Panel Pu Sandwich Panel Sandwich Roof Puf Panels,https://www.alibaba.com/product-detail/Xps-Pvc-Sandwich-Insulated-Roof-Panel_1601287689286.html?s=p,2025-02-19 15:11:54,N/A,N/A,N/A,N/A,N/A,N/A,N/A,N/A,N/A,N/A,N/A,N/A,N/A,N/A,EPS Sandwich Panel,N/A,N/A,N/A,factory,N/A,N/A,N/A,N/A,N/A,N/A,N/A,N/A,N/A,N/A,N/A,N/A,"Online technical support, Onsite Training, Other",N/A,N/A,N/A,N/A,N/A,N/A,N/A,N/A,N/A,N/A,N/A,N/A,N/A,N/A,N/A,N/A,N/A,kg,N/A,N/A,N/A,N/A,N/A,N/A,N/A,N/A,N/A,N/A,WEIHUA,N/A,Polystyrene Foam EPS Sandwich Panel,N/A,N/A,N/A,N/A,"Lightweight,waterproof",N/A,N/A,N/A,N/A,N/A,N/A,N/A,N/A,N/A,N/A,N/A,N/A,N/A,2 years,N/A,N/A,N/A,Hard Polyurethane Foam,N/A,N/A,N/A,N/A,N/A,N/A,N/A,N/A,N/A,N/A,N/A,N/A,N/A,N/A,N/A,N/A,N/A,N/A,N/A,N/A,N/A,Sandwich Panel Movable Wall,N/A,XX cm,N/A,N/A,N/A,N/A,N/A,N/A,N/A,N/A,N/A,RAL Color,"Liaoning, China",N/A,N/A,N/A,N/A,N/A,N/A,N/A,N/A,Single item,N/A,N/A,N/A,N/A,N/A,N/A,N/A,N/A,N/A,N/A,N/A,"graphic design, 3D model design, total solution for projects, Others",N/A,metal,N/A,N/A,N/A,N/A,N/A,N/A,N/A,N/A,N/A,N/A,plant,Sound-absorbing Decoration Wall,N/A,N/A,N/A,N/A,N/A,N/A,Construction Insulation,N/A,N/A,N/A,N/A,N/A,Metal+pu Foam+Aluminum Foil,N/A,N/A,N/A,N/A,N/A,N/A,N/A,N/A,N/A,N/A,N/A,N/A,N/A,N/A,N/A,N/A,N/A,N/A,N/A,N/A,N/A,N/A,50-200mm,N/A,N/A,N/A,N/A,N/A
Polyurethane Sandwich Board Polyurethane Foam Polyurethane PU Cold Room Storage Warehouse Insulation Sandwich Board,https://www.alibaba.com/product-detail/Polyurethane-Sandwich-Board-Polyurethane-Foam-Polyurethane_1601260767734.html,2025-02-19 15:12:05,N/A,N/A,N/A,N/A,N/A,N/A,N/A,N/A,N/A,N/A,N/A,N/A,N/A,N/A,N/A,N/A,N/A,N/A,Building Thermal Insulation,N/A,N/A,polyurethane,N/A,N/A,N/A,N/A,N/A,N/A,N/A,N/A,N/A,"Online technical support, Onsite Installation, Onsite Training",N/A,N/A,N/A,N/A,N/A,Polyurethane Board,ployurethane -01,N/A,N/A,N/A,N/A,N/A,N/A,N/A,N/A,N/A,N/A,N/A,N/A,N/A,N/A,N/A,N/A,N/A,N/A,N/A,N/A,N/A,xcnm,N/A,N/A,N/A,N/A,N/A,N/A,N/A,N/A,N/A,N/A,N/A,N/A,N/A,N/A,N/A,N/A,N/A,N/A,N/A,N/A,More than 5 years,N/A,N/A,N/A,N/A,N/A,N/A,N/A,N/A,N/A,N/A,N/A,N/A,N/A,N/A,N/A,N/A,N/A,N/A,N/A,N/A,N/A,N/A,Heat Preservation Sound Insulation,N/A,N/A,Insulation material for house/home,N/A,N/A,N/A,N/A,N/A,N/A,40-70kg/m3,N/A,N/A,N/A,N/A,White,Anhui China,N/A,Rectangle,N/A,N/A,N/A,N/A,N/A,N/A,N/A,N/A,N/A,N/A,N/A,N/A,Standard Packing,N/A,N/A,N/A,N/A,N/A,"total solution for projects, Cross Categories Consolidation",N/A,N/A,N/A,N/A,N/A,N/A,N/A,N/A,N/A,N/A,N/A,N/A,Modern,Therminal Insulation,N/A,N/A,N/A,N/A,N/A,N/A,House Wall,N/A,N/A,N/A,N/A,N/A,polyurethane,N/A,N/A,N/A,N/A,N/A,N/A,N/A,N/A,N/A,N/A,N/A,N/A,N/A,N/A,N/A,N/A,N/A,N/A,N/A,N/A,N/A,N/A,N/A,N/A,N/A,N/A,N/A,N/A
Modern Design EPS Sandwich Panel Hot Selling Insulated Panels Precast Houses Workshops Cold Rooms Exterior Walls Foam Core,https://www.alibaba.com/product-detail/Modern-Design-EPS-Sandwich-Panel-Hot_1601371020457.html?s=p,2025-02-19 15:12:13,N/A,N/A,N/A,N/A,N/A,N/A,N/A,N/A,N/A,N/A,N/A,N/A,N/A,N/A,N/A,N/A,N/A,N/A,"Apartment, Villa, Hotel, Roof, Exterior Wall, prefab house, cold room, Office Building, Hospital, School, Mall, Sports Venues, Leisure Facilities",N/A,N/A,N/A,N/A,N/A,N/A,N/A,N/A,N/A,N/A,N/A,N/A,Other,N/A,N/A,N/A,N/A,N/A,N/A,N/A,N/A,N/A,N/A,N/A,N/A,N/A,N/A,N/A,N/A,N/A,N/A,N/A,N/A,N/A,N/A,N/A,N/A,N/A,N/A,N/A,N/A,N/A,N/A,N/A,N/A,N/A,"water resistant, Fire Resistant",N/A,N/A,N/A,N/A,N/A,N/A,N/A,N/A,N/A,N/A,N/A,N/A,N/A,N/A,N/A,NONE,N/A,N/A,N/A,N/A,N/A,N/A,N/A,N/A,N/A,N/A,N/A,N/A,N/A,N/A,N/A,N/A,N/A,N/A,N/A,N/A,N/A,N/A,N/A,N/A,N/A,N/A,N/A,N/A,N/A,N/A,N/A,N/A,N/A,N/A,N/A,N/A,N/A,N/A,"Henan, China",N/A,N/A,N/A,N/A,N/A,N/A,N/A,N/A,N/A,N/A,N/A,N/A,N/A,N/A,N/A,N/A,N/A,N/A,N/A,N/A,Others,N/A,N/A,N/A,N/A,N/A,N/A,N/A,N/A,N/A,N/A,N/A,N/A,Modern,N/A,N/A,N/A,N/A,N/A,N/A,N/A,N/A,N/A,N/A,N/A,N/A,N/A,silica rock,N/A,N/A,N/A,N/A,N/A,N/A,N/A,N/A,N/A,N/A,N/A,N/A,N/A,N/A,N/A,N/A,N/A,N/A,N/A,N/A,N/A,N/A,N/A,N/A,N/A,N/A,N/A,N/A
N/A,https://www.alibaba.com/product-detail/Walk-In-Cooler-PU-Insulation-Wall_1601379982841.html,2025-02-19 15:12:26,N/A,N/A,N/A,N/A,N/A,Panel,N/A,N/A,Color Steel/Stainless Steel Plate or Customized,N/A,N/A,N/A,N/A,N/A,PU Insulation Wall Floor Sandwich Panels For Cold Storage Room Freezer,1220*2440mm,N/A,N/A,Cold Storage Room Freezer Room,N/A,N/A,N/A,Support 24hours/Day,N/A,N/A,N/A,N/A,N/A,N/A,N/A,N/A,N/A,N/A,N/A,N/A,N/A,N/A,N/A,N/A,ISO9001 CE,N/A,N/A,N/A,N/A,N/A,N/A,N/A,N/A,N/A,N/A,N/A,N/A,N/A,N/A,BINGKE,N/A,N/A,N/A,N/A,N/A,N/A,N/A,N/A,N/A,N/A,N/A,N/A,N/A,N/A,N/A,customized size,N/A,N/A,N/A,Cold Room PU Panel,N/A,N/A,N/A,N/A,N/A,N/A,N/A,N/A,N/A,"Competitive Price, High Quality",Polyurethane,N/A,960-1140mm,N/A,N/A,N/A,50mm/75mm/100mm/120mm/150mm/200mm,N/A,N/A,N/A,N/A,N/A,N/A,N/A,N/A,N/A,N/A,N/A,N/A,N/A,N/A,N/A,N/A,"400V , 110V, 220V, 380V, customized",N/A,N/A,N/A,N/A,N/A,N/A,N/A,N/A,N/A,N/A,N/A,N/A,N/A,N/A,N/A,N/A,N/A,N/A,N/A,N/A,N/A,N/A,N/A,1 Year,Container,N/A,N/A,Provided,N/A,N/A,N/A,N/A,N/A,N/A,N/A,N/A,N/A,N/A,N/A,N/A,N/A,N/A,N/A,N/A,N/A,N/A,N/A,N/A,"Shandong, China",N/A,N/A,N/A,N/A,N/A,N/A,N/A,N/A,N/A,N/A,N/A,N/A,N/A,N/A,N/A,N/A,N/A,Provided,N/A,10,N/A,N/A,N/A,N/A,N/A,N/A,N/A,N/A,N/A,N/A,N/A,N/A,N/A,N/A,N/A,N/A,N/A,N/A,"Copeland, Bitzer, BINGKE"
Insulated Sandwich Panel Room Manual Production of Sandwich Panels Fire Rated Sandwich Panel,https://www.alibaba.com/product-detail/Insulated-Sandwich-Panel-Room-Manual-Production_1601288739691.html?s=p,2025-02-19 15:12:38,N/A,N/A,N/A,N/A,N/A,N/A,N/A,N/A,N/A,N/A,N/A,N/A,N/A,N/A,EPS Sandwich Panel,N/A,N/A,N/A,factory,N/A,N/A,N/A,N/A,N/A,N/A,N/A,N/A,N/A,N/A,N/A,N/A,"Online technical support, Onsite Training, Other",N/A,N/A,N/A,N/A,N/A,N/A,N/A,N/A,N/A,N/A,N/A,N/A,N/A,N/A,N/A,N/A,N/A,12.000 kg,N/A,N/A,N/A,N/A,N/A,N/A,N/A,N/A,N/A,N/A,WEIHUA,N/A,Polystyrene Foam EPS Sandwich Panel,N/A,N/A,"water resistant, Fire Resistant",N/A,"Lightweight,waterproof",N/A,N/A,N/A,N/A,N/A,N/A,N/A,N/A,N/A,N/A,N/A,N/A,N/A,2 years,N/A,N/A,N/A,Hard Polyurethane Foam,N/A,N/A,N/A,N/A,N/A,N/A,N/A,N/A,N/A,N/A,N/A,N/A,N/A,N/A,N/A,N/A,N/A,N/A,N/A,N/A,N/A,Sandwich Panel Movable Wall,N/A,10X10X10 cm,N/A,N/A,N/A,N/A,N/A,N/A,N/A,N/A,N/A,RAL Color,"Liaoning, China",N/A,N/A,N/A,N/A,N/A,N/A,N/A,N/A,Single item,N/A,N/A,N/A,N/A,N/A,N/A,N/A,N/A,N/A,N/A,N/A,"graphic design, 3D model design, total solution for projects, Others",N/A,metal,N/A,N/A,N/A,N/A,N/A,N/A,N/A,N/A,N/A,N/A,plant,Sound-absorbing Decoration Wall,N/A,N/A,N/A,N/A,N/A,N/A,Construction Insulation,N/A,N/A,N/A,N/A,N/A,Metal+pu Foam+Aluminum Foil,N/A,N/A,N/A,N/A,N/A,N/A,N/A,N/A,N/A,N/A,N/A,N/A,N/A,N/A,N/A,N/A,N/A,N/A,N/A,N/A,N/A,N/A,50-200mm,N/A,N/A,N/A,N/A,N/A
Factory Price 75mm Cold Room Cold Storage PU Sandwich Insulation Panels,https://www.alibaba.com/product-detail/Factory-Price-75mm-Cold-Room-Cold_1600327092699.html,2025-02-19 15:12:52,N/A,N/A,N/A,N/A,N/A,N/A,N/A,N/A,N/A,N/A,N/A,N/A,N/A,N/A,N/A,N/A,N/A,N/A,Warehouse,N/A,N/A,N/A,N/A,N/A,N/A,N/A,N/A,N/A,N/A,N/A,N/A,"Online technical support, Onsite Installation, Onsite Training, Onsite Inspection, Return and Replacement",N/A,N/A,N/A,N/A,N/A,N/A,YX950,N/A,N/A,N/A,N/A,N/A,N/A,N/A,N/A,N/A,N/A,1.000 kg,N/A,N/A,1-11.8m,N/A,N/A,N/A,N/A,N/A,N/A,N/A,ZhuAi,N/A,N/A,N/A,N/A,N/A,0.3mm~0.8mm,Thermal Insulation,N/A,"1.In bulk
2.Pallet",N/A,N/A,N/A,N/A,N/A,N/A,N/A,N/A,N/A,N/A,N/A,2 years,N/A,N/A,N/A,PU Board,N/A,N/A,N/A,N/A,N/A,N/A,N/A,N/A,N/A,N/A,N/A,N/A,N/A,N/A,PPGI,N/A,N/A,N/A,N/A,N/A,N/A,N/A,N/A,30X30X10 cm,N/A,N/A,N/A,N/A,40-120kg/m3,N/A,N/A,N/A,N/A,N/A,"Shanghai, China",N/A,N/A,N/A,N/A,N/A,N/A,N/A,N/A,Single item,N/A,N/A,N/A,N/A,N/A,N/A,N/A,N/A,N/A,N/A,N/A,"graphic design, 3D model design, total solution for projects",N/A,metal,N/A,N/A,N/A,N/A,N/A,N/A,N/A,N/A,N/A,CE/BV,Industrial,N/A,N/A,N/A,N/A,950mm/1150mm,N/A,N/A,N/A,N/A,N/A,N/A,N/A,N/A,N/A,N/A,N/A,N/A,N/A,N/A,N/A,N/A,N/A,N/A,N/A,N/A,N/A,N/A,N/A,N/A,N/A,N/A,N/A,N/A,N/A,N/A,N/A,50/75/100/150/200mm,N/A,N/A,N/A,N/A,N/A
N/A,https://www.alibaba.com/product-detail/Frp-Xps-Sandwich-Panel-Sandwich-Panels_1601288647744.html?s=p,2025-02-19 15:13:11,N/A,N/A,N/A,N/A,N/A,N/A,N/A,N/A,N/A,N/A,N/A,N/A,N/A,N/A,EPS Sandwich Panel,N/A,N/A,N/A,factory,N/A,N/A,N/A,N/A,N/A,N/A,N/A,N/A,N/A,N/A,N/A,N/A,"Online technical support, Onsite Training, Other",N/A,N/A,N/A,N/A,N/A,N/A,N/A,N/A,N/A,N/A,N/A,N/A,N/A,N/A,N/A,N/A,N/A,kg,N/A,N/A,N/A,N/A,N/A,N/A,N/A,N/A,N/A,N/A,WEIHUA,N/A,Polystyrene Foam EPS Sandwich Panel,N/A,N/A,N/A,N/A,"Lightweight,waterproof",N/A,N/A,N/A,N/A,N/A,N/A,N/A,N/A,N/A,N/A,N/A,N/A,N/A,2 years,N/A,N/A,N/A,Hard Polyurethane Foam,N/A,N/A,N/A,N/A,N/A,N/A,N/A,N/A,N/A,N/A,N/A,N/A,N/A,N/A,N/A,N/A,N/A,N/A,N/A,N/A,N/A,Sandwich Panel Movable Wall,N/A,XX cm,N/A,N/A,N/A,N/A,N/A,N/A,N/A,N/A,N/A,RAL Color,"Liaoning, China",N/A,N/A,N/A,N/A,N/A,N/A,N/A,N/A,Single item,N/A,N/A,N/A,N/A,N/A,N/A,N/A,N/A,N/A,N/A,N/A,"graphic design, 3D model design, total solution for projects, Others",N/A,metal,N/A,N/A,N/A,N/A,N/A,N/A,N/A,N/A,N/A,N/A,plant,Sound-absorbing Decoration Wall,N/A,N/A,N/A,N/A,N/A,N/A,Construction Insulation,N/A,N/A,N/A,N/A,N/A,Metal+pu Foam+Aluminum Foil,N/A,N/A,N/A,N/A,N/A,N/A,N/A,N/A,N/A,N/A,N/A,N/A,N/A,N/A,N/A,N/A,N/A,N/A,N/A,N/A,N/A,N/A,50-200mm,N/A,N/A,N/A,N/A,N/A
N/A,https://www.alibaba.com/product-detail/Condibe-Cheap-Storage-Cold-Room-Panel_1600840283598.html,2025-02-19 15:13:34,N/A,N/A,N/A,N/A,N/A,N/A,N/A,N/A,N/A,N/A,N/A,N/A,N/A,N/A,N/A,N/A,N/A,N/A,Warehouse/Cold room/Clean Room/Outdoor,N/A,N/A,N/A,N/A,N/A,N/A,N/A,N/A,N/A,N/A,N/A,N/A,"Online technical support, Onsite Installation, Onsite Training, Onsite Inspection, Free spare parts",N/A,N/A,N/A,N/A,N/A,N/A,100,N/A,With pallet or load in the container to ship,N/A,N/A,N/A,N/A,N/A,N/A,N/A,N/A,1.200 kg,N/A,N/A,N/A,N/A,N/A,N/A,N/A,N/A,N/A,N/A,CONDIBE,N/A,N/A,N/A,N/A,N/A,N/A,N/A,N/A,N/A,N/A,N/A,N/A,N/A,N/A,N/A,N/A,N/A,Availale,N/A,N/A,More than 5 years,N/A,N/A,N/A,N/A,3~7 days,N/A,N/A,N/A,N/A,N/A,N/A,N/A,N/A,N/A,N/A,0.3-0.6mm,N/A,N/A,N/A,N/A,N/A,N/A,N/A,N/A,N/A,polyurethane composite plate,N/A,14X6X6 cm,N/A,N/A,N/A,N/A,N/A,N/A,N/A,N/A,N/A,N/A,"Shanghai, China",N/A,N/A,N/A,N/A,N/A,N/A,N/A,N/A,Single item,N/A,N/A,N/A,N/A,N/A,N/A,N/A,N/A,N/A,N/A,N/A,"graphic design, 3D model design, total solution for projects, Cross Categories Consolidation",N/A,stainless steel/gal steel,N/A,N/A,N/A,N/A,N/A,N/A,N/A,N/A,N/A,N/A,Modern,N/A,N/A,N/A,N/A,N/A,N/A,N/A,N/A,N/A,N/A,N/A,N/A,N/A,polyurethane,N/A,N/A,N/A,N/A,N/A,silver,N/A,N/A,N/A,N/A,N/A,N/A,N/A,N/A,N/A,N/A,N/A,N/A,N/A,N/A,N/A,N/A,50mm/75mm/100mm/150mm,N/A,N/A,N/A,N/A,N/A
N/A,https://www.alibaba.com/product-detail/High-Quality-Building-Material-Moisture-Resistance_1601202029585.html?s=p,2025-02-19 15:13:54,N/A,N/A,N/A,N/A,N/A,N/A,N/A,N/A,N/A,N/A,N/A,"Low temperature system, low-temperature equipment cold insulation",N/A,N/A,N/A,N/A,N/A,N/A,Office Building,N/A,N/A,N/A,N/A,N/A,N/A,N/A,N/A,N/A,shishang,N/A,N/A,"Online technical support, Onsite Installation, Onsite Training, Onsite Inspection, Free spare parts, Return and Replacement",N/A,N/A,N/A,N/A,N/A,Foam glass plate Tube,/,N/A,N/A,N/A,N/A,N/A,N/A,N/A,N/A,N/A,N/A,N/A,N/A,N/A,N/A,N/A,N/A,N/A,N/A,N/A,N/A,N/A,shishang,N/A,N/A,N/A,N/A,N/A,N/A,N/A,N/A,N/A,N/A,N/A,N/A,120kg-160kg/m³,N/A,N/A,N/A,N/A,N/A,N/A,N/A,More than 5 years,N/A,N/A,N/A,N/A,N/A,N/A,N/A,N/A,N/A,N/A,N/A,0.025-0.049 watts/(milligrams),N/A,N/A,N/A,N/A,N/A,N/A,N/A,N/A,N/A,N/A,N/A,N/A,N/A,Insulation materials,N/A,N/A,zhongguo hebei,N/A,N/A,N/A,N/A,N/A,N/A,N/A,N/A,N/A,"Hebei, China",N/A,N/A,N/A,N/A,N/A,N/A,N/A,N/A,N/A,N/A,N/A,N/A,N/A,N/A,N/A,N/A,N/A,N/A,N/A,N/A,"graphic design, total solution for projects, Cross Categories Consolidation",N/A,N/A,N/A,N/A,N/A,N/A,N/A,-268-482°Celsius,N/A,N/A,N/A,N/A,Modern,N/A,N/A,N/A,N/A,N/A,N/A,"Low thermal conductivity, non absorbent, non combustible",N/A,N/A,N/A,Greater than 18mm,N/A,N/A,Rubber foam,N/A,N/A,N/A,N/A,N/A,N/A,N/A,N/A,N/A,N/A,N/A,N/A,N/A,N/A,N/A,N/A,N/A,N/A,N/A,N/A,N/A,N/A,N/A,N/A,N/A,50cm/60cm,N/A,N/A
PU Panel Cold Storage Room Insulated Cam Lock Sandwich Panel for Cold Room,https://www.alibaba.com/product-detail/PU-Panel-Cold-Storage-Room-Insulated_1601378688813.html,2025-02-19 15:14:11,N/A,N/A,N/A,N/A,N/A,"PRESSURE VESSEL, MOTOR",N/A,N/A,"double-sided color steel, stainless steel, embossed aluminum",N/A,N/A,N/A,N/A,N/A,N/A,customizable,N/A,N/A,Cold Storage Room Freezer Room,N/A,N/A,N/A,N/A,N/A,N/A,N/A,N/A,N/A,N/A,N/A,N/A,N/A,N/A,N/A,N/A,N/A,N/A,N/A,N/A,N/A,N/A,N/A,N/A,N/A,N/A,N/A,N/A,N/A,N/A,120.000 kg,N/A,N/A,N/A,N/A,N/A,N/A,N/A,N/A,N/A,"0.426mm,0.5mm, 0.6mm, 0.8mm",N/A,N/A,N/A,N/A,N/A,N/A,N/A,N/A,N/A,N/A,N/A,N/A,N/A,N/A,N/A,N/A,N/A,N/A,N/A,N/A,N/A,N/A,N/A,Other,Easy to Operate,N/A,N/A,N/A,N/A,N/A,N/A,N/A,N/A,N/A,N/A,Customzied Size,N/A,N/A,N/A,"Building Material Shops, Food & Beverage Factory, Restaurant, Retail,",N/A,N/A,N/A,N/A,N/A,N/A,N/A,N/A,220v-380v,60X50X40 cm,N/A,N/A,N/A,N/A,N/A,N/A,N/A,N/A,N/A,N/A,N/A,N/A,N/A,N/A,N/A,N/A,N/A,N/A,N/A,Single item,N/A,N/A,Unavailable,Container,N/A,N/A,Provided,N/A,N/A,N/A,N/A,N/A,N/A,N/A,N/A,42KG/cubic metre,N/A,N/A,N/A,N/A,N/A,N/A,N/A,N/A,N/A,N/A,N/A,"Shandong, China",N/A,N/A,N/A,N/A,N/A,N/A,N/A,N/A,N/A,N/A,N/A,N/A,N/A,N/A,N/A,N/A,N/A,Provided,N/A,12,N/A,N/A,N/A,N/A,N/A,N/A,N/A,N/A,Other,N/A,N/A,N/A,N/A,N/A,N/A,N/A,N/A,N/A,Other
N/A,https://www.alibaba.com/product-detail/Polyurethane-Cold-Storage-Sandwich-Panel-Foam_1601010693745.html?s=p,2025-02-19 15:14:28,N/A,N/A,N/A,N/A,N/A,N/A,N/A,N/A,N/A,N/A,N/A,N/A,N/A,N/A,N/A,N/A,N/A,N/A,"Cold storage, workshop",N/A,≤0.024W/M.K,N/A,N/A,≤±1%,N/A,N/A,N/A,N/A,N/A,N/A,N/A,"Online technical support, Onsite Training, Onsite Inspection",N/A,N/A,N/A,N/A,N/A,N/A,N/A,N/A,N/A,N/A,N/A,N/A,N/A,N/A,N/A,N/A,N/A,1.000 kg,N/A,N/A,N/A,B1,N/A,N/A,N/A,N/A,N/A,N/A,sharewe,N/A,N/A,N/A,10000 Square Meter/Square Meters per   Day,N/A,N/A,N/A,N/A,N/A,N/A,N/A,N/A,N/A,N/A,N/A,N/A,N/A,N/A,N/A,N/A,Lifetime,N/A,N/A,N/A,N/A,N/A,N/A,N/A,N/A,≥95%,N/A,N/A,N/A,N/A,N/A,N/A,N/A,N/A,N/A,N/A,N/A,N/A,N/A,N/A,N/A,N/A,N/A,N/A,40X25X25 cm,N/A,N/A,N/A,N/A,40-45KG/m³,N/A,N/A,N/A,N/A,N/A,Xinxiang China,N/A,N/A,N/A,N/A,N/A,N/A,N/A,N/A,Single item,N/A,N/A,N/A,N/A,50/75/100/120/150/200(mm),N/A,N/A,N/A,N/A,N/A,N/A,"graphic design, 3D model design, total solution for projects",N/A,metal,N/A,N/A,N/A,0.3/0.35/0.4/0.5(mm),N/A,N/A,N/A,N/A,N/A,N/A,Modern,N/A,N/A,N/A,N/A,N/A,N/A,N/A,N/A,N/A,N/A,N/A,≤3%,N/A,N/A,N/A,N/A,N/A,N/A,N/A,N/A,N/A,N/A,N/A,N/A,N/A,N/A,N/A,N/A,N/A,N/A,N/A,N/A,N/A,N/A,N/A,≥1%,N/A,1130mm,N/A,N/A,N/A,N/A
High Quality 50mm/75mm/100mm/120mm/150mm/200mm Cold Storage Room Pu Panel for Sale,https://www.alibaba.com/product-detail/High-Quality-50mm-75mm-100mm-120mm_1601277775556.html,2025-02-19 15:14:36,N/A,N/A,N/A,N/A,N/A,N/A,N/A,N/A,N/A,N/A,N/A,N/A,N/A,N/A,N/A,N/A,N/A,N/A,N/A,N/A,N/A,N/A,N/A,N/A,N/A,N/A,N/A,N/A,N/A,N/A,N/A,N/A,N/A,N/A,N/A,N/A,N/A,N/A,N/A,N/A,N/A,N/A,N/A,N/A,N/A,N/A,N/A,N/A,N/A,N/A,N/A,N/A,N/A,N/A,N/A,N/A,N/A,N/A,N/A,N/A,N/A,N/A,N/A,N/A,N/A,N/A,N/A,N/A,N/A,N/A,N/A,N/A,N/A,N/A,N/A,N/A,N/A,N/A,N/A,N/A,N/A,N/A,N/A,N/A,N/A,N/A,N/A,N/A,N/A,N/A,N/A,N/A,N/A,N/A,N/A,N/A,N/A,N/A,N/A,N/A,N/A,N/A,N/A,N/A,N/A,N/A,N/A,N/A,N/A,N/A,N/A,N/A,N/A,N/A,N/A,N/A,N/A,N/A,N/A,N/A,N/A,N/A,N/A,N/A,N/A,N/A,N/A,N/A,N/A,N/A,N/A,N/A,N/A,N/A,N/A,N/A,N/A,N/A,N/A,N/A,N/A,N/A,N/A,N/A,N/A,N/A,N/A,N/A,N/A,N/A,N/A,N/A,N/A,N/A,N/A,N/A,N/A,N/A,N/A,N/A,N/A,N/A,N/A,N/A,N/A,N/A,N/A,N/A,N/A,N/A,N/A,N/A,N/A,N/A,N/A,N/A,N/A,N/A,N/A,N/A,N/A,N/A,N/A,N/A,N/A,N/A,N/A,N/A,N/A,N/A,N/A,N/A,N/A,N/A,N/A,N/A,N/A
PU Wall Sandwich Panels Cold Room Panels Insulated Panels With Good Price,https://www.alibaba.com/product-detail/PU-Wall-Sandwich-Panels-Cold-Room_1601360374114.html?s=p,2025-02-19 15:14:55,N/A,N/A,N/A,N/A,N/A,Panel,N/A,N/A,Color Steel/Stainless Steel Plate or Customized,N/A,N/A,N/A,N/A,N/A,PU Wall Sandwich Panels Cold Room Panels Insulated Panels,1220*2440mm,N/A,N/A,Cold Storage Room Freezer Room,N/A,N/A,N/A,Support 24hours/Day,N/A,N/A,N/A,N/A,N/A,N/A,N/A,N/A,N/A,N/A,N/A,N/A,N/A,N/A,N/A,N/A,ISO9001 CE,N/A,N/A,N/A,N/A,N/A,N/A,N/A,N/A,N/A,N/A,N/A,N/A,N/A,N/A,BINGKE,N/A,N/A,N/A,N/A,N/A,N/A,N/A,N/A,N/A,N/A,N/A,N/A,N/A,N/A,N/A,customized size,N/A,N/A,N/A,Cold Room PU Panel,N/A,N/A,N/A,N/A,N/A,N/A,N/A,N/A,N/A,"Competitive Price, High Quality",Polyurethane,N/A,960-1140mm,N/A,N/A,N/A,50mm/75mm/100mm/120mm/150mm/200mm,N/A,N/A,N/A,N/A,N/A,N/A,N/A,N/A,N/A,N/A,N/A,N/A,N/A,N/A,N/A,N/A,"400V , 110V, 220V, 380V, customized",N/A,N/A,N/A,N/A,N/A,N/A,N/A,N/A,N/A,N/A,N/A,N/A,N/A,N/A,N/A,N/A,N/A,N/A,N/A,N/A,N/A,N/A,N/A,1 Year,Container,N/A,N/A,Provided,N/A,N/A,N/A,N/A,N/A,N/A,N/A,N/A,N/A,N/A,N/A,N/A,N/A,N/A,N/A,N/A,N/A,N/A,N/A,N/A,"Shandong, China",N/A,N/A,N/A,N/A,N/A,N/A,N/A,N/A,N/A,N/A,N/A,N/A,N/A,N/A,N/A,N/A,N/A,Provided,N/A,10,N/A,N/A,N/A,N/A,N/A,N/A,N/A,N/A,N/A,N/A,N/A,N/A,N/A,N/A,N/A,N/A,N/A,N/A,"Copeland, Bitzer, BINGKE"
PU Sandwich Panels Polyurethane Foam PUR PIR PUF Cold Room Storage Warehouse Insulation Sandwich Panels/boards,https://www.alibaba.com/product-detail/PU-Sandwich-Panels-Polyurethane-Foam-PUR_1601046443182.html,2025-02-19 15:15:12,N/A,N/A,N/A,N/A,N/A,N/A,N/A,N/A,Galvanized Steel Sheets,N/A,N/A,N/A,N/A,N/A,N/A,N/A,N/A,N/A,Warehouse,N/A,N/A,N/A,N/A,N/A,N/A,N/A,N/A,N/A,N/A,N/A,N/A,"Online technical support, Other",N/A,N/A,N/A,N/A,N/A,Color steel rock wool /PU/EPS sandwich panel,N/A,N/A,N/A,N/A,N/A,N/A,N/A,N/A,N/A,N/A,N/A,80.000 kg,N/A,N/A,"Customized, less than 11.8m",N/A,N/A,N/A,N/A,N/A,N/A,N/A,N/A,N/A,N/A,N/A,N/A,N/A,N/A,N/A,N/A,N/A,N/A,N/A,N/A,N/A,N/A,red/blue/white grey,N/A,N/A,N/A,N/A,N/A,5 years,N/A,N/A,N/A,N/A,N/A,N/A,N/A,N/A,N/A,N/A,N/A,N/A,N/A,N/A,N/A,N/A,N/A,N/A,N/A,N/A,N/A,N/A,N/A,N/A,N/A,N/A,N/A,50X50X50 cm,N/A,N/A,N/A,N/A,N/A,N/A,N/A,N/A,N/A,N/A,Chongqing,N/A,N/A,N/A,N/A,N/A,N/A,N/A,N/A,Single item,Rock wool,N/A,N/A,N/A,N/A,N/A,N/A,N/A,N/A,N/A,N/A,"graphic design, Others",N/A,N/A,N/A,N/A,N/A,N/A,N/A,N/A,N/A,N/A,N/A,N/A,Industrial,Thermal insulation,N/A,N/A,N/A,950/1150mm,N/A,N/A,N/A,N/A,N/A,N/A,N/A,N/A,N/A,N/A,N/A,N/A,N/A,N/A,N/A,N/A,N/A,N/A,N/A,N/A,N/A,N/A,N/A,N/A,40-120kg/m3 (50-70kg/m3 commonly used),N/A,N/A,N/A,N/A,N/A,N/A,50/75/100/120/150/200/250mm,N/A,N/A,N/A,Range is 0.3-0.6mm,N/A
High Quality 100mm Thermal Insulation Factory Direct Cold Storage Panels Polyurethane Sandwich Panels for Hotels,https://www.alibaba.com/product-detail/High-Quality-100mm-Thermal-Insulation-Factory_1601286065211.html?s=p,2025-02-19 15:15:23,N/A,N/A,N/A,N/A,N/A,Other,N/A,N/A,Color Galvanized Steel Stainless Steel,Polyurethane Insulation Foam,N/A,N/A,N/A,N/A,Cold Storage PU-panel,N/A,N/A,N/A,Industrial Freezer Room,Online Guidance,N/A,N/A,N/A,N/A,N/A,N/A,N/A,N/A,N/A,N/A,N/A,N/A,N/A,N/A,N/A,N/A,N/A,N/A,N/A,N/A,N/A,N/A,N/A,N/A,Fireproof Insulation Sandwich Panels,N/A,N/A,N/A,N/A,N/A,N/A,N/A,N/A,N/A,BK,N/A,N/A,N/A,N/A,N/A,N/A,N/A,N/A,N/A,N/A,N/A,N/A,N/A,N/A,N/A,N/A,N/A,N/A,N/A,N/A,N/A,N/A,N/A,N/A,N/A,N/A,N/A,N/A,N/A,Sustainable,N/A,N/A,N/A,N/A,N/A,N/A,N/A,N/A,N/A,N/A,N/A,N/A,N/A,N/A,N/A,N/A,N/A,N/A,N/A,N/A,N/A,N/A,N/A,N/A,N/A,N/A,N/A,Polyurethane Insulation Cold Storage,N/A,N/A,N/A,N/A,N/A,N/A,N/A,N/A,N/A,N/A,N/A,N/A,50mm/75mm/100mm/120mm/150mm/200mm/300mm,N/A,N/A,N/A,N/A,N/A,N/A,1 Year,Container,N/A,N/A,Provided,N/A,N/A,N/A,N/A,N/A,N/A,Polyurthane Sandwich Panels,N/A,N/A,N/A,N/A,N/A,N/A,N/A,N/A,N/A,N/A,N/A,N/A,N/A,"Shandong, China",N/A,N/A,N/A,N/A,N/A,N/A,N/A,N/A,N/A,N/A,Polyurethane Insulation Panels,N/A,N/A,N/A,N/A,N/A,N/A,Provided,N/A,N/A,N/A,N/A,N/A,N/A,N/A,N/A,N/A,N/A,N/A,N/A,N/A,N/A,N/A,N/A,N/A,N/A,N/A,N/A,N/A
N/A,https://www.alibaba.com/product-detail/PU-Polyurethane-Foam-PUR-PIR-PUF_1601171936371.html,2025-02-19 15:15:35,N/A,N/A,N/A,N/A,1120 mm   1000mm   1150mm,N/A,N/A,N/A,N/A,N/A,B1,N/A,50mm 75mm 100mm 120 150mm 200mm,N/A,PU Sandwich Panel,N/A,N/A,N/A,Warehouse,N/A,0.022W/mK-0.026W/mK(25℃),N/A,N/A,N/A,N/A,N/A,-185℃~+110℃,N/A,N/A,N/A,N/A,"Online technical support, Onsite Installation, Onsite Training, Onsite Inspection, Free spare parts, Other",N/A,N/A,N/A,N/A,N/A,N/A,TJpanel-0516,N/A,N/A,N/A,N/A,N/A,N/A,N/A,N/A,N/A,N/A,0.500 kg,N/A,N/A,N/A,N/A,N/A,N/A,N/A,N/A,N/A,N/A,Tianjie,N/A,N/A,N/A,N/A,N/A,N/A,N/A,N/A,N/A,N/A,N/A,0.4mm~0.8mm,N/A,N/A,N/A,N/A,N/A,N/A,N/A,N/A,1 Year,N/A,N/A,N/A,N/A,N/A,N/A,N/A,N/A,N/A,N/A,N/A,N/A,N/A,N/A,N/A,N/A,N/A,N/A,N/A,N/A,N/A,N/A,N/A,N/A,N/A,N/A,N/A,26X26X26 cm,N/A,N/A,N/A,N/A,38-45kg per cubic meter,N/A,N/A,N/A,N/A,N/A,"Henan, China",N/A,N/A,N/A,N/A,N/A,N/A,N/A,N/A,Single item,N/A,N/A,N/A,N/A,N/A,N/A,N/A,N/A,N/A,N/A,N/A,"graphic design, 3D model design, total solution for projects, Cross Categories Consolidation",N/A,metal,less 3%,N/A,N/A,N/A,N/A,N/A,N/A,N/A,N/A,N/A,Modern,N/A,N/A,N/A,N/A,N/A,N/A,N/A,N/A,N/A,N/A,N/A,N/A,N/A,N/A,N/A,N/A,N/A,N/A,N/A,Prepainted,N/A,N/A,N/A,N/A,N/A,N/A,N/A,N/A,N/A,N/A,N/A,N/A,N/A,N/A,N/A,N/A,N/A,N/A,N/A,N/A,N/A,N/A
N/A,https://www.alibaba.com/product-detail/Cam-lock-Pu-Insulation-Panels-for_1601114466959.html?s=p,2025-02-19 15:15:42,N/A,N/A,N/A,N/A,N/A,N/A,N/A,N/A,N/A,N/A,N/A,N/A,N/A,N/A,N/A,N/A,N/A,N/A,N/A,N/A,N/A,N/A,N/A,N/A,N/A,N/A,N/A,N/A,N/A,N/A,N/A,N/A,N/A,N/A,N/A,N/A,N/A,N/A,N/A,N/A,N/A,N/A,N/A,N/A,N/A,N/A,N/A,N/A,N/A,N/A,N/A,N/A,N/A,N/A,N/A,N/A,N/A,N/A,N/A,N/A,N/A,N/A,N/A,N/A,N/A,N/A,N/A,N/A,N/A,N/A,N/A,N/A,N/A,N/A,N/A,N/A,N/A,N/A,N/A,N/A,N/A,N/A,N/A,N/A,N/A,N/A,N/A,N/A,N/A,N/A,N/A,N/A,N/A,N/A,N/A,N/A,N/A,N/A,N/A,N/A,N/A,N/A,N/A,N/A,N/A,N/A,N/A,N/A,N/A,N/A,N/A,N/A,N/A,N/A,N/A,N/A,N/A,N/A,N/A,N/A,N/A,N/A,N/A,N/A,N/A,N/A,N/A,N/A,N/A,N/A,N/A,N/A,N/A,N/A,N/A,N/A,N/A,N/A,N/A,N/A,N/A,N/A,N/A,N/A,N/A,N/A,N/A,N/A,N/A,N/A,N/A,N/A,N/A,N/A,N/A,N/A,N/A,N/A,N/A,N/A,N/A,N/A,N/A,N/A,N/A,N/A,N/A,N/A,N/A,N/A,N/A,N/A,N/A,N/A,N/A,N/A,N/A,N/A,N/A,N/A,N/A,N/A,N/A,N/A,N/A,N/A,N/A,N/A,N/A,N/A,N/A,N/A,N/A,N/A,N/A,N/A,N/A
N/A,https://www.alibaba.com/product-detail/Profession-Customized-50-200mm-Polyurethane-Sandwich_1600438512339.html,2025-02-19 15:15:58,N/A,N/A,N/A,N/A,N/A,Other,N/A,N/A,"Stainless steel, color steel",N/A,N/A,N/A,N/A,N/A,PU Sandwich Panel,customized,N/A,N/A,"Cold room, insolated strorage room",N/A,N/A,N/A,N/A,N/A,N/A,N/A,N/A,N/A,N/A,N/A,N/A,N/A,N/A,N/A,N/A,N/A,N/A,N/A,N/A,N/A,N/A,N/A,N/A,N/A,N/A,N/A,N/A,N/A,N/A,1.701 kg,N/A,N/A,N/A,N/A,/,N/A,N/A,N/A,"Hinged door, swing door, sliding door",N/A,N/A,N/A,N/A,N/A,N/A,N/A,N/A,N/A,N/A,N/A,N/A,N/A,N/A,N/A,N/A,N/A,N/A,N/A,N/A,N/A,N/A,N/A,N/A,N/A,Competitive Price,N/A,N/A,N/A,N/A,N/A,N/A,N/A,N/A,N/A,N/A,Customized,N/A,N/A,N/A,N/A,N/A,N/A,N/A,N/A,N/A,N/A,N/A,N/A,/,35X24X12 cm,N/A,N/A,N/A,N/A,42-44 kg/m3,N/A,N/A,N/A,N/A,White or other,N/A,N/A,N/A,Enfriar,/,"50mm,75mm,100mm,120mm,150mm,200mm",N/A,N/A,N/A,Single item,N/A,N/A,1 Year,Container,N/A,N/A,Provided,N/A,N/A,N/A,N/A,N/A,N/A,N/A,N/A,N/A,N/A,N/A,N/A,N/A,N/A,N/A,N/A,N/A,N/A,N/A,N/A,"Zhejiang, China",N/A,N/A,N/A,N/A,N/A,N/A,N/A,N/A,N/A,N/A,N/A,N/A,N/A,N/A,N/A,N/A,N/A,Provided,N/A,N/A,N/A,N/A,N/A,N/A,N/A,N/A,N/A,N/A,N/A,N/A,N/A,N/A,N/A,N/A,N/A,N/A,N/A,N/A,Copeland
PU Sandwich Panel 100mm PU Panel Thermal Insulation PU Panels for Cold Room Store,https://www.alibaba.com/product-detail/PU-Sandwich-Panel-100mm-PU-Panel_1601360301327.html?s=p,2025-02-19 15:16:06,N/A,N/A,N/A,N/A,N/A,N/A,N/A,N/A,N/A,N/A,N/A,N/A,N/A,N/A,N/A,N/A,N/A,N/A,N/A,N/A,N/A,N/A,N/A,N/A,N/A,N/A,N/A,N/A,N/A,N/A,N/A,N/A,N/A,N/A,N/A,N/A,N/A,N/A,N/A,N/A,N/A,N/A,N/A,N/A,N/A,N/A,N/A,N/A,N/A,N/A,N/A,N/A,N/A,N/A,N/A,N/A,N/A,N/A,N/A,N/A,N/A,N/A,N/A,N/A,N/A,N/A,N/A,N/A,N/A,N/A,N/A,N/A,N/A,N/A,N/A,N/A,N/A,N/A,N/A,N/A,N/A,N/A,N/A,N/A,N/A,N/A,N/A,N/A,N/A,N/A,N/A,N/A,N/A,N/A,N/A,N/A,N/A,N/A,N/A,N/A,N/A,N/A,N/A,N/A,N/A,N/A,N/A,N/A,N/A,N/A,N/A,N/A,N/A,N/A,N/A,N/A,N/A,N/A,N/A,N/A,N/A,N/A,N/A,N/A,N/A,N/A,N/A,N/A,N/A,N/A,N/A,N/A,N/A,N/A,N/A,N/A,N/A,N/A,N/A,N/A,N/A,N/A,N/A,N/A,N/A,N/A,N/A,N/A,N/A,N/A,N/A,N/A,N/A,N/A,N/A,N/A,N/A,N/A,N/A,N/A,N/A,N/A,N/A,N/A,N/A,N/A,N/A,N/A,N/A,N/A,N/A,N/A,N/A,N/A,N/A,N/A,N/A,N/A,N/A,N/A,N/A,N/A,N/A,N/A,N/A,N/A,N/A,N/A,N/A,N/A,N/A,N/A,N/A,N/A,N/A,N/A,N/A
PU Insulation Sandwich Panels Walk in  Cold  Room for Fruits Fresh Storage,https://www.alibaba.com/product-detail/PU-Insulation-Sandwich-Panels-Walk-in_1600122821265.html,2025-02-19 15:16:26,N/A,N/A,N/A,N/A,N/A,PLC,N/A,N/A,N/A,N/A,N/A,N/A,N/A,N/A,Cold Storage Room,10*10*3,N/A,N/A,N/A,N/A,N/A,N/A,N/A,N/A,N/A,N/A,N/A,N/A,N/A,N/A,N/A,N/A,N/A,N/A,N/A,N/A,N/A,N/A,N/A,N/A,N/A,-23C,N/A,N/A,N/A,N/A,N/A,N/A,N/A,60.000 kg,Shanghai,N/A,N/A,N/A,Meluck,N/A,N/A,N/A,N/A,N/A,N/A,N/A,N/A,N/A,10 Set/Sets per   Month cold room equipment,N/A,N/A,N/A,N/A,wooden case/ carton,N/A,N/A,N/A,N/A,N/A,N/A,N/A,N/A,N/A,N/A,N/A,1 Year,N/A,N/A,High-accuracy,N/A,N/A,N/A,N/A,N/A,N/A,100MM,N/A,N/A,N/A,N/A,N/A,N/A,N/A,N/A,N/A,Bitzer,N/A,N/A,N/A,N/A,N/A,N/A,380V/3P/50HZ or 60HZ,50X50X50 cm,N/A,-50℃ ~ +50℃,N/A,N/A,N/A,N/A,N/A,100MM,N/A,N/A,N/A,N/A,N/A,N/A,N/A,N/A,N/A,N/A,N/A,Single item,N/A,N/A,1 Year,Container,N/A,N/A,Provided,N/A,N/A,N/A,N/A,N/A,N/A,N/A,N/A,N/A,N/A,N/A,N/A,N/A,N/A,N/A,N/A,N/A,N/A,N/A,N/A,"Anhui, China",N/A,N/A,N/A,N/A,Fresh Keeping,N/A,N/A,N/A,N/A,N/A,N/A,N/A,N/A,Semi-hermetic,N/A,N/A,N/A,Provided,N/A,N/A,N/A,N/A,N/A,N/A,N/A,N/A,N/A,N/A,50ton,N/A,N/A,N/A,N/A,N/A,N/A,N/A,N/A,N/A,Bitzer
N/A,https://www.alibaba.com/product-detail/Good-Quality-EPS-Cement-Sandwich-Wall_62336755644.html?s=p,2025-02-19 15:16:44,N/A,N/A,≥1000N,N/A,N/A,N/A,N/A,N/A,N/A,N/A,N/A,N/A,N/A,N/A,insulated precast eps concrete cement sandwich wall panels,N/A,N/A,N/A,Hotel,N/A,N/A,N/A,N/A,N/A,N/A,N/A,N/A,N/A,N/A,N/A,N/A,"Online technical support, Onsite Installation, Onsite Training, Return and Replacement",N/A,N/A,N/A,N/A,N/A,N/A,EPS Sandwich cement panel,N/A,N/A,N/A,N/A,N/A,N/A,N/A,N/A,N/A,N/A,70.000 kg,Foshan/Guangzhou/Shenzhen,N/A,N/A,N/A,N/A,N/A,N/A,N/A,N/A,N/A,SANLE,N/A,N/A,N/A,600000 Square Meter/Square Meters per   Month,N/A,N/A,Eco-friendly Fireproof,N/A,Wooden pallet+ PE cover+corner protector,N/A,N/A,N/A,N/A,N/A,N/A,N/A,N/A,N/A,N/A,N/A,Lifetime,N/A,N/A,N/A,N/A,N/A,N/A,N/A,N/A,N/A,N/A,0.19 W(m.k),N/A,N/A,N/A,N/A,N/A,N/A,N/A,N/A,N/A,N/A,N/A,N/A,N/A,N/A,N/A,N/A,244X61X17 cm,N/A,N/A,N/A,N/A,N/A,N/A,N/A,N/A,N/A,N/A,"Guangdong, China",N/A,N/A,N/A,N/A,N/A,N/A,N/A,N/A,Single item,N/A,N/A,N/A,N/A,N/A,N/A,N/A,N/A,N/A,N/A,N/A,"graphic design, total solution for projects, Cross Categories Consolidation",Grade A,Nonmetal,N/A,N/A,N/A,N/A,N/A,N/A,N/A,N/A,N/A,CE ISO,All,N/A,N/A,N/A,N/A,N/A,N/A,N/A,Interior Wall Partition,N/A,<0.5 Mm/m,N/A,N/A,N/A,Calcium Silicate Board+EPS+cement,N/A,N/A,N/A,N/A,N/A,N/A,N/A,N/A,N/A,N/A,N/A,N/A,N/A,N/A,N/A,N/A,N/A,N/A,N/A,N/A,N/A,N/A,50/75/100/125/150mm/200mm,N/A,N/A,N/A,N/A,N/A
Best Quality China Manufacturer Pur Pir Puf Wall for Cold Room Storage Warehouse Pu Sandwich Panel,https://www.alibaba.com/product-detail/Best-Quality-China-Manufacturer-Pur-Pir_1600317700249.html,2025-02-19 15:16:58,N/A,N/A,N/A,N/A,N/A,N/A,N/A,N/A,N/A,N/A,N/A,N/A,N/A,N/A,18mm Decorative PU Polyurethane Sandwich Panel Insulation Panels,N/A,N/A,N/A,Office Building,N/A,N/A,N/A,N/A,N/A,Free,N/A,N/A,N/A,N/A,N/A,N/A,Online technical support,N/A,N/A,N/A,N/A,N/A,N/A,TR-PU-24,N/A,N/A,N/A,N/A,N/A,N/A,N/A,N/A,N/A,N/A,1.000 kg,N/A,N/A,N/A,N/A,N/A,N/A,N/A,N/A,N/A,N/A,TRUSUS,N/A,N/A,N/A,N/A,N/A,N/A,heat Insulation/easy installation,N/A,N/A,N/A,N/A,N/A,N/A,N/A,N/A,N/A,N/A,N/A,N/A,N/A,More than 5 years,N/A,N/A,N/A,N/A,N/A,N/A,N/A,N/A,N/A,N/A,N/A,N/A,N/A,Custimized Size,N/A,N/A,N/A,N/A,N/A,N/A,N/A,N/A,N/A,N/A,N/A,N/A,N/A,20X15X10 cm,N/A,N/A,N/A,N/A,N/A,N/A,N/A,N/A,N/A,N/A,China,N/A,N/A,N/A,N/A,N/A,N/A,N/A,N/A,Single item,N/A,N/A,N/A,N/A,N/A,N/A,N/A,N/A,N/A,N/A,N/A,total solution for projects,N/A,metal,N/A,N/A,N/A,N/A,N/A,N/A,N/A,N/A,N/A,ISO9001,Modern,N/A,N/A,N/A,N/A,N/A,N/A,N/A,N/A,N/A,N/A,N/A,N/A,N/A,Metal Color Steel Sheet+PU,40-45kg/m3,N/A,N/A,N/A,N/A,N/A,N/A,N/A,N/A,N/A,0.3-0.8mm,N/A,N/A,N/A,N/A,N/A,N/A,N/A,N/A,N/A,N/A,N/A,25-200mm,N/A,N/A,N/A,N/A,N/A
N/A,https://www.alibaba.com/product-detail/High-Quality-PU-PIR-Fireproof-Steel_1601244351080.html?s=p,2025-02-19 15:17:17,N/A,N/A,N/A,N/A,N/A,"Pressure vessel, motor, Bearing, Gear, Gearbox, PLC, Pump, Engine, Other",N/A,N/A,N/A,N/A,N/A,N/A,N/A,N/A,Cold room pu sandwich panel,2.4*2.4*2.4 m / customized,N/A,N/A,N/A,N/A,N/A,N/A,N/A,N/A,N/A,N/A,N/A,N/A,N/A,Sliding / Swing / Hinged Door,N/A,N/A,Overseas service center available,N/A,N/A,N/A,N/A,N/A,N/A,N/A,N/A,N/A,N/A,N/A,N/A,N/A,N/A,N/A,N/A,43.100 kg,N/A,N/A,N/A,N/A,BEIS,N/A,N/A,N/A,N/A,N/A,N/A,N/A,N/A,N/A,N/A,Insulation,N/A,N/A,N/A,N/A,N/A,N/A,N/A,N/A,N/A,N/A,N/A,N/A,N/A,N/A,N/A,one year,Polyurethane or rock wool,N/A,Competitive Price,N/A,N/A,N/A,N/A,N/A,N/A,100/150/200 mm,N/A,N/A,N/A,N/A,0.426/0.5/0.6/0.8mm,N/A,N/A,N/A,N/A,N/A,N/A,N/A,N/A,N/A,N/A,N/A,220 /380 /400V,590X122X10 cm,N/A,N/A,N/A,N/A,N/A,BP-046,N/A,N/A,N/A,N/A,N/A,N/A,N/A,N/A,10W,N/A,N/A,N/A,N/A,Single item,N/A,N/A,1 Year,Container,N/A,N/A,Provided,N/A,Color steel or stainless steel,N/A,N/A,N/A,N/A,N/A,N/A,N/A,N/A,N/A,N/A,N/A,N/A,N/A,N/A,N/A,N/A,N/A,N/A,"Shanghai, China",N/A,N/A,N/A,N/A,cold room / cold storage,N/A,N/A,N/A,N/A,N/A,N/A,N/A,N/A,N/A,N/A,N/A,N/A,Provided,N/A,43,N/A,N/A,N/A,N/A,N/A,N/A,N/A,N/A,N/A,N/A,N/A,N/A,N/A,N/A,N/A,N/A,N/A,N/A,Copeland
N/A,https://www.alibaba.com/product-detail/Sandwich-PU-PIR-Panel-for-Cold_1601082060353.html,2025-02-19 15:17:35,N/A,N/A,N/A,N/A,N/A,N/A,N/A,N/A,N/A,N/A,N/A,N/A,N/A,N/A,N/A,N/A,N/A,N/A,cold room,N/A,N/A,N/A,N/A,N/A,N/A,N/A,N/A,N/A,N/A,N/A,N/A,"Online technical support, Onsite Installation, Free spare parts",N/A,N/A,N/A,N/A,N/A,"Sandwich PU Panel for Cold Storage, PIR Panel for Cold Room",PU Sandwich Panel,N/A,N/A,N/A,N/A,N/A,N/A,N/A,N/A,N/A,N/A,60.000 kg,N/A,Stainless steel or color steel,N/A,N/A,N/A,N/A,N/A,N/A,N/A,N/A,OnlyKem,N/A,N/A,N/A,N/A,N/A,N/A,N/A,N/A,N/A,N/A,N/A,N/A,N/A,N/A,N/A,N/A,N/A,N/A,Wood container packing or as customer's requirement,N/A,1 Year,N/A,N/A,N/A,N/A,N/A,N/A,-45℃-+20℃,N/A,N/A,N/A,N/A,N/A,N/A,N/A,N/A,N/A,N/A,N/A,N/A,N/A,N/A,N/A,N/A,N/A,N/A,N/A,N/A,60X60X60 cm,N/A,N/A,N/A,N/A,40-42kg/cbm,N/A,N/A,N/A,0.426mm-0.5mm sandwich panel,"white,blue,optional","Shandong, China",N/A,N/A,N/A,N/A,N/A,N/A,N/A,N/A,Single item,N/A,N/A,N/A,N/A,N/A,N/A,N/A,N/A,N/A,N/A,N/A,3D model design,N/A,Nonmetal,N/A,N/A,N/A,N/A,N/A,N/A,N/A,N/A,N/A,N/A,Industrial,N/A,N/A,N/A,N/A,1000/1120mm,N/A,N/A,N/A,B1 grade,N/A,N/A,N/A,N/A,N/A,N/A,N/A,N/A,N/A,N/A,N/A,N/A,N/A,N/A,N/A,N/A,"50mm,75mm,100mm,120mm,150mm",N/A,N/A,N/A,N/A,N/A,N/A,N/A,N/A,N/A,N/A,N/A,N/A,N/A,N/A,N/A,N/A
Chinese Manufacturer Wholesale Sectional 40mm 50mm Sandwich Panel Steel PU Foam Overhead Insulated Garage Door Panels for Villa,https://www.alibaba.com/product-detail/Chinese-Manufacturer-Wholesale-Sectional-40mm-50mm_1600940691665.html?s=p,2025-02-19 15:17:57,N/A,N/A,N/A,N/A,N/A,N/A,N/A,N/A,N/A,N/A,N/A,N/A,N/A,N/A,Garage Door Panel,N/A,N/A,N/A,Villa,N/A,N/A,N/A,N/A,N/A,N/A,R-value 13.73,N/A,N/A,N/A,N/A,N/A,"Online technical support, Onsite Installation, Onsite Training, Onsite Inspection, Free spare parts, Return and Replacement",N/A,Class 3,N/A,N/A,N/A,N/A,SF40S/SF40/SN40/SN50D,N/A,N/A,N/A,Finished,Electric Side Opening,N/A,N/A,N/A,43-45kg/m3,N/A,10.000 kg,N/A,N/A,N/A,N/A,N/A,N/A,N/A,N/A,Polymer,N/A,Master Well,N/A,N/A,N/A,N/A,Waterproof,N/A,N/A,N/A,N/A,N/A,N/A,N/A,N/A,N/A,N/A,N/A,N/A,N/A,N/A,N/A,5 years,N/A,N/A,N/A,N/A,N/A,N/A,N/A,Galvanized Steel,N/A,N/A,N/A,N/A,N/A,Customized Size,N/A,N/A,N/A,N/A,N/A,N/A,N/A,N/A,N/A,N/A,N/A,N/A,N/A,50X50X0.4 cm,N/A,N/A,N/A,N/A,N/A,N/A,N/A,N/A,N/A,Customized Color,"Jiangsu, China",N/A,N/A,N/A,N/A,N/A,N/A,N/A,N/A,Single item,N/A,N/A,N/A,N/A,N/A,N/A,N/A,N/A,N/A,N/A,N/A,graphic design,N/A,N/A,N/A,N/A,N/A,N/A,N/A,N/A,N/A,N/A,N/A,"CE, ISO9001",Modern,N/A,Manufacturer and trader,N/A,N/A,N/A,N/A,N/A,N/A,N/A,N/A,N/A,N/A,N/A,Galvanized Steel + PU foaming,N/A,Since 2009,N/A,N/A,N/A,N/A,N/A,N/A,N/A,N/A,N/A,N/A,N/A,N/A,N/A,N/A,N/A,N/A,N/A,N/A,N/A,N/A,N/A,N/A,N/A,N/A,N/A,N/A
Archi Insulated Cold Storage Sandwich Panel Price Pir Pu Polyurethane Sandwich Cold Room Panels,https://www.alibaba.com/product-detail/Archi-Insulated-Cold-Storage-Sandwich-Panel_11000014640405.html,2025-02-19 15:18:06,N/A,N/A,N/A,N/A,N/A,N/A,N/A,N/A,N/A,N/A,N/A,N/A,N/A,N/A,N/A,N/A,N/A,N/A,N/A,N/A,N/A,N/A,N/A,N/A,N/A,N/A,N/A,N/A,N/A,N/A,N/A,N/A,N/A,N/A,N/A,N/A,N/A,N/A,N/A,N/A,N/A,N/A,N/A,N/A,N/A,N/A,N/A,N/A,N/A,N/A,N/A,N/A,N/A,N/A,N/A,N/A,N/A,N/A,N/A,N/A,N/A,N/A,N/A,N/A,N/A,N/A,N/A,N/A,N/A,N/A,N/A,N/A,N/A,N/A,N/A,N/A,N/A,N/A,N/A,N/A,N/A,N/A,N/A,N/A,N/A,N/A,N/A,N/A,N/A,N/A,N/A,N/A,N/A,N/A,N/A,N/A,N/A,N/A,N/A,N/A,N/A,N/A,N/A,N/A,N/A,N/A,N/A,N/A,N/A,N/A,N/A,N/A,N/A,N/A,N/A,N/A,N/A,N/A,N/A,N/A,N/A,N/A,N/A,N/A,N/A,N/A,N/A,N/A,N/A,N/A,N/A,N/A,N/A,N/A,N/A,N/A,N/A,N/A,N/A,N/A,N/A,N/A,N/A,N/A,N/A,N/A,N/A,N/A,N/A,N/A,N/A,N/A,N/A,N/A,N/A,N/A,N/A,N/A,N/A,N/A,N/A,N/A,N/A,N/A,N/A,N/A,N/A,N/A,N/A,N/A,N/A,N/A,N/A,N/A,N/A,N/A,N/A,N/A,N/A,N/A,N/A,N/A,N/A,N/A,N/A,N/A,N/A,N/A,N/A,N/A,N/A,N/A,N/A,N/A,N/A,N/A,N/A
Insulated Cold Storage Sandwich Panel Price Pir Pu Polyurethane Sandwich Cold Room Panels BEIS,https://www.alibaba.com/product-detail/Insulated-Cold-Storage-Sandwich-Panel-Price_1601243848269.html?s=p,2025-02-19 15:18:49,N/A,N/A,N/A,N/A,N/A,"Pressure vessel, motor, Bearing, Gear, Gearbox, PLC, Pump, Engine, Other",N/A,N/A,N/A,N/A,N/A,N/A,N/A,N/A,Cold room pu sandwich panel,2.4*2.4*2.4 m / customized,N/A,N/A,N/A,N/A,N/A,N/A,N/A,N/A,N/A,N/A,N/A,N/A,N/A,Sliding / Swing / Hinged Door,N/A,N/A,Overseas service center available,N/A,N/A,N/A,N/A,N/A,N/A,N/A,N/A,N/A,N/A,N/A,N/A,N/A,N/A,N/A,N/A,43.000 kg,N/A,N/A,N/A,N/A,BEIS,N/A,N/A,N/A,N/A,N/A,N/A,N/A,N/A,N/A,N/A,Insulation,N/A,N/A,N/A,N/A,N/A,N/A,N/A,N/A,N/A,N/A,N/A,N/A,N/A,N/A,N/A,one year,Polyurethane or rock wool,N/A,Competitive Price,N/A,N/A,N/A,N/A,N/A,N/A,100/150/200 mm,N/A,N/A,N/A,N/A,0.426/0.5/0.6/0.8mm,N/A,N/A,N/A,N/A,N/A,N/A,N/A,N/A,N/A,N/A,N/A,220 /380 /400V,590X122X10 cm,N/A,N/A,N/A,N/A,N/A,BP-041,N/A,N/A,N/A,N/A,N/A,N/A,N/A,N/A,10W,N/A,N/A,N/A,N/A,Single item,N/A,N/A,1 Year,Container,N/A,N/A,Provided,N/A,Color steel or stainless steel,N/A,N/A,N/A,N/A,N/A,N/A,N/A,N/A,N/A,N/A,N/A,N/A,N/A,N/A,N/A,N/A,N/A,N/A,"Shanghai, China",N/A,N/A,N/A,N/A,cold room / cold storage,N/A,N/A,N/A,N/A,N/A,N/A,N/A,N/A,N/A,N/A,N/A,N/A,Provided,N/A,43,N/A,N/A,N/A,N/A,N/A,N/A,N/A,N/A,N/A,N/A,N/A,N/A,N/A,N/A,N/A,N/A,N/A,N/A,Copeland
100mm Cold Room Freezer Refrigeration Storage Pu Sandwich Panel Polyurethane Foam Pu Insulation Panels,https://www.alibaba.com/product-detail/100mm-Cold-Room-Freezer-Refrigeration-Storage_1601047071018.html,2025-02-19 15:19:07,N/A,N/A,N/A,N/A,N/A,N/A,N/A,N/A,N/A,N/A,B1,N/A,N/A,N/A,Polyurethane wall sandwich panels,N/A,N/A,N/A,cold room,N/A,N/A,N/A,N/A,N/A,N/A,N/A,N/A,N/A,N/A,N/A,N/A,Online technical support,N/A,N/A,N/A,N/A,N/A,N/A,\,N/A,N/A,N/A,N/A,N/A,N/A,N/A,N/A,N/A,N/A,N/A,N/A,N/A,N/A,N/A,N/A,N/A,N/A,N/A,N/A,N/A,\,50mm/75mm/100mm/150mm/200mm/250mm,N/A,N/A,N/A,N/A,N/A,N/A,N/A,N/A,N/A,N/A,N/A,N/A,N/A,N/A,N/A,N/A,N/A,N/A,N/A,1 Year,N/A,N/A,N/A,N/A,N/A,N/A,N/A,N/A,N/A,N/A,N/A,N/A,N/A,N/A,N/A,N/A,N/A,N/A,N/A,N/A,N/A,N/A,N/A,N/A,N/A,N/A,N/A,N/A,N/A,N/A,N/A,N/A,N/A,N/A,N/A,N/A,N/A,"White, Grey, Red, Blue or customized","Henan, China",N/A,N/A,N/A,N/A,N/A,N/A,N/A,N/A,N/A,N/A,N/A,N/A,N/A,N/A,N/A,N/A,N/A,N/A,Customized design is welcomed.,N/A,Others,N/A,N/A,N/A,N/A,0~20m or Customerized,N/A,N/A,N/A,"PPGI,stainless steel,Aluminum,Aluminum foil",N/A,N/A,N/A,Traditional,N/A,N/A,N/A,N/A,N/A,N/A,N/A,N/A,N/A,N/A,N/A,N/A,N/A,N/A,N/A,N/A,N/A,N/A,N/A,Prepainted,N/A,N/A,N/A,N/A,N/A,N/A,N/A,1000mm/1120mm,N/A,N/A,N/A,N/A,0.35~0.8mm,N/A,N/A,N/A,N/A,N/A,N/A,N/A,N/A,N/A
N/A,https://www.alibaba.com/product-detail/High-Density-Cold-Room-Insulation-Panels_1601284817064.html?s=p,2025-02-19 15:19:28,N/A,N/A,N/A,N/A,N/A,"Pressure vessel, motor, Bearing, Gear, Gearbox, PLC, Other",N/A,N/A,N/A,N/A,N/A,N/A,N/A,N/A,N/A,Custom size,N/A,N/A,N/A,N/A,N/A,N/A,N/A,N/A,N/A,N/A,N/A,N/A,N/A,N/A,N/A,Online technical support,N/A,N/A,N/A,N/A,N/A,N/A,N/A,N/A,N/A,N/A,N/A,N/A,N/A,N/A,HInged door/Sliding door,N/A,N/A,85.000 kg,N/A,N/A,Customized Length,N/A,HUGECOOL,N/A,N/A,N/A,N/A,N/A,N/A,N/A,N/A,N/A,N/A,N/A,N/A,N/A,N/A,N/A,N/A,N/A,N/A,N/A,N/A,N/A,N/A,N/A,N/A,N/A,N/A,N/A,N/A,N/A,Easy to Operate,N/A,N/A,N/A,N/A,N/A,N/A,N/A,N/A,N/A,N/A,N/A,N/A,N/A,N/A,N/A,N/A,N/A,N/A,N/A,N/A,N/A,N/A,Cam-lock/Plug,"220V, 380V, 440V",10X10X15 cm,N/A,N/A,N/A,N/A,N/A,N/A,N/A,N/A,N/A,N/A,N/A,N/A,N/A,N/A,1.35KW,N/A,N/A,N/A,N/A,Single item,N/A,N/A,1 Year,Container,N/A,N/A,Provided,N/A,N/A,N/A,N/A,N/A,N/A,Color steel,N/A,N/A,N/A,N/A,N/A,N/A,N/A,N/A,N/A,N/A,N/A,Cold room insulation,N/A,"Shandong, China",N/A,960mm 1120mm,B1 /B2 Grade OPTIONAL,N/A,N/A,N/A,N/A,N/A,N/A,N/A,N/A,N/A,N/A,N/A,N/A,N/A,N/A,Provided,N/A,N/A,N/A,0.4-0.6mm,N/A,N/A,N/A,N/A,N/A,N/A,N/A,N/A,N/A,N/A,N/A,50/75/100/120/150/200mm,N/A,N/A,N/A,N/A,"Copeland, Bitzer"
N/A,https://www.alibaba.com/product-detail/New-Products-Insulated-Sandwich-Cold-Room_1600928448868.html,2025-02-19 15:19:36,N/A,N/A,N/A,N/A,N/A,N/A,N/A,N/A,N/A,N/A,N/A,N/A,N/A,N/A,N/A,N/A,N/A,N/A,N/A,N/A,N/A,N/A,N/A,N/A,N/A,N/A,N/A,N/A,N/A,N/A,N/A,N/A,N/A,N/A,N/A,N/A,N/A,N/A,N/A,N/A,N/A,N/A,N/A,N/A,N/A,N/A,N/A,N/A,N/A,N/A,N/A,N/A,N/A,N/A,N/A,N/A,N/A,N/A,N/A,N/A,N/A,N/A,N/A,N/A,N/A,N/A,N/A,N/A,N/A,N/A,N/A,N/A,N/A,N/A,N/A,N/A,N/A,N/A,N/A,N/A,N/A,N/A,N/A,N/A,N/A,N/A,N/A,N/A,N/A,N/A,N/A,N/A,N/A,N/A,N/A,N/A,N/A,N/A,N/A,N/A,N/A,N/A,N/A,N/A,N/A,N/A,N/A,N/A,N/A,N/A,N/A,N/A,N/A,N/A,N/A,N/A,N/A,N/A,N/A,N/A,N/A,N/A,N/A,N/A,N/A,N/A,N/A,N/A,N/A,N/A,N/A,N/A,N/A,N/A,N/A,N/A,N/A,N/A,N/A,N/A,N/A,N/A,N/A,N/A,N/A,N/A,N/A,N/A,N/A,N/A,N/A,N/A,N/A,N/A,N/A,N/A,N/A,N/A,N/A,N/A,N/A,N/A,N/A,N/A,N/A,N/A,N/A,N/A,N/A,N/A,N/A,N/A,N/A,N/A,N/A,N/A,N/A,N/A,N/A,N/A,N/A,N/A,N/A,N/A,N/A,N/A,N/A,N/A,N/A,N/A,N/A,N/A,N/A,N/A,N/A,N/A,N/A
N/A,https://www.alibaba.com/product-detail/PU-Sandwich-Panels-Polyurethane-Foam-PUR_1601257098612.html,2025-02-19 15:19:54,N/A,N/A,N/A,N/A,N/A,N/A,N/A,Q235,N/A,N/A,N/A,N/A,N/A,N/A,Sandwich Panel,N/A,N/A,N/A,Building roof and wall cladding,N/A,N/A,N/A,N/A,N/A,N/A,N/A,N/A,N/A,N/A,N/A,N/A,N/A,N/A,N/A,"Cutting, Punching",N/A,N/A,N/A,50mm/75mm/100mm/150mm or at request,N/A,N/A,N/A,N/A,N/A,N/A,AiSi,N/A,N/A,40-275g/m2,N/A,N/A,N/A,customized,N/A,N/A,N/A,"Easy Operation, fire-proof, energy effective","EPS, Rockwool, Glasswool, PU, V1150",N/A,N/A,Sanjuyuan,N/A,N/A,N/A,N/A,N/A,N/A,N/A,N/A,N/A,N/A,N/A,N/A,N/A,N/A,N/A,N/A,N/A,N/A,N/A,N/A,N/A,N/A,N/A,N/A,N/A,N/A,N/A,N/A,N/A,N/A,N/A,N/A,N/A,N/A,N/A,N/A,N/A,N/A,N/A,N/A,N/A,N/A,N/A,N/A,Z10-Z29,N/A,N/A,N/A,N/A,N/A,N/A,N/A,N/A,N/A,N/A,N/A,N/A,N/A,"White, blue, red, green, grey, customized","Hebei, China",N/A,N/A,N/A,N/A,N/A,N/A,N/A,N/A,N/A,N/A,±1%,N/A,N/A,N/A,N/A,N/A,N/A,N/A,N/A,N/A,N/A,N/A,N/A,N/A,N/A,N/A,N/A,customized,N/A,N/A,N/A,N/A,ISO9001,N/A,N/A,N/A,N/A,N/A,customized,N/A,N/A,N/A,N/A,N/A,N/A,N/A,N/A,"Q235B EH32,EH36 CCS-A,CCS-B,CCSA,CCSB,CCS,CCSD,CCS",N/A,N/A,N/A,Hard,N/A,N/A,N/A,N/A,N/A,N/A,N/A,N/A,N/A,N/A,N/A,N/A,negotiation,N/A,N/A,N/A,N/A,N/A,0.18-1.5mm,N/A,N/A,N/A,N/A,N/A
coolrooms cold room storage Cold Room PU Cold Storage Board,https://www.alibaba.com/product-detail/coolrooms-cold-room-storage-Cold-Room_1600057623395.html,2025-02-19 15:20:15,N/A,N/A,N/A,N/A,N/A,compressor,N/A,N/A,N/A,N/A,N/A,N/A,N/A,N/A,N/A,N/A,New,Ordinary Product,Cold storage,"Video technical support, Spare parts, Field maintenance and repair service",N/A,N/A,N/A,N/A,N/A,N/A,N/A,N/A,N/A,N/A,N/A,N/A,"Free spare parts, Field installation, commissioning and training, Field maintenance and repair service, Video technical support, Online support",N/A,N/A,1 Year,N/A,N/A,N/A,"ISO9001,CQC",N/A,N/A,N/A,N/A,N/A,N/A,N/A,N/A,N/A,N/A,Shanghai/Guangzhou/Ningbo/Tsingtao/Tianjin/Dalian,N/A,Customized,N/A,WH,N/A,N/A,N/A,N/A,N/A,N/A,N/A,N/A,N/A,1000000 Square Meter/Square Meters per   Month,N/A,N/A,Easy Install,"hotels, Garment Shops, Machinery Repair Shops, Manufacturing Plant, Food & Beverage Factory, Farms, Restaurant, Retail, Food Shop, Construction works , Energy & Mining, Food & Beverage Shops, Advertising Company",Each panel covered by PVC protection filmPanels alltogether packed on palletPU Panels packed with double,N/A,N/A,N/A,N/A,N/A,N/A,N/A,Color Steel/Stainless Steel/Galvanized,N/A,N/A,N/A,N/A,N/A,N/A,Sustainable,Polyurethane,N/A,N/A,N/A,N/A,N/A,N/A,N/A,N/A,N/A,N/A,N/A,N/A,N/A,N/A,N/A,N/A,N/A,N/A,N/A,N/A,N/A,N/A,N/A,N/A,N/A,-45℃ ~ +20℃,N/A,N/A,N/A,N/A,N/A,"100MM, 200mm, 120mm, 75mm, Other, 50MM, 150mm",N/A,N/A,N/A,N/A,N/A,N/A,N/A,N/A,N/A,N/A,N/A,N/A,N/A,N/A,3 years,N/A,N/A,N/A,Provided,N/A,N/A,N/A,None,N/A,N/A,N/A,N/A,42,N/A,N/A,N/A,N/A,N/A,N/A,N/A,N/A,N/A,N/A,N/A,"Anhui, China",N/A,1160mm,N/A,N/A,N/A,N/A,N/A,N/A,N/A,N/A,N/A,N/A,N/A,N/A,N/A,N/A,N/A,Not Available,N/A,N/A,N/A,N/A,N/A,N/A,N/A,N/A,N/A,N/A,50ton,N/A,N/A,N/A,N/A,50mm,N/A,None,N/A,N/A,Bitzer
Modern Design Top-Grade PU/PIR/Polyurethane Cold Storage Panels Energy Efficient Metal Sandwich Panels for Cold Rooms,https://www.alibaba.com/product-detail/Modern-Design-Top-Grade-PU-PIR_1601260179847.html,2025-02-19 15:20:32,N/A,N/A,N/A,N/A,N/A,N/A,N/A,N/A,N/A,N/A,N/A,N/A,N/A,N/A,PU/PUF/PIR/PUR Foam Insulation Sandwich Panel,N/A,N/A,N/A,Cold Storage/Cool room/Cold Room/Freezer,N/A,N/A,N/A,N/A,N/A,N/A,N/A,N/A,N/A,N/A,N/A,N/A,"Online technical support, Onsite Installation, Onsite Training",N/A,N/A,N/A,N/A,N/A,N/A,50/75/100/150/200/250mm,"CE,ISO",N/A,N/A,N/A,N/A,N/A,N/A,N/A,N/A,N/A,2.000 kg,N/A,N/A,Max 11.8m,N/A,N/A,N/A,N/A,N/A,N/A,N/A,headstream,N/A,N/A,N/A,N/A,N/A,N/A,N/A,N/A,N/A,N/A,N/A,N/A,N/A,N/A,N/A,N/A,N/A,N/A,N/A,N/A,5 years,N/A,N/A,N/A,PU/PUR/PIR,N/A,N/A,N/A,N/A,N/A,N/A,N/A,N/A,N/A,N/A,N/A,N/A,N/A,N/A,N/A,N/A,N/A,N/A,N/A,N/A,N/A,N/A,N/A,30X20X10 cm,N/A,N/A,N/A,N/A,40--45kg/m3,N/A,N/A,N/A,N/A,Ral color,"Shandong, China",N/A,N/A,N/A,N/A,N/A,N/A,N/A,N/A,Single item,N/A,N/A,N/A,N/A,N/A,N/A,N/A,N/A,N/A,N/A,N/A,"graphic design, 3D model design, total solution for projects, Cross Categories Consolidation",N/A,metal,N/A,N/A,N/A,N/A,N/A,N/A,N/A,N/A,N/A,N/A,Modern,N/A,N/A,N/A,N/A,N/A,N/A,N/A,N/A,N/A,N/A,N/A,N/A,0.4-0.7mm,N/A,N/A,N/A,N/A,N/A,N/A,N/A,N/A,N/A,N/A,50/75/100/120/ 150/200mm,N/A,N/A,N/A,930/1000/1120mm,N/A,N/A,N/A,N/A,N/A,N/A,N/A,N/A,N/A,N/A,N/A,N/A,N/A,N/A
Cold Storage Room With PU Insulated Calmlock Sandwich Panel Cold Room Panel,https://www.alibaba.com/product-detail/Cold-Storage-Room-With-PU-Insulated_1601283818594.html,2025-02-19 15:20:50,N/A,N/A,N/A,45 KGS per cubic meter,N/A,"motor, Compressor, Sandwich Panel, Evaporator, Expansion Valve",N/A,N/A,N/A,N/A,N/A,N/A,N/A,N/A,N/A,Customazition,N/A,N/A,N/A,N/A,N/A,N/A,N/A,N/A,N/A,N/A,N/A,N/A,N/A,N/A,N/A,N/A,N/A,N/A,N/A,N/A,N/A,N/A,N/A,N/A,N/A,N/A,N/A,N/A,N/A,N/A,N/A,N/A,N/A,1000.000 kg,N/A,N/A,N/A,N/A,YangChuan,N/A,N/A,N/A,N/A,N/A,N/A,N/A,N/A,R22/R404a,N/A,N/A,N/A,N/A,N/A,N/A,N/A,N/A,N/A,N/A,N/A,N/A,N/A,N/A,N/A,N/A,N/A,N/A,N/A,N/A,Customazition,N/A,N/A,N/A,N/A,N/A,N/A,N/A,N/A,N/A,Food Fresh,N/A,N/A,N/A,N/A,N/A,N/A,N/A,Quick-freezing,N/A,N/A,N/A,Water cooled or air cooled,N/A,220v-380V,3X2.3X2.5 cm,N/A,N/A,Build Cold Room Freezers,N/A,N/A,N/A,N/A,N/A,N/A,N/A,N/A,N/A,N/A,N/A,N/A,N/A,N/A,With drawing,Cam lock system,Single item,N/A,N/A,3 years,Customazition,N/A,N/A,Provided,N/A,N/A,N/A,N/A,N/A,N/A,N/A,N/A,N/A,N/A,N/A,N/A,N/A,N/A,N/A,"CE,ISO9001",N/A,N/A,N/A,N/A,"Jiangsu, China",Condenser Etc,N/A,N/A,N/A,N/A,N/A,N/A,N/A,N/A,N/A,N/A,N/A,N/A,N/A,N/A,N/A,N/A,Provided,N/A,N/A,N/A,N/A,N/A,N/A,N/A,N/A,N/A,N/A,N/A,N/A,N/A,N/A,N/A,N/A,N/A,N/A,N/A,N/A,"Copeland, Bitzer, Emerson"
N/A,https://www.alibaba.com/product-detail/High-Quality-Cold-Storage-Panels-Warehouse_1601162099723.html,2025-02-19 15:21:06,N/A,N/A,N/A,N/A,N/A,N/A,N/A,N/A,N/A,N/A,N/A,N/A,N/A,N/A,N/A,N/A,N/A,N/A,Commercial,N/A,N/A,N/A,N/A,N/A,N/A,N/A,N/A,N/A,N/A,N/A,Sliding,"Online technical support, Onsite Installation, Onsite Training, Onsite Inspection, Free spare parts, Return and Replacement, Other",N/A,N/A,N/A,N/A,N/A,N/A,Customized,N/A,N/A,N/A,N/A,N/A,PU Cold Room Storage Insulation Sandwich Board Panel Panels,N/A,N/A,N/A,N/A,0.500 kg,N/A,N/A,N/A,N/A,N/A,Cam Lock,N/A,N/A,Hinged/Swing/Sliding Door,N/A,None,N/A,N/A,N/A,N/A,N/A,N/A,N/A,N/A,N/A,N/A,N/A,N/A,N/A,N/A,N/A,N/A,N/A,N/A,N/A,50/75/100/120/150/200mm,1 Year,N/A,N/A,N/A,N/A,N/A,N/A,N/A,N/A,N/A,N/A,N/A,N/A,N/A,N/A,0.426/0.5/0.6/0.8mm,N/A,N/A,N/A,N/A,N/A,N/A,N/A,N/A,N/A,N/A,N/A,N/A,50X50X12 cm,N/A,N/A,N/A,N/A,N/A,N/A,N/A,N/A,N/A,N/A,"Jiangsu, China",N/A,N/A,N/A,N/A,N/A,N/A,N/A,N/A,Single item,N/A,N/A,N/A,N/A,N/A,N/A,N/A,N/A,N/A,N/A,N/A,"graphic design, 3D model design, total solution for projects, Cross Categories Consolidation, NONE, Others",N/A,metal,N/A,N/A,N/A,N/A,N/A,N/A,N/A,Customized Size,N/A,ISO9001 CE,Traditional,N/A,N/A,N/A,N/A,N/A,N/A,N/A,N/A,N/A,N/A,N/A,N/A,N/A,Polyurethane Insulation Panels,N/A,N/A,N/A,N/A,N/A,N/A,N/A,N/A,N/A,N/A,N/A,N/A,N/A,N/A,N/A,N/A,N/A,N/A,N/A,N/A,N/A,N/A,N/A,N/A,N/A,N/A,N/A,N/A
