Product Title,Product URL,Date Scraped,Height,odor,Condition,Brand,Density at boiling point,weight (kg),Packing,SERVICE,Product Name,Flammability Range (in air),Origin,Packaging Details,Item,Business Type,UN No.,Complexion,Boiling point @101.325 kPa,Molecular weight,model number,NET WEIGHT,Water Solubility,Place of Origin,DELIVERY  TIME,Feature,Function,Selling Units:,Supply Ability,Thickness,Classification,Name,Quality,Surface finishing,Critical Density(g/m3),organic,grade,machinery test report,after-sales service provided,CONNECTION:,Volume,Model Number,"Boiling Point, °C",Packing Way,Purpose,operating language,Hazards,Purity,Moisture,Shape,Halocarbon global warming potential,Package,MOISTURE,Outer Diameter,Boiling Point ℃,video outgoing-inspection,Melting Point,Expiration Date,Molecular Weight,Sealing Type,Price,warranty,Single package size:,Ozone depletion potential,Color,OEM,Length,Single gross weight:,Service,Type,Weight,toxic,Shelf life,place of origin,Logo printing,application,Delivery time,Keywords,Delivery date,Refrigerant,Acidity,MF,Reference NO.,UN NO,"Boiling  Point,             C at 1013bar",Use,Application,Description,GWP,type,Model type,power source,Appearance,Critical   Pressure,Car Model,Auto-ignition temperature,Brand Name,feature,Boiling Point,Inner coating,brand name,Net weight,Working pressure,Chemical Name,Diameter,Tube material,Other Names,DOT Class,EINECS No.,Body thickness,Size,Printing,Critical   Temperature,Certification,OE NO.,Voltage,Odor,Molecular Mass,Metal Type,color,Boiling Point(1atm/℃),Model,ODP,Sample,logo/pattern,Cylinder Standard,Displacement,Carton,Chloride,Pressure,"Acidity, PPm",CAS No.,Grade,Wall thickness,condition,Surface Handling,Purity %,Certificate,customized support,Logo,Burst pressure,Product name,Critical   Pressure(Mpa),Usage,Port,After-sales Service Provided,Transport quantity,CAS,Industrial Use,Critical   Temperature C,Material,Keyword,Grade Standard,Printing Handling,Wall Thickness,Warranty,Other name,MOQ
Gases for Industrial Use,https://www.alibaba.com/product-detail/Gases-for-Industrial-Use_1601371739648.html,2025-02-19 16:53:59,N/A,N/A,N/A,N/A,N/A,N/A,N/A,N/A,N/A,N/A,N/A,N/A,N/A,N/A,N/A,N/A,N/A,N/A,N/A,N/A,N/A,N/A,N/A,N/A,N/A,N/A,N/A,N/A,N/A,N/A,N/A,N/A,N/A,N/A,N/A,N/A,N/A,N/A,N/A,N/A,N/A,N/A,N/A,N/A,N/A,N/A,N/A,N/A,N/A,N/A,N/A,N/A,N/A,N/A,N/A,N/A,N/A,N/A,N/A,N/A,N/A,N/A,N/A,N/A,N/A,N/A,N/A,N/A,N/A,N/A,N/A,N/A,N/A,N/A,N/A,N/A,N/A,N/A,N/A,N/A,N/A,N/A,N/A,N/A,N/A,N/A,N/A,N/A,N/A,N/A,N/A,N/A,N/A,N/A,N/A,N/A,N/A,N/A,N/A,N/A,N/A,N/A,N/A,N/A,N/A,N/A,N/A,N/A,N/A,N/A,N/A,N/A,N/A,N/A,N/A,N/A,N/A,N/A,N/A,N/A,N/A,N/A,N/A,N/A,N/A,N/A,N/A,N/A,N/A,N/A,N/A,N/A,N/A,N/A,N/A,N/A,N/A,N/A,N/A,N/A,N/A,N/A,N/A,N/A,N/A,N/A,N/A,N/A,N/A,N/A,N/A,N/A,N/A,N/A,N/A,N/A
"R-22 Gas for Sale, Premium-Grade Refrigerant for Air Conditioning Systems, Industrial Cooling Solutions",https://www.alibaba.com/product-detail/R-22-Gas-for-Sale-Premium_10000023751326.html,2025-02-19 16:54:06,N/A,N/A,N/A,Customer's Brand Accepted,N/A,N/A,Individual Packs,N/A,N/A,N/A,N/A,N/A,N/A,N/A,N/A,N/A,N/A,N/A,N/A,N/A,N/A,France,N/A,N/A,N/A,N/A,N/A,N/A,Alkene & Derivatives,N/A,High Quaiity,N/A,N/A,N/A,N/A,N/A,N/A,N/A,N/A,Refrigerant Gas,N/A,Customizable Packaging,N/A,N/A,N/A,99,N/A,N/A,N/A,N/A,N/A,N/A,N/A,N/A,N/A,N/A,N/A,N/A,N/A,N/A,N/A,N/A,N/A,N/A,N/A,N/A,OEM ODM,N/A,N/A,N/A,N/A,N/A,N/A,N/A,N/A,N/A,15-25 Days,N/A,N/A,562-92-3,N/A,N/A,N/A,N/A,Agriculture and industry,N/A,N/A,N/A,N/A,N/A,Liquid,N/A,N/A,N/A,Custom,N/A,N/A,N/A,N/A,N/A,N/A,N/A,N/A,N/A,Refrigerant Gas,N/A,/,N/A,N/A,N/A,N/A,N/A,N/A,N/A,N/A,N/A,N/A,N/A,N/A,N/A,N/A,N/A,N/A,N/A,N/A,N/A,N/A,N/A,N/A,/,N/A,N/A,N/A,N/A,N/A,N/A,N/A,N/A,N/A,Refrigerant Gas,N/A,N/A,N/A,N/A,N/A,N/A,N/A,N/A,N/A,N/A,"Agriculture Grade, Industrial Grade",N/A,N/A,N/A,N/A,N/A
N/A,https://www.alibaba.com/product-detail/Refrigerants-Gas-R132A-410A-R404A-R407A_11000019030566.html,2025-02-19 16:54:14,N/A,N/A,N/A,N/A,N/A,N/A,N/A,N/A,N/A,N/A,N/A,N/A,N/A,N/A,N/A,N/A,N/A,N/A,N/A,N/A,N/A,"Ankara, Turkey",N/A,N/A,N/A,N/A,N/A,N/A,refrigerant gas,N/A,N/A,N/A,N/A,N/A,N/A,N/A,N/A,N/A,N/A,refrigerant gas,N/A,N/A,N/A,N/A,N/A,100%,N/A,N/A,N/A,N/A,N/A,N/A,N/A,N/A,N/A,N/A,N/A,N/A,N/A,N/A,N/A,N/A,N/A,N/A,N/A,N/A,N/A,N/A,N/A,N/A,N/A,N/A,N/A,N/A,N/A,N/A,N/A,N/A,N/A,refrigerant gas,N/A,N/A,N/A,N/A,ac fridge,N/A,N/A,N/A,N/A,N/A,refrigerant gas,N/A,N/A,N/A,refrigerant gas,N/A,N/A,N/A,N/A,N/A,N/A,N/A,N/A,N/A,Ac gas,N/A,refrigerant gas,N/A,N/A,N/A,N/A,N/A,N/A,N/A,N/A,N/A,N/A,N/A,N/A,N/A,N/A,N/A,N/A,N/A,N/A,N/A,N/A,N/A,N/A,refrigerant gas,N/A,N/A,N/A,N/A,N/A,N/A,N/A,N/A,N/A,N/A,N/A,N/A,N/A,N/A,N/A,N/A,N/A,N/A,N/A,N/A,"Agriculture Grade, Electron Grade, Food Grade, Industrial Grade",N/A,N/A,N/A,N/A,N/A
134 High Quality Refrigerant Gas for air Conditioning 134A,https://www.alibaba.com/product-detail/134-High-Quality-Refrigerant-Gas-for_1601254496530.html,2025-02-19 16:54:22,N/A,N/A,N/A,N/A,N/A,N/A,N/A,N/A,N/A,N/A,N/A,N/A,N/A,N/A,N/A,N/A,N/A,N/A,N/A,N/A,N/A,"Guangdong, China",N/A,N/A,N/A,Single item,N/A,N/A,Alkyne & Derivatives,gas,N/A,N/A,N/A,N/A,N/A,N/A,N/A,N/A,N/A,134,N/A,N/A,N/A,N/A,N/A,99.9%,N/A,N/A,N/A,Carton Box,N/A,N/A,N/A,N/A,N/A,N/A,N/A,N/A,N/A,N/A,24.5X24.5X42.5 cm,N/A,Colerless,N/A,N/A,16.600 kg,N/A,N/A,N/A,N/A,N/A,N/A,N/A,N/A,N/A,N/A,N/A,N/A,N/A,CH2,N/A,N/A,N/A,N/A,cooling,N/A,N/A,N/A,N/A,N/A,colorness,N/A,N/A,N/A,CM,N/A,N/A,N/A,N/A,13.6,N/A,N/A,N/A,N/A,gas,N/A,234,N/A,N/A,N/A,N/A,N/A,N/A,N/A,N/A,N/A,N/A,N/A,N/A,N/A,N/A,N/A,N/A,N/A,N/A,N/A,N/A,N/A,N/A,354-44,N/A,N/A,N/A,N/A,99.9min,N/A,N/A,N/A,N/A,N/A,N/A,HVAC Systerm,N/A,N/A,N/A,N/A,N/A,N/A,N/A,N/A,"Agriculture Grade, Industrial Grade, Reagent Grade",N/A,N/A,N/A,N/A,1 Cylinder
"R134a Refrigerant Gas Price ,good Sales in Market",https://www.alibaba.com/product-detail/R134a-Refrigerant-Gas-Price-good-Sales_1600465528156.html,2025-02-19 16:54:40,N/A,N/A,N/A,N/A,N/A,N/A,Disposable Cylinder 30lb/13.6kg,N/A,N/A,N/A,N/A,N/A,N/A,N/A,N/A,N/A,N/A,102.0,N/A,N/A,N/A,China,N/A,N/A,N/A,N/A,N/A,N/A,Alkyl & Derivatives,Competitive Refrigerant R134a Gas,N/A,N/A,N/A,N/A,N/A,N/A,N/A,N/A,N/A,R134a,N/A,N/A,N/A,N/A,N/A,99.99%,N/A,N/A,N/A,N/A,N/A,N/A,N/A,N/A,N/A,N/A,N/A,N/A,N/A,N/A,N/A,N/A,Colorless Refrigerant,N/A,N/A,N/A,N/A,Eco-friendly Refrigerant,N/A,N/A,N/A,N/A,N/A,N/A,N/A,134a Refrigerant,N/A,N/A,N/A,C4H10,N/A,N/A,N/A,N/A,"Refrigerant,can replace",N/A,1300,N/A,N/A,N/A,"Colorless, No turbid",N/A,N/A,N/A,N/A,N/A,26.1,N/A,N/A,N/A,N/A,N/A,N/A,N/A,R134a refrigerant,N/A,200-891-8,N/A,N/A,N/A,101.1,N/A,N/A,N/A,N/A,N/A,N/A,N/A,N/A,N/A,N/A,N/A,N/A,N/A,N/A,N/A,N/A,N/A,N/A,75-28-5,N/A,N/A,N/A,N/A,N/A,N/A,N/A,N/A,N/A,High Purity Refrigerant Gas R134a,N/A,N/A,N/A,N/A,N/A,N/A,N/A,N/A,N/A,N/A,N/A,N/A,N/A,N/A,N/A,N/A
Manufacturers Direct Sales of High Quality Refrigerant Gas,https://www.alibaba.com/product-detail/Manufacturers-Direct-Sales-of-High-Quality_1601243478867.html,2025-02-19 16:55:45,N/A,N/A,N/A,N/A,N/A,N/A,Disposable Cylinder 30lb/13.6kg,N/A,N/A,N/A,N/A,N/A,N/A,N/A,N/A,N/A,N/A,N/A,N/A,N/A,N/A,"Shandong, China",N/A,N/A,N/A,Single item,N/A,N/A,hydrocarbon,N/A,N/A,N/A,N/A,N/A,N/A,N/A,N/A,N/A,N/A,Refrigerant Gas,N/A,N/A,N/A,N/A,N/A,99.99%,N/A,N/A,N/A,N/A,N/A,N/A,N/A,N/A,N/A,N/A,N/A,N/A,N/A,N/A,XX cm,N/A,Colorless Refrigerant,N/A,N/A,kg,N/A,Eco-friendly Refrigerant,N/A,N/A,N/A,N/A,N/A,N/A,N/A,N/A,N/A,N/A,N/A,01,N/A,N/A,N/A,N/A,Refrigerant Gas,N/A,1300,N/A,N/A,N/A,N/A,N/A,N/A,N/A,Bx,N/A,N/A,N/A,N/A,N/A,N/A,N/A,N/A,N/A,Refrigerant Gas,N/A,01,N/A,N/A,N/A,N/A,N/A,N/A,N/A,N/A,N/A,N/A,N/A,N/A,N/A,N/A,N/A,N/A,N/A,N/A,N/A,N/A,N/A,N/A,01,N/A,N/A,N/A,N/A,N/A,N/A,N/A,N/A,N/A,N/A,N/A,N/A,N/A,N/A,N/A,N/A,N/A,N/A,N/A,N/A,Agriculture Grade,N/A,N/A,N/A,N/A,N/A
Coolmax New New Materials  R404a Refrigerant Gas 10.9kg  99.9% Purity for Car Air Conditioner Refrigerant for Auto Ac Systems,https://www.alibaba.com/product-detail/Coolmax-New-New-Materials-R404a-Refrigerant_1601270209081.html,2025-02-19 16:55:53,N/A,N/A,New,N/A,N/A,N/A,N/A,N/A,Refrigerant Gas R404A,N/A,N/A,N/A,N/A,N/A,N/A,N/A,N/A,N/A,N/A,N/A,N/A,"Guangdong, China",N/A,N/A,N/A,Single item,N/A,N/A,N/A,N/A,High-Quality,N/A,N/A,N/A,N/A,N/A,N/A,N/A,N/A,N/A,N/A,N/A,for replace/repair,N/A,N/A,99.99%,N/A,N/A,N/A,N/A,N/A,N/A,N/A,N/A,N/A,N/A,N/A,N/A,N/A,N/A,XX cm,N/A,Original Color,N/A,N/A,kg,N/A,Refrigerant Gas,N/A,N/A,N/A,N/A,N/A,N/A,7-15 Days,N/A,N/A,N/A,N/A,N/A,/,N/A,N/A,N/A,Car Air Conditioning System,N/A,N/A,N/A,N/A,N/A,cylinder,N/A,universal,N/A,Coolmax,N/A,N/A,N/A,N/A,10.9KG,N/A,N/A,N/A,N/A,N/A,N/A,N/A,N/A,10.9KG,N/A,N/A,N/A,NA,N/A,N/A,N/A,N/A,N/A,N/A,404A,N/A,N/A,N/A,N/A,N/A,N/A,N/A,N/A,N/A,N/A,N/A,N/A,N/A,N/A,N/A,N/A,N/A,N/A,N/A,N/A,N/A,N/A,N/A,N/A,N/A,N/A,N/A,N/A,N/A,N/A,N/A,N/A,N/A,1 Year,N/A,N/A
R404 Hot Sale R404 13.6kg Refrigerant Gas 99.9% Purity for Air Conditioner and Refrigerator,https://www.alibaba.com/product-detail/R404-Hot-Sale-R404-13-6kg_1601260901820.html,2025-02-19 16:56:01,N/A,N/A,N/A,N/A,N/A,N/A,N/A,N/A,N/A,N/A,N/A,N/A,N/A,N/A,N/A,N/A,N/A,N/A,N/A,N/A,N/A,"Shandong, China",N/A,N/A,N/A,Single item,N/A,N/A,N/A,N/A,N/A,N/A,N/A,N/A,N/A,N/A,N/A,N/A,N/A,refrigerant,N/A,N/A,N/A,N/A,N/A,N/A,N/A,N/A,N/A,N/A,N/A,N/A,N/A,N/A,N/A,N/A,N/A,N/A,N/A,N/A,25X25X45 cm,N/A,N/A,N/A,N/A,17.000 kg,N/A,N/A,N/A,N/A,N/A,N/A,N/A,N/A,N/A,N/A,N/A,N/A,N/A,N/A,N/A,N/A,N/A,refrigerant,N/A,N/A,N/A,N/A,N/A,N/A,N/A,N/A,N/A,N/A,Goldsail gas,N/A,N/A,N/A,N/A,N/A,N/A,N/A,N/A,N/A,N/A,N/A,N/A,N/A,N/A,N/A,N/A,N/A,N/A,N/A,N/A,N/A,N/A,N/A,N/A,N/A,N/A,N/A,N/A,N/A,N/A,N/A,N/A,High,N/A,N/A,N/A,N/A,N/A,N/A,N/A,N/A,N/A,N/A,N/A,N/A,N/A,N/A,N/A,N/A,N/A,N/A,N/A,N/A,Steel,N/A,N/A,N/A,N/A,N/A,N/A,N/A
R134a Refrigerant Auto Ac air Conditioning Refrigerant Gas Supply / 12kg R134a Refrigerant Gas Professional Manufacture,https://www.alibaba.com/product-detail/R134a-Refrigerant-Auto-Ac-air-Conditioning_11000021359003.html,2025-02-19 16:57:05,N/A,N/A,N/A,N/A,N/A,N/A,N/A,N/A,N/A,N/A,N/A,N/A,N/A,N/A,N/A,N/A,N/A,N/A,r134a gas,N/A,N/A,N/A,N/A,N/A,Mulit-purpose,N/A,N/A,N/A,N/A,N/A,N/A,N/A,N/A,N/A,DIY,N/A,N/A,N/A,N/A,N/A,N/A,N/A,N/A,N/A,N/A,N/A,N/A,N/A,N/A,N/A,N/A,N/A,N/A,N/A,N/A,N/A,N/A,N/A,N/A,3 years,N/A,N/A,N/A,N/A,N/A,N/A,N/A,Hand-operated Manual,N/A,N/A,N/A,"New York, United States",N/A,N/A,N/A,r134a gas,N/A,N/A,N/A,N/A,N/A,N/A,N/A,N/A,Multi Functional,N/A,N/A,N/A,N/A,N/A,N/A,N/A,N/A,N/A,N/A,N/A,N/A,N/A,Custom,N/A,N/A,N/A,N/A,N/A,N/A,N/A,N/A,N/A,N/A,N/A,N/A,N/A,N/A,N/A,N/A,N/A,N/A,N/A,N/A,N/A,N/A,N/A,N/A,N/A,N/A,N/A,N/A,N/A,N/A,N/A,N/A,N/A,N/A,N/A,N/A,N/A,"OEM, ODM",N/A,N/A,r134a gas,N/A,Easy,N/A,N/A,N/A,N/A,N/A,N/A,N/A,N/A,N/A,N/A,N/A,N/A,N/A,N/A
High Purity Refrigerant Gas HFO No Pollution Eco-friendly R1234yf Automobile Air Conditioning,https://www.alibaba.com/product-detail/High-Purity-Refrigerant-Gas-HFO-No_1600655934328.html?s=p,2025-02-19 16:57:15,N/A,N/A,N/A,N/A,N/A,N/A,NON-REFILLABLE DISPOSSABLE CYLINDER,N/A,N/A,N/A,N/A,"Disposable cylinder: 4.5kg  5kg 10kg 
Recyclable cylinder: 12L, 800L, 926L,",N/A,N/A,N/A,N/A,N/A,N/A,N/A,5KG,N/A,China,N/A,N/A,N/A,N/A,100 Metric Ton/Metric Tons per   Year,N/A,Alkene & Derivatives,N/A,N/A,N/A,N/A,N/A,N/A,N/A,N/A,N/A,N/A,1234yf,N/A,N/A,N/A,N/A,N/A,99.9%,N/A,N/A,N/A,N/A,N/A,N/A,N/A,N/A,N/A,N/A,N/A,N/A,70USD,N/A,N/A,N/A,N/A,N/A,N/A,N/A,N/A,Eco-friendly Refrigerant,N/A,N/A,N/A,N/A,N/A,N/A,N/A,Refrigerant HFO 1234yf,N/A,N/A,N/A,CF3CF=CH2,N/A,N/A,N/A,N/A,Automobile Air conditioning,N/A,4,N/A,N/A,N/A,Colourless,N/A,N/A,N/A,E-KOOL,N/A,N/A,N/A,N/A,N/A,N/A,N/A,N/A,N/A,1234yf,N/A,468-710-7,N/A,N/A,N/A,N/A,N/A,N/A,N/A,N/A,N/A,N/A,N/A,N/A,N/A,0,N/A,N/A,N/A,N/A,N/A,N/A,N/A,N/A,754-12-1,N/A,N/A,N/A,N/A,N/A,N/A,N/A,N/A,N/A,No pollution 1234 yf,N/A,N/A,"Ningbo, Shanghai",N/A,N/A,N/A,N/A,N/A,N/A,N/A,Industrial Grade,N/A,N/A,N/A,N/A,N/A
"99.9% Purity R410a Refrigerant Gas for Air Conditioner AC Cooling Gas R410 25Lbs, 11.3kg",https://www.alibaba.com/product-detail/99-9-Purity-R410a-Refrigerant-Gas_1601275618400.html,2025-02-19 16:57:24,N/A,N/A,N/A,SHINGCHEM/OEM,N/A,N/A,Disable Steel Cylinder,N/A,N/A,N/A,N/A,N/A,N/A,N/A,N/A,N/A,N/A,N/A,N/A,N/A,N/A,"Shandong, China",N/A,N/A,N/A,Single item,N/A,N/A,Alkene & Derivatives,N/A,N/A,N/A,N/A,N/A,N/A,N/A,N/A,N/A,N/A,R410a,N/A,N/A,N/A,N/A,N/A,99.9%,N/A,N/A,N/A,N/A,N/A,N/A,N/A,N/A,N/A,N/A,N/A,N/A,N/A,N/A,XX cm,N/A,Colorless Refrigerant,N/A,N/A,kg,N/A,N/A,N/A,N/A,N/A,N/A,N/A,N/A,N/A,N/A,N/A,N/A,N/A,C3H3F7,N/A,N/A,N/A,N/A,Refigerant Systems,N/A,1700,N/A,N/A,N/A,Colorless Gas,N/A,N/A,N/A,SHINGCHEM/OEM,N/A,N/A,N/A,N/A,N/A,N/A,N/A,N/A,N/A,Genetron AZ-20,N/A,-,N/A,N/A,N/A,N/A,N/A,N/A,N/A,N/A,N/A,N/A,N/A,-43.8,N/A,0.034,N/A,N/A,N/A,N/A,N/A,N/A,N/A,N/A,133023-17-3,N/A,N/A,N/A,N/A,N/A,N/A,N/A,N/A,N/A,R410a,4.814,N/A,N/A,N/A,N/A,N/A,N/A,N/A,N/A,N/A,"Agriculture Grade, Electron Grade, Industrial Grade, Medicine Grade, Reagent Grade",N/A,N/A,N/A,N/A,500
N/A,https://www.alibaba.com/product-detail/99-9-Purity-Gas-Refrigernat-600a_1600256137601.html,2025-02-19 16:58:37,N/A,N/A,N/A,N/A,N/A,N/A,N/A,N/A,N/A,N/A,N/A,100G/CAN 120G/CAN 400G/CAN 6.5KG/CYLINDER,N/A,N/A,N/A,N/A,N/A,N/A,N/A,N/A,N/A,"Zhejiang, China",N/A,N/A,N/A,N/A,500 Forty-Foot Container  per   Month,N/A,Alkyl & Derivatives,N/A,N/A,N/A,N/A,N/A,N/A,N/A,N/A,N/A,N/A,.6.5KG/cylinder,-11.7°C,N/A,N/A,N/A,N/A,>99.9%,<0.0001%,N/A,N/A,N/A,N/A,N/A,N/A,N/A,N/A,N/A,58.12,N/A,N/A,N/A,N/A,N/A,N/A,N/A,N/A,N/A,N/A,N/A,N/A,N/A,N/A,N/A,N/A,N/A,N/A,N/A,N/A,N/A,N/A,(CH3)2CHCH3,N/A,1969,N/A,N/A,"refrigerant gas ,cooling",N/A,N/A,N/A,N/A,N/A,"Colorless, clear",N/A,N/A,N/A,superfrio/OEM/Neutral packing,N/A,N/A,N/A,N/A,N/A,N/A,N/A,N/A,N/A,refrigerant R600A,N/A,N/A,N/A,N/A,N/A,N/A,N/A,N/A,N/A,Odorless Refrigerant Gas,N/A,N/A,N/A,N/A,N/A,0,N/A,N/A,N/A,N/A,N/A,N/A,N/A,1,75-28-5,N/A,N/A,N/A,N/A,N/A,N/A,N/A,N/A,N/A,Refrigerant Gas R600a,N/A,N/A,ningbo,N/A,N/A,N/A,N/A,N/A,N/A,N/A,Industrial Grade,N/A,N/A,N/A,N/A,N/A
N/A,https://www.alibaba.com/product-detail/competitive-prices-Refrigerant-gas-available-for_11000021024605.html,2025-02-19 16:58:53,N/A,N/A,N/A,N/A,N/A,76,Customer's Requirement,OEM ODM,Refrigerant gas,N/A,Brazil,N/A,N/A,N/A,N/A,N/A,N/A,N/A,N/A,N/A,N/A,N/A,N/A,N/A,N/A,N/A,N/A,N/A,N/A,N/A,High Qulaity,N/A,N/A,N/A,N/A,Provided,N/A,N/A,N/A,N/A,N/A,N/A,N/A,N/A,N/A,N/A,N/A,N/A,N/A,N/A,N/A,N/A,N/A,Provided,N/A,N/A,N/A,N/A,N/A,Unavailable,N/A,N/A,N/A,N/A,N/A,N/A,N/A,N/A,N/A,N/A,N/A,Brazil,N/A,Refrigeration Parts,N/A,N/A,N/A,N/A,N/A,N/A,N/A,N/A,N/A,N/A,N/A,N/A,N/A,Refrigeration Compressor,N/A,N/A,N/A,N/A,N/A,N/A,N/A,N/A,N/A,N/A,Custom,N/A,N/A,N/A,N/A,N/A,N/A,N/A,N/A,N/A,N/A,N/A,N/A,N/A,N/A,N/A,N/A,N/A,N/A,N/A,N/A,N/A,N/A,N/A,N/A,N/A,N/A,N/A,N/A,N/A,N/A,N/A,A,N/A,N/A,N/A,N/A,N/A,N/A,N/A,N/A,N/A,N/A,N/A,N/A,N/A,N/A,N/A,N/A,N/A,rubber and plastic,N/A,N/A,N/A,N/A,N/A,N/A,N/A
Refrigerator Gas Can R134a Refrigerant Gas Can for Car air Conditioner,https://www.alibaba.com/product-detail/Refrigerator-Gas-Can-R134a-Refrigerant-Gas_62446476347.html,2025-02-19 16:59:11,100-240mm,N/A,N/A,N/A,N/A,N/A,N/A,N/A,N/A,N/A,N/A,N/A,N/A,N/A,N/A,N/A,N/A,N/A,N/A,N/A,N/A,"Guangdong, China",N/A,N/A,N/A,Single item,N/A,N/A,N/A,N/A,N/A,Powder-coated,N/A,N/A,N/A,N/A,N/A,N/A,N/A,OEM,N/A,N/A,N/A,N/A,N/A,N/A,N/A,Necked-in,N/A,N/A,N/A,N/A,N/A,N/A,N/A,N/A,N/A,Cap with Brush,N/A,N/A,150X130X120 cm,N/A,N/A,N/A,N/A,0.100 kg,N/A,N/A,N/A,N/A,N/A,N/A,custom,N/A,N/A,N/A,N/A,N/A,N/A,N/A,N/A,N/A,N/A,N/A,N/A,N/A,N/A,N/A,N/A,N/A,N/A,N/A,N/A,N/A,YONGJIA,N/A,N/A,N/A,N/A,N/A,N/A,N/A,N/A,N/A,N/A,N/A,N/A,0.35mm,Diameter 65/70mm,CMYK  Printing,N/A,N/A,N/A,N/A,N/A,N/A,TINPLATE,N/A,N/A,N/A,N/A,free,N/A,N/A,N/A,N/A,N/A,N/A,N/A,N/A,N/A,N/A,N/A,Hot Stamping,N/A,ISO9001:2008,N/A,Accept Customer's Logo,N/A,N/A,N/A,aerosol,N/A,N/A,N/A,N/A,Chemical,N/A,Tinplate,N/A,N/A,"Silk screen printing, offset lithography, cameo printing, Flexographic Printing, Digital printing, Gold Stamp, curved surface printing",N/A,N/A,N/A,N/A
Best Quality 99.9% Pure Gas Refrigerant R409A Mixed Refrigerant R409A at Competitive Price,https://www.alibaba.com/product-detail/Best-Quality-99-9-Pure-Gas_11000017344456.html,2025-02-19 16:59:17,N/A,N/A,N/A,N/A,N/A,N/A,N/A,N/A,N/A,N/A,N/A,N/A,N/A,N/A,N/A,N/A,N/A,N/A,N/A,N/A,N/A,N/A,N/A,N/A,N/A,N/A,N/A,N/A,N/A,N/A,N/A,N/A,N/A,N/A,N/A,N/A,N/A,N/A,N/A,N/A,N/A,N/A,N/A,N/A,N/A,N/A,N/A,N/A,N/A,N/A,N/A,N/A,N/A,N/A,N/A,N/A,N/A,N/A,N/A,N/A,N/A,N/A,N/A,N/A,N/A,N/A,N/A,N/A,N/A,N/A,N/A,N/A,N/A,N/A,N/A,N/A,N/A,N/A,N/A,N/A,N/A,N/A,N/A,N/A,N/A,N/A,N/A,N/A,N/A,N/A,N/A,N/A,N/A,N/A,N/A,N/A,N/A,N/A,N/A,N/A,N/A,N/A,N/A,N/A,N/A,N/A,N/A,N/A,N/A,N/A,N/A,N/A,N/A,N/A,N/A,N/A,N/A,N/A,N/A,N/A,N/A,N/A,N/A,N/A,N/A,N/A,N/A,N/A,N/A,N/A,N/A,N/A,N/A,N/A,N/A,N/A,N/A,N/A,N/A,N/A,N/A,N/A,N/A,N/A,N/A,N/A,N/A,N/A,N/A,N/A,N/A,N/A,N/A,N/A,N/A,N/A
"Refrigerant AC Gas Charging Valve Refrigerant Copper Material 1/4"" Pipe",https://www.alibaba.com/product-detail/Refrigerant-AC-Gas-Charging-Valve-Refrigerant_1600231945097.html?s=p,2025-02-19 17:00:40,N/A,N/A,N/A,N/A,N/A,N/A,N/A,N/A,N/A,N/A,N/A,N/A,N/A,N/A,N/A,N/A,N/A,N/A,AS REQUEST,N/A,N/A,N/A,N/A,N/A,N/A,Single item,N/A,N/A,N/A,N/A,N/A,N/A,N/A,N/A,N/A,N/A,None,1/4,N/A,N/A,N/A,N/A,N/A,N/A,N/A,N/A,N/A,N/A,N/A,Carton Box,N/A,N/A,N/A,N/A,N/A,N/A,N/A,N/A,N/A,1 Year,1X1X1 cm,N/A,N/A,N/A,N/A,1.000 kg,N/A,N/A,N/A,N/A,N/A,"Fujian, China",N/A,Commercial,N/A,N/A,N/A,N/A,N/A,N/A,N/A,N/A,N/A,N/A,N/A,charging valve,N/A,Conditioning Fitting,N/A,Manual,N/A,N/A,N/A,N/A,N/A,N/A,N/A,N/A,BTP,N/A,N/A,N/A,N/A,N/A,N/A,N/A,N/A,N/A,N/A,N/A,N/A,CE,N/A,N/A,N/A,N/A,N/A,N/A,N/A,N/A,N/A,N/A,N/A,N/A,N/A,N/A,N/A,N/A,N/A,N/A,N/A,N/A,N/A,N/A,N/A,N/A,N/A,Custom,N/A,N/A,N/A,N/A,N/A,N/A,N/A,N/A,N/A,N/A,Copper,N/A,N/A,N/A,N/A,N/A,N/A,3000pcs
99.9% High Purity  R410a Refrigerant Gases Blend HFC Gas 11.3KG Small Disposable Cylinder,https://www.alibaba.com/product-detail/99-9-High-Purity-R410a-Refrigerant_10000021789034.html,2025-02-19 17:00:54,N/A,N/A,N/A,N/A,N/A,N/A,N/A,N/A,N/A,N/A,N/A,N/A,N/A,N/A,N/A,N/A,N/A,N/A,N/A,N/A,N/A,N/A,N/A,N/A,N/A,N/A,N/A,N/A,N/A,N/A,N/A,N/A,N/A,N/A,N/A,N/A,N/A,N/A,N/A,N/A,N/A,N/A,N/A,N/A,N/A,N/A,N/A,N/A,N/A,N/A,N/A,N/A,N/A,N/A,N/A,N/A,N/A,N/A,N/A,N/A,N/A,N/A,N/A,N/A,N/A,N/A,N/A,N/A,N/A,N/A,N/A,N/A,N/A,N/A,N/A,N/A,N/A,N/A,N/A,N/A,N/A,N/A,N/A,N/A,N/A,N/A,N/A,N/A,N/A,N/A,N/A,N/A,N/A,N/A,N/A,N/A,N/A,N/A,N/A,N/A,N/A,N/A,N/A,N/A,N/A,N/A,N/A,N/A,N/A,N/A,N/A,N/A,N/A,N/A,N/A,N/A,N/A,N/A,N/A,N/A,N/A,N/A,N/A,N/A,N/A,N/A,N/A,N/A,N/A,N/A,N/A,N/A,N/A,N/A,N/A,N/A,N/A,N/A,N/A,N/A,N/A,N/A,N/A,N/A,N/A,N/A,N/A,N/A,N/A,N/A,N/A,N/A,N/A,N/A,N/A,N/A
HVAC Refrigeration  Manifold Gauge Set HS-536C for R22 R404A R134A,https://www.alibaba.com/product-detail/HVAC-Refrigeration-Manifold-Gauge-Set-HS_1601116266124.html?s=p,2025-02-19 17:01:10,N/A,N/A,N/A,N/A,N/A,N/A,N/A,N/A,Manifold Gauge Set,N/A,N/A,N/A,N/A,N/A,N/A,N/A,N/A,N/A,HS-536C,N/A,N/A,N/A,N/A,N/A,N/A,Single item,N/A,N/A,N/A,N/A,N/A,N/A,N/A,N/A,N/A,N/A,None,N/A,N/A,N/A,N/A,N/A,N/A,N/A,N/A,N/A,N/A,N/A,N/A,Paper box,N/A,N/A,N/A,N/A,N/A,N/A,N/A,N/A,N/A,None,25X15X18 cm,N/A,N/A,N/A,N/A,3.000 kg,N/A,N/A,N/A,N/A,N/A,"Zhejiang, China",N/A,Home,N/A,N/A,N/A,R22 R404A R407C R134a,N/A,N/A,N/A,N/A,N/A,N/A,N/A,N/A,N/A,Refrigeration Parts,N/A,"Gas, Manual",N/A,N/A,N/A,N/A,N/A,N/A,N/A,N/A,HONGSEN,N/A,N/A,N/A,N/A,N/A,N/A,N/A,N/A,N/A,N/A,N/A,N/A,N/A,N/A,N/A,N/A,N/A,N/A,N/A,N/A,N/A,N/A,N/A,N/A,N/A,N/A,16set,N/A,N/A,N/A,N/A,N/A,N/A,N/A,N/A,N/A,N/A,N/A,N/A,N/A,N/A,N/A,N/A,N/A,N/A,N/A,N/A,N/A,N/A,Brass,N/A,N/A,N/A,N/A,N/A,N/A,N/A
Refrigerant R134a Gas Aerosol Can Refrigerant 134 Can Gas 390g,https://www.alibaba.com/product-detail/Refrigerant-R134a-Gas-Aerosol-Can-Refrigerant_289337551.html,2025-02-19 17:01:24,50mm-265mm,N/A,N/A,N/A,N/A,N/A,Carton,N/A,empty Aluminum Aerosol Can,N/A,N/A,N/A,N/A,N/A,N/A,N/A,N/A,N/A,N/A,N/A,N/A,"Shanghai, China",N/A,N/A,N/A,Single item,N/A,N/A,N/A,N/A,N/A,N/A,N/A,N/A,N/A,N/A,N/A,N/A,N/A,1000ML,N/A,N/A,N/A,N/A,N/A,N/A,N/A,N/A,N/A,N/A,N/A,N/A,N/A,N/A,N/A,N/A,N/A,N/A,N/A,N/A,8X8X25 cm,N/A,N/A,N/A,N/A,0.090 kg,N/A,N/A,N/A,N/A,N/A,N/A,YES,N/A,30 Working Days,N/A,N/A,N/A,N/A,N/A,N/A,N/A,N/A,N/A,N/A,N/A,N/A,N/A,N/A,N/A,N/A,N/A,N/A,N/A,PANCAN,N/A,N/A,epoxy  resin,N/A,N/A,N/A,N/A,22mm-88mm,N/A,N/A,N/A,N/A,N/A,N/A,offset printing 6 colours,N/A,N/A,N/A,N/A,N/A,N/A,Aluminum,N/A,N/A,N/A,N/A,N/A,N/A,N/A,N/A,N/A,N/A,N/A,N/A,N/A,N/A,N/A,N/A,N/A,N/A,N/A,N/A,N/A,N/A,N/A,N/A,N/A,N/A,N/A,N/A,N/A,Chemical,N/A,Aluminum,N/A,N/A,N/A,N/A,N/A,N/A,10000pcs
R134a 340g Refrigerant Gas Can High Purity Gas Best Cooling System,https://www.alibaba.com/product-detail/R134a-340g-Refrigerant-Gas-Can-High_1600867865134.html,2025-02-19 17:01:37,N/A,N/A,N/A,N/A,5.26kg/m3,N/A,N/A,N/A,N/A,N/A,N/A,N/A,N/A,N/A,N/A,Clear and colorless,- 26.18℃,N/A,N/A,N/A,N/A,"Shandong, China",N/A,N/A,N/A,Single item,N/A,N/A,Alkene & Derivatives,N/A,N/A,N/A,N/A,N/A,N/A,N/A,N/A,N/A,N/A,R134a,N/A,N/A,N/A,N/A,N/A,99.93%,N/A,N/A,1300,N/A,N/A,N/A,N/A,N/A,N/A,N/A,102.03,N/A,N/A,N/A,6.7X6.7X14.8 cm,0,N/A,N/A,N/A,0.650 kg,N/A,N/A,N/A,N/A,N/A,N/A,N/A,N/A,N/A,N/A,N/A,N/A,N/A,CH2F-CF3,N/A,N/A,N/A,N/A,Refrigerant Gas,N/A,N/A,N/A,N/A,N/A,Colorless,N/A,N/A,770℃,M COOL / OEM,N/A,N/A,N/A,N/A,N/A,N/A,N/A,N/A,N/A,Tetrafluoroethane,N/A,212-377-0,N/A,N/A,N/A,N/A,N/A,N/A,N/A,N/A,N/A,N/A,N/A,N/A,N/A,N/A,N/A,N/A,N/A,N/A,N/A,<0.0003,N/A,N/A,811-97-2,N/A,N/A,N/A,N/A,N/A,N/A,N/A,N/A,N/A,R134a 340g refrigerant gas can package,N/A,N/A,N/A,N/A,N/A,N/A,N/A,N/A,N/A,N/A,Industrial Grade,N/A,N/A,N/A,N/A,N/A
N/A,https://www.alibaba.com/product-detail/R123-Refrigerant-Gas_596118755.html,2025-02-19 17:02:43,N/A,N/A,N/A,N/A,N/A,N/A,N/A,N/A,N/A,N/A,N/A,N/A,N/A,N/A,N/A,N/A,N/A,N/A,N/A,N/A,N/A,N/A,N/A,N/A,N/A,N/A,N/A,N/A,N/A,N/A,N/A,N/A,N/A,N/A,N/A,N/A,N/A,N/A,N/A,N/A,N/A,N/A,N/A,N/A,N/A,N/A,N/A,N/A,N/A,N/A,N/A,N/A,N/A,N/A,N/A,N/A,N/A,N/A,N/A,N/A,N/A,N/A,N/A,N/A,N/A,N/A,N/A,N/A,N/A,N/A,N/A,N/A,N/A,N/A,N/A,N/A,N/A,N/A,N/A,N/A,N/A,N/A,N/A,N/A,N/A,N/A,N/A,N/A,N/A,N/A,N/A,N/A,N/A,N/A,N/A,N/A,N/A,N/A,N/A,N/A,N/A,N/A,N/A,N/A,N/A,N/A,N/A,N/A,N/A,N/A,N/A,N/A,N/A,N/A,N/A,N/A,N/A,N/A,N/A,N/A,N/A,N/A,N/A,N/A,N/A,N/A,N/A,N/A,N/A,N/A,N/A,N/A,N/A,N/A,N/A,N/A,N/A,N/A,N/A,N/A,N/A,N/A,N/A,N/A,N/A,N/A,N/A,N/A,N/A,N/A,N/A,N/A,N/A,N/A,N/A,N/A
N/A,https://www.alibaba.com/product-detail/R134a-Refrigerant-Gas-R1234ze-Fro-Car_1601225051777.html,2025-02-19 17:02:52,N/A,N/A,N/A,N/A,N/A,N/A,N/A,N/A,N/A,N/A,N/A,N/A,N/A,N/A,N/A,N/A,N/A,N/A,N/A,N/A,N/A,N/A,N/A,N/A,N/A,N/A,N/A,N/A,N/A,N/A,N/A,N/A,N/A,N/A,N/A,N/A,N/A,N/A,N/A,N/A,N/A,N/A,N/A,N/A,N/A,N/A,N/A,N/A,N/A,N/A,N/A,N/A,N/A,N/A,N/A,N/A,N/A,N/A,N/A,N/A,N/A,N/A,N/A,N/A,N/A,N/A,N/A,N/A,N/A,N/A,N/A,N/A,N/A,N/A,N/A,N/A,N/A,N/A,N/A,N/A,N/A,N/A,N/A,N/A,N/A,N/A,N/A,N/A,N/A,N/A,N/A,N/A,N/A,N/A,N/A,N/A,N/A,N/A,N/A,N/A,N/A,N/A,N/A,N/A,N/A,N/A,N/A,N/A,N/A,N/A,N/A,N/A,N/A,N/A,N/A,N/A,N/A,N/A,N/A,N/A,N/A,N/A,N/A,N/A,N/A,N/A,N/A,N/A,N/A,N/A,N/A,N/A,N/A,N/A,N/A,N/A,N/A,N/A,N/A,N/A,N/A,N/A,N/A,N/A,N/A,N/A,N/A,N/A,N/A,N/A,N/A,N/A,N/A,N/A,N/A,N/A
N/A,https://www.alibaba.com/product-detail/Manufacturers-Selling-Hydrocarbon-Derivatives-Various-Types_1601364827583.html,2025-02-19 17:03:05,N/A,N/A,N/A,N/A,N/A,N/A,Disposable Cylinder 30lb/13.6kg,N/A,N/A,N/A,N/A,N/A,N/A,N/A,N/A,N/A,N/A,N/A,N/A,N/A,N/A,"Jiangsu, China",N/A,N/A,N/A,Single item,N/A,N/A,N/A,N/A,N/A,N/A,N/A,N/A,N/A,N/A,N/A,N/A,N/A,bw,N/A,N/A,N/A,N/A,N/A,N/A,N/A,N/A,N/A,N/A,N/A,140mm,N/A,N/A,N/A,N/A,N/A,N/A,N/A,N/A,XX cm,N/A,Colorless Refrigerant,N/A,N/A,kg,N/A,Eco-friendly Refrigerant,10kg,N/A,N/A,N/A,N/A,N/A,N/A,N/A,N/A,N/A,N/A,N/A,N/A,N/A,N/A,Industrial Gas,N/A,N/A,1300,N/A,N/A,N/A,N/A,N/A,N/A,N/A,bw,N/A,N/A,N/A,N/A,N/A,N/A,N/A,N/A,N/A,N/A,N/A,N/A,N/A,N/A,N/A,N/A,N/A,N/A,N/A,N/A,N/A,N/A,N/A,N/A,N/A,N/A,N/A,N/A,N/A,N/A,N/A,N/A,200bar,N/A,N/A,N/A,N/A,N/A,N/A,N/A,N/A,N/A,N/A,N/A,N/A,N/A,N/A,N/A,N/A,N/A,N/A,N/A,N/A,Steel,N/A,N/A,N/A,1.2MM,N/A,N/A,N/A
Refrigerant Gas R116 for Sale,https://www.alibaba.com/product-detail/Refrigerant-Gas-R116-for-Sale_62398293757.html,2025-02-19 17:03:23,N/A,odorless,N/A,NRD,N/A,N/A,Steel Cylinder,N/A,N/A,non-flammable,N/A,"standard export packing: High pressure seamless steel cylinder, each cylinder to be protected by two poly-nets,standing on wooden pallet wrapped by plastic film",N/A,N/A,2193,N/A,N/A,N/A,N/A,N/A,N/A,China,N/A,N/A,N/A,N/A,500 Ton/Tons per   Month,N/A,Alkene & Derivatives,N/A,N/A,N/A,N/A,inorganic,N/A,N/A,N/A,N/A,N/A,C116,N/A,N/A,N/A,N/A,High Pressure and Suffocation,99.9%~99.999%,N/A,N/A,N/A,N/A,N/A,N/A,N/A,N/A,N/A,N/A,N/A,N/A,N/A,N/A,N/A,N/A,N/A,N/A,N/A,N/A,N/A,N/A,N/A,non-toxic,N/A,N/A,N/A,N/A,N/A,N/A,N/A,N/A,N/A,C2F6,N/A,N/A,N/A,N/A,Industry,N/A,N/A,N/A,N/A,N/A,colorless,N/A,N/A,N/A,OEM accept,N/A,N/A,N/A,N/A,N/A,N/A,N/A,N/A,N/A,"Halocarbon 116, Hexafluoroethane",N/A,200-939-8,N/A,N/A,N/A,N/A,N/A,N/A,N/A,N/A,N/A,N/A,colorless,N/A,N/A,N/A,N/A,N/A,N/A,N/A,N/A,N/A,N/A,N/A,76-16-4,N/A,N/A,N/A,N/A,N/A,N/A,N/A,N/A,N/A,N/A,N/A,N/A,Chinese seaport / airport,N/A,N/A,N/A,N/A,N/A,N/A,N/A,"Agriculture Grade, Electron Grade, Industrial Grade, Medicine Grade, Reagent Grade",N/A,N/A,N/A,N/A,N/A
Factory COOLWE Supply Refrigerant Gas R600 Cool Gas R600 R600a Refrigerant Good Price,https://www.alibaba.com/product-detail/Factory-COOLWE-Supply-Refrigerant-Gas-R600_1600721752005.html,2025-02-19 17:03:40,N/A,N/A,N/A,COOLWE,N/A,N/A,N/A,N/A,N/A,N/A,N/A,N/A,N/A,N/A,N/A,N/A,N/A,N/A,N/A,N/A,N/A,"Zhejiang, China",N/A,N/A,N/A,N/A,N/A,N/A,Alkyne & Derivatives,N/A,N/A,N/A,N/A,N/A,N/A,N/A,N/A,N/A,N/A,R600A,N/A,N/A,N/A,N/A,N/A,99.9%,N/A,N/A,N/A,Disposable Steel Cylinder,≤20ppm,N/A,N/A,N/A,N/A,N/A,N/A,N/A,N/A,N/A,N/A,N/A,N/A,N/A,N/A,N/A,N/A,Eco-friendly Refrigerant,N/A,N/A,N/A,N/A,N/A,N/A,N/A,R600 Gas,N/A,N/A,≤1ppm,CH2FCF3,N/A,N/A,N/A,N/A,Car air condition,N/A,N/A,N/A,N/A,N/A,"Colorless, No turbid",N/A,N/A,N/A,COOLWE,N/A,N/A,N/A,N/A,6KG,N/A,N/A,N/A,N/A,Isobutane R600A,N/A,200-891-8,N/A,N/A,N/A,N/A,N/A,N/A,N/A,Odoriess,N/A,N/A,N/A,N/A,N/A,0,N/A,N/A,N/A,N/A,N/A,N/A,N/A,N/A,75-28-5,N/A,N/A,N/A,N/A,N/A,N/A,N/A,N/A,N/A,Refrigerant gas R600A,N/A,N/A,N/A,N/A,N/A,N/A,N/A,N/A,N/A,N/A,"Industrial Grade, Reagent Grade",N/A,N/A,N/A,N/A,N/A
"Top Quality R-22 Refrigerant Gas for Air Conditioning Systems, Long-Lasting Cooling Performance",https://www.alibaba.com/product-detail/Top-Quality-R-22-Refrigerant-Gas_11000021805388.html,2025-02-19 17:03:54,N/A,N/A,N/A,N/A,N/A,N/A,N/A,N/A,Refrigerant Gas,N/A,N/A,N/A,N/A,N/A,N/A,N/A,N/A,N/A,N/A,N/A,N/A,Germany,15 Days,N/A,N/A,N/A,Month,N/A,Alkene & Derivatives,N/A,100 % Original,N/A,N/A,N/A,N/A,N/A,N/A,N/A,N/A,Refrigerant Gas,N/A,N/A,N/A,N/A,N/A,99,N/A,N/A,N/A,N/A,N/A,N/A,N/A,N/A,N/A,N/A,N/A,N/A,N/A,N/A,N/A,N/A,N/A,N/A,N/A,N/A,OEM  ODM Customized,N/A,N/A,N/A,N/A,N/A,N/A,N/A,N/A,N/A,N/A,N/A,N/A,562-92-3,N/A,N/A,N/A,N/A,Agriculture and industry,N/A,N/A,N/A,N/A,N/A,Liquid,N/A,N/A,N/A,Custom,N/A,N/A,N/A,N/A,N/A,N/A,N/A,N/A,N/A,Refrigerant Gas,N/A,/,N/A,N/A,N/A,N/A,N/A,N/A,N/A,N/A,N/A,N/A,N/A,N/A,N/A,N/A,N/A,N/A,N/A,N/A,N/A,N/A,N/A,N/A,/,N/A,N/A,N/A,N/A,N/A,N/A,N/A,N/A,N/A,N/A,N/A,N/A,N/A,N/A,N/A,N/A,N/A,N/A,N/A,N/A,Agriculture Grade,N/A,N/A,N/A,N/A,N/A
N/A,https://www.alibaba.com/product-detail/Industrial-Purity-99-5-Refrigerant-R170_11000017834293.html,2025-02-19 17:04:11,N/A,N/A,N/A,OEM,N/A,N/A,N/A,N/A,N/A,N/A,N/A,N/A,N/A,N/A,N/A,N/A,N/A,N/A,N/A,N/A,N/A,"Shanghai, China",N/A,N/A,N/A,Single item,N/A,N/A,Alkene & Derivatives,N/A,N/A,N/A,N/A,N/A,N/A,N/A,N/A,N/A,N/A,AGEMR170,N/A,N/A,N/A,N/A,N/A,99.5%,N/A,N/A,N/A,Cylinder,N/A,N/A,N/A,N/A,N/A,N/A,N/A,N/A,N/A,N/A,23X23X160 cm,N/A,N/A,N/A,N/A,500.000 kg,N/A,N/A,N/A,N/A,24 month,N/A,N/A,N/A,N/A,N/A,N/A,N/A,N/A,C2H6,N/A,N/A,N/A,N/A,Refrigerant,N/A,N/A,N/A,N/A,N/A,Corlorless,N/A,N/A,N/A,OEM,N/A,N/A,N/A,N/A,N/A,N/A,N/A,N/A,N/A,ethane r170,2.1,200-841-8,N/A,N/A,N/A,N/A,N/A,N/A,N/A,N/A,N/A,N/A,N/A,N/A,N/A,N/A,N/A,N/A,GB/ISO/DOT,N/A,N/A,N/A,N/A,N/A,74-84-0,Refrigerant Grade,N/A,N/A,N/A,N/A,ISO9001,N/A,N/A,N/A,R170 Refrigerant,N/A,N/A,N/A,N/A,N/A,74-84-0,N/A,N/A,N/A,N/A,Industrial Grade,N/A,N/A,N/A,R170,N/A
Industrial Purity 99.5% Refrigerant R170 Refrigerant Gas C2H6 Ethane Gas,https://www.alibaba.com/product-detail/Industrial-Purity-99-5-Refrigerant-R170_11000017834293.html,2025-02-19 17:05:26,N/A,N/A,N/A,OEM,N/A,N/A,N/A,N/A,N/A,N/A,N/A,N/A,N/A,N/A,N/A,N/A,N/A,N/A,N/A,N/A,N/A,"Shanghai, China",N/A,N/A,N/A,Single item,N/A,N/A,Alkene & Derivatives,N/A,N/A,N/A,N/A,N/A,N/A,N/A,N/A,N/A,N/A,AGEMR170,N/A,N/A,N/A,N/A,N/A,99.5%,N/A,N/A,N/A,Cylinder,N/A,N/A,N/A,N/A,N/A,N/A,N/A,N/A,N/A,N/A,23X23X160 cm,N/A,N/A,N/A,N/A,500.000 kg,N/A,N/A,N/A,N/A,24 month,N/A,N/A,N/A,N/A,N/A,N/A,N/A,N/A,C2H6,N/A,N/A,N/A,N/A,Refrigerant,N/A,N/A,N/A,N/A,N/A,Corlorless,N/A,N/A,N/A,OEM,N/A,N/A,N/A,N/A,N/A,N/A,N/A,N/A,N/A,ethane r170,2.1,200-841-8,N/A,N/A,N/A,N/A,N/A,N/A,N/A,N/A,N/A,N/A,N/A,N/A,N/A,N/A,N/A,N/A,GB/ISO/DOT,N/A,N/A,N/A,N/A,N/A,74-84-0,Refrigerant Grade,N/A,N/A,N/A,N/A,ISO9001,N/A,N/A,N/A,R170 Refrigerant,N/A,N/A,N/A,N/A,N/A,74-84-0,N/A,N/A,N/A,N/A,Industrial Grade,N/A,N/A,N/A,R170,N/A
N/A,https://www.alibaba.com/product-detail/Refrigerant-Gas-R600a-Gas-Refrigerant-Manufacture_62476099934.html,2025-02-19 17:05:40,N/A,N/A,N/A,N/A,N/A,N/A,N/A,N/A,N/A,N/A,N/A,N/A,N/A,N/A,N/A,N/A,N/A,N/A,N/A,N/A,N/A,China,N/A,N/A,N/A,Single item,N/A,N/A,Alkene & Derivatives,N/A,N/A,N/A,0.2255,N/A,N/A,N/A,N/A,N/A,N/A,R600A,N/A,N/A,N/A,N/A,N/A,99.9%,N/A,N/A,N/A,N/A,N/A,N/A,N/A,N/A,N/A,N/A,N/A,N/A,N/A,N/A,24.5X24.5X42 cm,N/A,N/A,N/A,N/A,9.500 kg,N/A,N/A,N/A,N/A,N/A,N/A,N/A,N/A,N/A,N/A,N/A,N/A,0.0001%,CH(CH3)3,N/A,N/A,-11.749,N/A,refrigerant,N/A,11,N/A,N/A,N/A,colorless,3.629,N/A,N/A,SINOLOONG/RONCOOL,N/A,N/A,N/A,N/A,N/A,N/A,N/A,N/A,N/A,R600A,N/A,54597-66-9,N/A,N/A,N/A,N/A,N/A,N/A,N/A,N/A,58.122,N/A,N/A,N/A,N/A,0,N/A,N/A,N/A,N/A,N/A,N/A,N/A,N/A,75-28-5,N/A,N/A,N/A,N/A,99.9min,N/A,N/A,N/A,N/A,Refrigerant Gas R600a,N/A,N/A,N/A,N/A,N/A,N/A,N/A,134.66,N/A,N/A,"Agriculture Grade, Electron Grade, Food Grade, Industrial Grade, Medicine Grade, Reagent Grade",N/A,N/A,N/A,N/A,N/A
N/A,https://www.alibaba.com/product-detail/High-Purity-99-9-R290-Propane_1600963244991.html,2025-02-19 17:05:55,N/A,N/A,N/A,N/A,N/A,N/A,N/A,N/A,N/A,N/A,N/A,N/A,N/A,Manufacturer,N/A,N/A,N/A,N/A,N/A,N/A,N/A,China,N/A,N/A,N/A,N/A,N/A,N/A,Alkyl & Derivatives,N/A,N/A,N/A,N/A,N/A,N/A,N/A,N/A,N/A,N/A,R290,N/A,N/A,N/A,N/A,N/A,99.9%≥,N/A,N/A,N/A,N/A,N/A,N/A,-42.10,N/A,N/A,N/A,N/A,N/A,N/A,N/A,N/A,N/A,N/A,Yes,N/A,N/A,N/A,N/A,N/A,N/A,N/A,N/A,N/A,N/A,N/A,N/A,N/A,N/A,N/A,CH3CH2CH3,N/A,N/A,N/A,N/A,"High and medium temperature applications,domestic refrigeration",N/A,3,N/A,N/A,N/A,Colorless and Odorless,N/A,N/A,N/A,N/A,N/A,N/A,N/A,N/A,N/A,N/A,Propane,N/A,N/A,R290,N/A,N/A,N/A,N/A,N/A,N/A,"REACH, ISO",N/A,N/A,N/A,N/A,N/A,N/A,N/A,N/A,0,N/A,N/A,N/A,N/A,N/A,N/A,N/A,N/A,74-98-6,N/A,N/A,N/A,N/A,N/A,N/A,N/A,N/A,N/A,N/A,N/A,N/A,N/A,N/A,N/A,N/A,N/A,N/A,N/A,N/A,Industrial Grade,N/A,N/A,N/A,N/A,2000kgs
Wholesale Manufacturer New Price Refrigerant High Purity 99.9% Gas Recycled 14.3L/20L/40L Recovery Refrigerant Gas Cylinder,https://www.alibaba.com/product-detail/Wholesale-Manufacturer-New-Price-Refrigerant-High_62138633515.html,2025-02-19 17:06:03,N/A,N/A,N/A,N/A,N/A,N/A,N/A,N/A,N/A,N/A,N/A,N/A,N/A,N/A,N/A,N/A,N/A,N/A,N/A,N/A,N/A,N/A,N/A,N/A,N/A,N/A,N/A,N/A,N/A,N/A,N/A,N/A,N/A,N/A,N/A,N/A,N/A,N/A,N/A,N/A,N/A,N/A,N/A,N/A,N/A,N/A,N/A,N/A,N/A,N/A,N/A,N/A,N/A,N/A,N/A,N/A,N/A,N/A,N/A,N/A,N/A,N/A,N/A,N/A,N/A,N/A,N/A,N/A,N/A,N/A,N/A,N/A,N/A,N/A,N/A,N/A,N/A,N/A,N/A,N/A,N/A,N/A,N/A,N/A,N/A,N/A,N/A,N/A,N/A,N/A,N/A,N/A,N/A,N/A,N/A,N/A,N/A,N/A,N/A,N/A,N/A,N/A,N/A,N/A,N/A,N/A,N/A,N/A,N/A,N/A,N/A,N/A,N/A,N/A,N/A,N/A,N/A,N/A,N/A,N/A,N/A,N/A,N/A,N/A,N/A,N/A,N/A,N/A,N/A,N/A,N/A,N/A,N/A,N/A,N/A,N/A,N/A,N/A,N/A,N/A,N/A,N/A,N/A,N/A,N/A,N/A,N/A,N/A,N/A,N/A,N/A,N/A,N/A,N/A,N/A,N/A
Unfilled Empty R134a Gas Can Cylinder,https://www.alibaba.com/product-detail/Unfilled-Empty-R134a-Gas-Can-Cylinder_1601211071524.html?s=p,2025-02-19 17:07:11,N/A,N/A,N/A,N/A,N/A,N/A,N/A,N/A,N/A,N/A,N/A,N/A,N/A,N/A,N/A,N/A,N/A,N/A,N/A,N/A,N/A,N/A,N/A,N/A,N/A,N/A,N/A,N/A,N/A,N/A,N/A,N/A,N/A,N/A,N/A,N/A,N/A,N/A,N/A,N/A,N/A,N/A,N/A,N/A,N/A,N/A,N/A,N/A,N/A,N/A,N/A,N/A,N/A,N/A,N/A,N/A,N/A,N/A,N/A,N/A,N/A,N/A,N/A,N/A,N/A,N/A,N/A,N/A,N/A,N/A,N/A,N/A,N/A,N/A,N/A,N/A,N/A,N/A,N/A,N/A,N/A,N/A,N/A,N/A,N/A,N/A,N/A,N/A,N/A,N/A,N/A,N/A,N/A,N/A,N/A,N/A,N/A,N/A,N/A,N/A,N/A,N/A,N/A,N/A,N/A,N/A,N/A,N/A,N/A,N/A,N/A,N/A,N/A,N/A,N/A,N/A,N/A,N/A,N/A,N/A,N/A,N/A,N/A,N/A,N/A,N/A,N/A,N/A,N/A,N/A,N/A,N/A,N/A,N/A,N/A,N/A,N/A,N/A,N/A,N/A,N/A,N/A,N/A,N/A,N/A,N/A,N/A,N/A,Steel,N/A,N/A,N/A,N/A,N/A,N/A,N/A
R134a Refrigerant Auto Ac air Conditioning Refrigerant Gas Supply / 12kg R134a Refrigerant Gas Professional Manufacture,https://www.alibaba.com/product-detail/R134a-Refrigerant-Auto-Ac-air-Conditioning_1601374345730.html,2025-02-19 17:07:25,N/A,N/A,N/A,N/A,N/A,N/A,N/A,N/A,R134a,N/A,N/A,N/A,N/A,N/A,N/A,N/A,N/A,N/A,N/A,N/A,Slightly soluble,"Shandong, China",N/A,N/A,N/A,N/A,N/A,N/A,Alkyl & Derivatives,N/A,N/A,N/A,N/A,N/A,N/A,N/A,N/A,N/A,N/A,DXTH-R047,N/A,N/A,N/A,N/A,N/A,99.9%,N/A,N/A,N/A,N/A,N/A,N/A,N/A,N/A,-160 ℃,N/A,N/A,N/A,N/A,N/A,N/A,N/A,N/A,N/A,N/A,N/A,N/A,N/A,N/A,N/A,N/A,N/A,N/A,N/A,N/A,N/A,N/A,N/A,N/A,C2H2F4,N/A,N/A,N/A,N/A,Used as refrigerant,N/A,N/A,N/A,N/A,N/A,Colorless,N/A,N/A,N/A,daoxintianhe,N/A,-26.05,N/A,N/A,N/A,N/A,N/A,N/A,N/A,Isobutane,N/A,200-857-2,N/A,N/A,N/A,N/A,N/A,N/A,N/A,N/A,N/A,N/A,N/A,N/A,N/A,N/A,Support,N/A,N/A,N/A,N/A,N/A,N/A,N/A,811-97-2,N/A,N/A,N/A,N/A,N/A,N/A,N/A,N/A,N/A,N/A,N/A,N/A,N/A,N/A,N/A,N/A,N/A,N/A,N/A,N/A,Industrial Grade,N/A,N/A,N/A,N/A,N/A
Refrigerant Receiver tank Storage tank Liquid Receiver,https://www.alibaba.com/product-detail/Refrigerant-Receiver-Tank-Storage-Tank-Liquid_60632052835.html?s=p,2025-02-19 17:07:35,N/A,N/A,N/A,N/A,N/A,N/A,Carton Box,N/A,Refrigerant Liquid Receiver,N/A,N/A,10pcs for a carton,N/A,N/A,N/A,N/A,N/A,N/A,N/A,N/A,N/A,N/A,N/A,vertical,N/A,Single item,20000 Piece/Pieces per   Week,N/A,N/A,N/A,N/A,N/A,N/A,N/A,N/A,N/A,Free spare parts,N/A,N/A,N/A,N/A,N/A,N/A,N/A,N/A,N/A,N/A,N/A,N/A,N/A,N/A,N/A,N/A,N/A,N/A,N/A,N/A,N/A,N/A,1 Year,15X15X40 cm,N/A,black/blue/green,N/A,N/A,30.000 kg,N/A,Liquid Receiver,N/A,N/A,N/A,"Guangdong, China",N/A,Commercial,N/A,N/A,N/A,N/A,N/A,N/A,N/A,N/A,N/A,N/A,Refrigeration Parts,N/A,N/A,Refrigerator Parts,N/A,Electric,N/A,N/A,N/A,N/A,N/A,N/A,N/A,N/A,XMK,N/A,N/A,N/A,N/A,Copper,N/A,N/A,N/A,N/A,N/A,N/A,N/A,N/A,N/A,N/A,N/A,N/A,N/A,N/A,N/A,1L - 14 L,N/A,N/A,N/A,N/A,N/A,N/A,N/A,N/A,N/A,N/A,N/A,N/A,New,N/A,N/A,N/A,N/A,N/A,N/A,N/A,N/A,condensing unit,guangzhou,N/A,N/A,N/A,N/A,N/A,N/A,N/A,N/A,N/A,N/A,N/A,N/A,N/A
Competitive Price Refrigerant Gas R134A High Quality Refrigerant Gas 13.6KG,https://www.alibaba.com/product-detail/Competitive-Price-Refrigerant-Gas-R134A-High_1601370782035.html,2025-02-19 17:07:46,N/A,N/A,N/A,N/A,N/A,N/A,N/A,N/A,N/A,N/A,N/A,N/A,N/A,N/A,N/A,N/A,N/A,N/A,R134 R410 R22 R404 R407,N/A,N/A,N/A,N/A,N/A,N/A,N/A,N/A,"5.0mm, 4.0mm, 2.0mm, 3.0mm",N/A,N/A,N/A,N/A,N/A,N/A,N/A,N/A,Return and Replacement,N/A,N/A,conditioner refrigerant,N/A,N/A,N/A,English,N/A,N/A,N/A,N/A,N/A,N/A,N/A,N/A,N/A,N/A,N/A,N/A,N/A,N/A,N/A,1 Year,N/A,N/A,N/A,N/A,N/A,N/A,N/A,Air Conditioning Accessories,N/A,N/A,N/A,"Fujian, China",N/A,Home,N/A,N/A,N/A,N/A,N/A,N/A,N/A,N/A,N/A,N/A,N/A,N/A,N/A,Air Conditioning Fitting,"R134 R410, R404,R407, R22 ,R32 ,R507",Gas,N/A,N/A,N/A,N/A,N/A,"Precise design, High quality materials, easy installation, Sustainable, Durable",N/A,N/A,N/A,N/A,N/A,N/A,N/A,N/A,N/A,N/A,N/A,N/A,N/A,N/A,N/A,N/A,N/A,N/A,N/A,N/A,N/A,N/A,N/A,N/A,N/A,N/A,Inkjet Printing,N/A,N/A,N/A,N/A,N/A,N/A,N/A,N/A,N/A,N/A,N/A,N/A,N/A,N/A,N/A,N/A,N/A,N/A,N/A,N/A,"Free spare parts, None",Container loading 1140 ctns,N/A,N/A,N/A,metal,N/A,N/A,N/A,N/A,N/A,N/A,"30pcs /ctn, 15pcs/ctn"
Refrigerant R2900net Weight 5kg Industrial Refrigeration Gas,https://www.alibaba.com/product-detail/Refrigerant-R2900net-Weight-5kg-Industrial-Refrigeration_1601375502219.html,2025-02-19 17:07:54,N/A,N/A,N/A,N/A,N/A,N/A,N/A,N/A,AC Refrigerant,N/A,N/A,N/A,N/A,N/A,N/A,N/A,N/A,N/A,N/A,N/A,N/A,"Guangdong, China",N/A,N/A,N/A,N/A,N/A,N/A,N/A,N/A,N/A,N/A,N/A,N/A,N/A,N/A,N/A,N/A,N/A,N/A,N/A,N/A,N/A,N/A,N/A,N/A,N/A,N/A,N/A,N/A,N/A,N/A,N/A,N/A,N/A,5,N/A,N/A,N/A,N/A,N/A,N/A,N/A,N/A,N/A,N/A,N/A,N/A,5kg,N/A,N/A,N/A,N/A,N/A,N/A,N/A,N/A,N/A,N/A,N/A,N/A,N/A,N/A,N/A,N/A,N/A,N/A,N/A,N/A,N/A,N/A,N/A,N/A,N/A,N/A,N/A,N/A,N/A,N/A,N/A,N/A,N/A,N/A,N/A,N/A,N/A,N/A,N/A,N/A,N/A,N/A,N/A,N/A,N/A,N/A,N/A,N/A,N/A,N/A,N/A,N/A,N/A,N/A,N/A,N/A,N/A,N/A,N/A,N/A,N/A,N/A,N/A,N/A,N/A,N/A,N/A,N/A,N/A,N/A,N/A,N/A,N/A,N/A,N/A,N/A,N/A,N/A,N/A,Stainless Steel,N/A,N/A,N/A,N/A,N/A,N/A,N/A
High Efficiency Refrigeration High Purity Freon Explosive Hot air Conditioning Refrigerant,https://www.alibaba.com/product-detail/High-Efficiency-Refrigeration-High-Purity-Freon_1601377717461.html,2025-02-19 17:08:04,N/A,N/A,N/A,N/A,N/A,N/A,N/A,N/A,air conditioning refrigerant,N/A,N/A,N/A,N/A,N/A,N/A,N/A,N/A,N/A,N/A,N/A,N/A,N/A,N/A,N/A,N/A,Single item,N/A,3.0mm,N/A,N/A,N/A,N/A,N/A,N/A,N/A,N/A,N/A,N/A,N/A,N/A,N/A,N/A,N/A,N/A,N/A,N/A,N/A,N/A,N/A,Box,N/A,N/A,N/A,N/A,N/A,N/A,N/A,N/A,N/A,N/A,60X60X60 cm,N/A,Customized Color,N/A,N/A,10.000 kg,N/A,N/A,N/A,N/A,N/A,China,N/A,Commercial,N/A,N/A,N/A,N/A,N/A,N/A,N/A,N/A,N/A,N/A,Commercial,N/A,N/A,Air Conditioning Fitting,N/A,Electric,N/A,N/A,N/A,N/A,N/A,Sustainable,N/A,N/A,N/A,N/A,N/A,N/A,N/A,N/A,N/A,N/A,N/A,N/A,N/A,N/A,N/A,N/A,N/A,N/A,N/A,N/A,N/A,N/A,N/A,N/A,N/A,N/A,N/A,N/A,N/A,N/A,N/A,N/A,N/A,N/A,N/A,N/A,N/A,N/A,N/A,N/A,N/A,N/A,N/A,N/A,N/A,N/A,N/A,N/A,N/A,N/A,N/A,N/A,Plastic,Air Conditioning Parts Spares,N/A,N/A,N/A,N/A,N/A,500pcs
"Filling Refrigerant Butane Gas HCFC LPG Refrigerant Freon, Refrigerant Isobutane R600A Propane R20 Air Conditioning Lubrican",https://www.alibaba.com/product-detail/Filling-Refrigerant-Butane-Gas-HCFC-LPG_1600963263227.html,2025-02-19 17:08:13,N/A,N/A,N/A,N/A,N/A,20,N/A,N/A,N/A,N/A,N/A,Standard Air Freight Package,N/A,N/A,N/A,N/A,N/A,N/A,N/A,N/A,N/A,N/A,N/A,N/A,N/A,Single item,2000 Piece/Pieces per   Week,N/A,N/A,N/A,N/A,N/A,N/A,N/A,N/A,N/A,N/A,N/A,N/A,N/A,N/A,N/A,N/A,N/A,N/A,N/A,N/A,N/A,N/A,N/A,N/A,N/A,N/A,N/A,N/A,N/A,N/A,N/A,N/A,Not Available,50X50X50 cm,N/A,N/A,N/A,"21""",5.000 kg,N/A,N/A,N/A,N/A,N/A,"Hebei, China",N/A,N/A,N/A,jucer filter,N/A,N/A,N/A,N/A,N/A,N/A,N/A,N/A,"Jucer Filter, Beverage Filter, Caustic Liquid Filter",N/A,N/A,N/A,N/A,N/A,N/A,N/A,N/A,N/A,N/A,N/A,N/A,N/A,K-221219-2.0,N/A,N/A,N/A,80mm,N/A,N/A,N/A,N/A,N/A,N/A,N/A,N/A,N/A,N/A,N/A,N/A,N/A,N/A,N/A,N/A,N/A,N/A,N/A,N/A,N/A,N/A,N/A,N/A,N/A,N/A,N/A,N/A,N/A,New,N/A,N/A,N/A,N/A,N/A,N/A,Stainless Filter Cartridge,N/A,N/A,N/A,N/A,N/A,N/A,N/A,N/A,Stainless Steel 304,N/A,N/A,N/A,N/A,N/A,N/A,N/A
Secop Refrigerator  Compressor 50HZ R134a SC21G for Air Conditioning  Refrigeration Compressor  With High Quality,https://www.alibaba.com/product-detail/Secop-Refrigerator-Compressor-50HZ-R134a-SC21G_1601214837708.html?s=p,2025-02-19 17:08:21,N/A,N/A,N/A,N/A,N/A,30,N/A,N/A,N/A,N/A,N/A,N/A,N/A,N/A,N/A,N/A,N/A,N/A,N/A,N/A,N/A,N/A,N/A,N/A,N/A,Single item,N/A,N/A,N/A,N/A,N/A,N/A,N/A,N/A,N/A,Not Available,N/A,N/A,N/A,N/A,N/A,N/A,N/A,N/A,N/A,N/A,N/A,N/A,N/A,N/A,N/A,N/A,N/A,Not Available,N/A,N/A,N/A,N/A,N/A,1 Year,XX cm,N/A,N/A,N/A,N/A,kg,N/A,N/A,N/A,N/A,N/A,American,N/A,Refrigeration Parts,N/A,N/A,N/A,N/A,N/A,N/A,N/A,N/A,N/A,N/A,N/A,N/A,N/A,Refrigeration Compressor,N/A,N/A,N/A,N/A,N/A,N/A,N/A,N/A,N/A,N/A,N/A,N/A,N/A,N/A,N/A,N/A,N/A,N/A,N/A,N/A,N/A,N/A,N/A,N/A,N/A,220V/380V,N/A,N/A,N/A,N/A,N/A,N/A,N/A,N/A,N/A,N/A,42.3,N/A,N/A,N/A,N/A,N/A,N/A,N/A,N/A,N/A,N/A,N/A,N/A,N/A,N/A,Refrigeration compressors,N/A,N/A,N/A,N/A,N/A,N/A,N/A,N/A,N/A,N/A,N/A,N/A,N/A,N/A,N/A,N/A
Factory Direct Sale Refrigerant Gas R22 1kg R134a Can,https://www.alibaba.com/product-detail/Factory-Direct-Sale-Refrigerant-Gas-R22_1600634401766.html,2025-02-19 17:08:34,260mm,N/A,N/A,N/A,N/A,N/A,N/A,N/A,N/A,N/A,N/A,N/A,1l refrigerant gas R407c can,N/A,N/A,N/A,N/A,N/A,N/A,N/A,N/A,"Zhejiang, China",N/A,N/A,N/A,Single item,N/A,N/A,N/A,N/A,N/A,N/A,N/A,N/A,N/A,N/A,N/A,N/A,1000g,G-1000,N/A,N/A,N/A,N/A,N/A,N/A,N/A,N/A,N/A,N/A,N/A,N/A,N/A,N/A,N/A,N/A,N/A,N/A,N/A,N/A,32X24X28 cm,N/A,N/A,N/A,N/A,2.835 kg,N/A,N/A,N/A,N/A,N/A,N/A,N/A,N/A,N/A,N/A,N/A,N/A,N/A,N/A,N/A,N/A,N/A,N/A,N/A,N/A,N/A,N/A,N/A,N/A,N/A,N/A,N/A,N/A,Bluefire,N/A,N/A,N/A,N/A,N/A,20bar,N/A,73mm,N/A,N/A,N/A,N/A,N/A,N/A,Custom printed,N/A,N/A,N/A,N/A,N/A,N/A,TINPLATE,N/A,N/A,N/A,N/A,N/A,N/A,N/A,N/A,N/A,N/A,N/A,N/A,N/A,N/A,0.35mm,N/A,N/A,N/A,N/A,N/A,N/A,30bar,N/A,N/A,Refrigerant gas packig,N/A,N/A,N/A,N/A,Chemical,N/A,Tinplate,N/A,N/A,N/A,N/A,N/A,N/A,N/A
