Product Title,Product URL,Date Scraped,Effective width,Surface,Inside material,Supply Ability,Flame Retardant Rating,After-sale Service,Type,Feeding width,Metal Sheet,compressor brand,Thickness,Port,Engineering Solution Capability,Temperature Range,Delivery Time,feature,Color,Polyurethane,Design style,Thickness of Panel,Operate style,Brand Name,Panel Material,Video outgoing-inspection,Advantage,Function,Heat Deflection Temperature,MOQ,Surface material,Stone Name,Gross weight of each item,Steel zinc range,Colors,Packing,Compressive strength,Elongation At Break,voltage,Width,Outer Steel Plate,Door type,Control system,Density of core,Certificate,Tile Type,Door Material,place of origin,Steel thickness,Thermal Conductivity,Warranty,Cover steel,Core density,Aluminum Thickness,Core Thickness,Roller material,Certification,Thermal Penetration Rate,Core material,Rolling thinckness,Machinery Test Report,Connection type,Plate Width,Weight,After-sales Service Provided,Suitable to process,Steel sheet,Outside material,Color:,Selling Units:,Weight (KG),power,temperature Range,video outgoing-inspection,Panel Thickness,STEEL THICKNESS,Opening direction,Features,Percentage Of Close Area,machinery test report,Length,Surface Layer,Package,Product name,Surface Finishing,Single gross weight:,Raw Material,Single package size:,Metal Sheet Thickness,Thickness Of Steel Plate,Water Absorption,Feature,Steel Color,Shape,Guarantee,Outstanding Features,warranty,Thickness Of Wood Plates,Formaldehyde Emission Standards,Structure,dimension(l*w*h),key selling points,Surface Treatment,Frame,Project Solution Capability,Effective Width,Edge,Open Style,Sample,model number,Material,Connection,Samples,Fireproof,Core,Application,Water Absorption Rate,Fireproof Grade,Keywords,Design Style,Dimension(L*W*H),Core Components,eco-friendly,Opening Method,Stone Form,Packaging Details,Density,Shaft material,Thickness of Color Steel,Scope of application,core components,Dimensional Stability,Galvanized layer of steel plates,Key Selling Points,Main Material,Reinforced Material,Voltage,Position,Screen Netting Material,Panel Length,Model Number,Use,Place of Origin,Steel Thinckness,Coating,Dimension,Size,Main Component,Usage,Door Type,Panel thickness,brand name
Hot Selling Fireproof Pu Sandwich Panel Cold Rooms Sandwich Puff Panel Roof Metal Sheet Pu,https://www.alibaba.com/product-detail/Hot-Selling-Fireproof-Pu-Sandwich-Panel_1601018935691.html,2025-02-11 22:46:10,N/A,N/A,N/A,N/A,N/A,Online technical support,N/A,N/A,Color Coated Steel Sheet / Stainless steel plate,N/A,N/A,N/A,N/A,N/A,N/A,N/A,N/A,N/A,N/A,N/A,N/A,BESINO,metal,N/A,N/A,N/A,N/A,N/A,N/A,N/A,N/A,N/A,N/A,N/A,N/A,N/A,N/A,950mm,N/A,N/A,N/A,35-45kg/m3,N/A,N/A,N/A,N/A,N/A,N/A,More than 5 years,N/A,N/A,N/A,50mm 75mm 100mm 120mm,N/A,N/A,N/A,N/A,N/A,N/A,N/A,N/A,N/A,N/A,N/A,N/A,N/A,N/A,Single item,N/A,N/A,N/A,N/A,N/A,N/A,N/A,N/A,N/A,N/A,N/A,N/A,N/A,Polyurethane Sandwich Panel/PU,N/A,8.130 kg,N/A,100X95X8 cm,N/A,N/A,N/A,N/A,"White, gray, blue, red, etc",N/A,N/A,N/A,N/A,N/A,N/A,N/A,N/A,N/A,N/A,N/A,"graphic design, 3D model design, total solution for projects, Cross Categories Consolidation",N/A,N/A,N/A,N/A,N/A,N/A,N/A,N/A,N/A,Polyurethane,Warehouse,N/A,N/A,N/A,Modern,N/A,N/A,N/A,N/A,N/A,N/A,N/A,N/A,N/A,N/A,N/A,N/A,Exterior plate and Inner plate: Aluzinc or Zinc coating,N/A,N/A,N/A,N/A,N/A,N/A,According to customers' request /Customizable,"BESINO-Polyurethane-950,1000",N/A,"Shandong, China",0.3mm-0.8mm,N/A,N/A,N/A,N/A,N/A,N/A,N/A,N/A
Customized Puff Metal Siding Panels Roof Sheet Sandwich Panel,https://www.alibaba.com/product-detail/Customized-Puff-Metal-Siding-Panels-Roof_1600306277701.html,2025-02-11 22:46:22,N/A,N/A,N/A,200000 Meter/Meters per   Month,N/A,"Online technical support, Onsite Installation, Onsite Training, Onsite Inspection, Free spare parts, Return and Replacement, Other, NONE",Sandwich Panel Movable Wall,N/A,N/A,N/A,50-200mm,"qingdao port,tianjin port",N/A,N/A,N/A,N/A,RAL Color,N/A,N/A,N/A,N/A,CANGLONG,Nonmetal,N/A,Fireproof,N/A,N/A,N/A,N/A,N/A,N/A,N/A,N/A,N/A,N/A,N/A,N/A,N/A,N/A,N/A,N/A,N/A,ISO9001 CE,N/A,N/A,N/A,N/A,N/A,More than 5 years,N/A,N/A,N/A,N/A,N/A,N/A,N/A,EPS Board,N/A,N/A,N/A,N/A,N/A,N/A,N/A,N/A,N/A,N/A,Single item,N/A,N/A,N/A,N/A,N/A,N/A,N/A,N/A,N/A,N/A,1-11.8m,N/A,N/A,EPS Sandwich Panel,N/A,1.000 kg,N/A,10X10X10 cm,N/A,N/A,N/A,N/A,N/A,N/A,N/A,N/A,N/A,N/A,N/A,N/A,N/A,N/A,N/A,N/A,"graphic design, 3D model design, total solution for projects, Cross Categories Consolidation, NONE, Others",N/A,N/A,N/A,N/A,N/A,Color Steel Sheet,N/A,N/A,N/A,N/A,Mall,N/A,N/A,N/A,Traditional,N/A,N/A,N/A,N/A,N/A,"1.AII of steel columns,beams and plates are maked packaged. 2.All the parts will be filmed by different sides and fixed stablly in the container.3. According to container size, standard export package. Industrial hall steel structure prefab metal warehouse",N/A,N/A,N/A,N/A,N/A,N/A,N/A,N/A,N/A,N/A,N/A,N/A,N/A,N/A,N/A,N/A,"Henan, China",N/A,N/A,N/A,N/A,N/A,Construction Insulation,N/A,N/A,N/A
interior decorative wall pu culture feather stone 3d wall panel pu stone panels,https://www.alibaba.com/product-detail/interior-decorative-wall-pu-culture-feather_1601076389106.html,2025-02-11 22:46:32,N/A,N/A,N/A,N/A,N/A,"Online technical support, Other",N/A,N/A,N/A,N/A,25mm,N/A,N/A,N/A,N/A,N/A,"white, black, gray, cream, beige, or customized",N/A,N/A,N/A,N/A,BANGTUO,N/A,N/A,N/A,N/A,N/A,100 Piece,N/A,PU feather stone,N/A,N/A,N/A,N/A,N/A,N/A,N/A,N/A,N/A,N/A,N/A,N/A,N/A,N/A,N/A,N/A,N/A,N/A,More than 5 years,N/A,N/A,N/A,N/A,N/A,N/A,N/A,N/A,N/A,N/A,N/A,N/A,N/A,N/A,N/A,N/A,N/A,N/A,Single item,N/A,N/A,N/A,N/A,N/A,N/A,N/A,N/A,N/A,N/A,N/A,N/A,Carton,N/A,N/A,0.500 kg,N/A,30X13X2.5 cm,N/A,N/A,N/A,N/A,N/A,N/A,N/A,"lightweight, fast installation, fireproof, waterproof, strong",N/A,N/A,N/A,N/A,N/A,N/A,N/A,N/A,"total solution for projects, Others",N/A,N/A,N/A,Samples Offered Freely,N/A,Polyurethane PU Material,N/A,N/A,B2,N/A,Indoor and outdoor decoration,N/A,N/A,N/A,Modern,N/A,N/A,N/A,N/A,Big Slab,N/A,N/A,N/A,N/A,N/A,N/A,N/A,N/A,N/A,N/A,N/A,N/A,N/A,N/A,N/A,300*133mm,N/A,"Shandong, China",N/A,N/A,N/A,300*133mm,N/A,N/A,N/A,N/A,N/A
Polyurethane Rock Wool Sandwich Panel Foam Filled Wall Insulated Roof Fiberglass Walls Puff Acc Rock Wool Sandwich Panel,https://www.alibaba.com/product-detail/Polyurethane-Rock-Wool-Sandwich-Panel-Foam_1601190081048.html,2025-02-11 22:47:38,N/A,N/A,N/A,N/A,N/A,N/A,N/A,N/A,N/A,N/A,N/A,N/A,N/A,N/A,N/A,N/A,N/A,N/A,N/A,N/A,N/A,N/A,N/A,N/A,N/A,N/A,N/A,N/A,N/A,N/A,N/A,N/A,N/A,N/A,N/A,N/A,N/A,N/A,N/A,N/A,N/A,N/A,N/A,N/A,N/A,N/A,N/A,N/A,N/A,N/A,N/A,N/A,N/A,N/A,N/A,N/A,N/A,N/A,N/A,N/A,N/A,N/A,N/A,N/A,N/A,N/A,N/A,N/A,N/A,N/A,N/A,N/A,N/A,N/A,N/A,N/A,N/A,N/A,N/A,N/A,N/A,N/A,N/A,N/A,N/A,N/A,N/A,N/A,N/A,N/A,N/A,N/A,N/A,N/A,N/A,N/A,N/A,N/A,N/A,N/A,N/A,N/A,N/A,N/A,N/A,N/A,N/A,N/A,N/A,N/A,N/A,N/A,N/A,N/A,N/A,N/A,N/A,N/A,N/A,N/A,N/A,N/A,N/A,N/A,N/A,N/A,N/A,N/A,N/A,N/A,N/A,N/A,N/A,N/A,N/A,N/A,N/A,N/A,N/A,N/A,N/A,N/A,N/A,N/A,N/A,N/A,N/A,N/A,N/A,N/A
Puff Panel Polyurethane Foam PUR PIR PUFF Cold Room Storage Warehouse Insulation Sandwich Panels Eps Sandwich Panel insulated,https://www.alibaba.com/product-detail/Puff-Panel-Polyurethane-Foam-PUR-PIR_1601158821454.html,2025-02-11 22:47:54,N/A,Prepainted,N/A,N/A,N/A,"Online technical support, Onsite Installation, Onsite Training, Onsite Inspection, Free spare parts, Other",N/A,N/A,N/A,N/A,N/A,N/A,N/A,N/A,N/A,N/A,N/A,50mm 75mm 100mm 120 150mm 200mm,N/A,N/A,N/A,Tianjie,metal,N/A,N/A,N/A,N/A,N/A,N/A,N/A,N/A,N/A,N/A,N/A,N/A,N/A,N/A,N/A,N/A,N/A,N/A,N/A,N/A,N/A,N/A,N/A,N/A,0.022W/mK-0.026W/mK(25℃),1 Year,N/A,N/A,N/A,N/A,N/A,N/A,N/A,N/A,N/A,N/A,N/A,N/A,N/A,N/A,N/A,N/A,N/A,N/A,Single item,N/A,N/A,-185℃~+110℃,N/A,N/A,N/A,N/A,N/A,N/A,N/A,N/A,N/A,N/A,PU Sandwich Panel,N/A,1000.000 kg,N/A,230X100X100 cm,0.4mm~0.8mm,N/A,N/A,N/A,N/A,N/A,N/A,N/A,N/A,N/A,N/A,N/A,N/A,N/A,N/A,N/A,"graphic design, 3D model design, total solution for projects, Cross Categories Consolidation",1120 mm   1000mm   1150mm,N/A,N/A,N/A,N/A,N/A,N/A,N/A,N/A,N/A,Warehouse,less 3%,B1,N/A,Modern,N/A,N/A,N/A,N/A,N/A,N/A,38-45kg per cubic meter,N/A,N/A,N/A,N/A,N/A,N/A,N/A,N/A,N/A,N/A,N/A,N/A,N/A,TJpanel-0516,N/A,"Henan, China",N/A,N/A,N/A,N/A,N/A,N/A,N/A,N/A,N/A
Customization Sandwich Puff Panel Panel Sandwich Roofing Boards Excellent Fire Insulation Effect,https://www.alibaba.com/product-detail/Customization-Sandwich-Puff-Panel-Panel-Sandwich_1601281054578.html,2025-02-11 22:48:09,N/A,N/A,N/A,N/A,N/A,"Online technical support, Onsite Training, Onsite Inspection",N/A,N/A,N/A,N/A,50-200mm,N/A,N/A,N/A,N/A,N/A,RAL Color,N/A,N/A,N/A,N/A,BS,metal,N/A,N/A,N/A,N/A,N/A,N/A,N/A,N/A,N/A,N/A,N/A,N/A,N/A,N/A,N/A,N/A,N/A,N/A,N/A,N/A,N/A,N/A,N/A,N/A,N/A,More than 5 years,N/A,N/A,N/A,N/A,N/A,N/A,N/A,"pu,eps,rock wool,glasswool",N/A,N/A,N/A,N/A,N/A,N/A,N/A,N/A,N/A,N/A,Single item,N/A,N/A,N/A,N/A,N/A,N/A,N/A,N/A,N/A,N/A,1-11.8m,N/A,N/A,Sandwich Panel,N/A,1.000 kg,N/A,2X3X2 cm,N/A,N/A,N/A,water resistant,N/A,N/A,N/A,N/A,N/A,N/A,N/A,N/A,N/A,N/A,N/A,N/A,"graphic design, 3D model design, total solution for projects",N/A,N/A,N/A,N/A,N/A,steel,N/A,N/A,N/A,N/A,"Villa, Hotel; warehouse; workshop",N/A,N/A,N/A,Modern,N/A,N/A,N/A,N/A,N/A,N/A,10-20kg/m3,N/A,N/A,N/A,N/A,N/A,N/A,N/A,N/A,N/A,N/A,N/A,N/A,N/A,BS010,N/A,"Liaoning, China",N/A,N/A,N/A,N/A,N/A,N/A,N/A,N/A,N/A
N/A,https://www.alibaba.com/product-detail/PU-Wholesale-Mushroom-Stone-Wall-Panel_1601260202093.html?selectedCarrierCode=SEMI_MANAGED_ECONOMIC@@ECONOMY,2025-02-11 22:48:19,N/A,NATURAL SURFACE,N/A,N/A,N/A,"Online technical support, Other",N/A,N/A,N/A,N/A,20-60mm,N/A,N/A,N/A,15 Working Days,N/A,"beige, concrete, white, customize color",N/A,N/A,N/A,N/A,rinsun,N/A,N/A,N/A,N/A,N/A,100 m2,N/A,N/A,N/A,N/A,N/A,N/A,N/A,N/A,N/A,N/A,N/A,N/A,N/A,N/A,N/A,N/A,N/A,N/A,N/A,N/A,3 years,N/A,N/A,N/A,N/A,N/A,N/A,N/A,N/A,N/A,N/A,N/A,N/A,N/A,N/A,N/A,N/A,N/A,N/A,Single item,N/A,N/A,N/A,N/A,N/A,N/A,N/A,"ECO, fire proof, water proof, flexible, etc",N/A,N/A,N/A,N/A,WOODEN BOX/PALLETS,N/A,N/A,5.000 kg,N/A,20X30X5 cm,N/A,N/A,N/A,N/A,N/A,N/A,N/A,N/A,N/A,N/A,N/A,N/A,N/A,N/A,N/A,N/A,Others,N/A,N/A,N/A,N/A,N/A,cement concrete board,N/A,AVAILABLE,N/A,N/A,Villa,N/A,N/A,N/A,Modern,N/A,N/A,N/A,N/A,Block,N/A,N/A,N/A,N/A,N/A,N/A,N/A,N/A,N/A,N/A,N/A,N/A,N/A,N/A,N/A,HOLLOW CIRCLE,N/A,China,N/A,N/A,N/A,N/A,N/A,"FACADE, INTERIOR WALL",N/A,N/A,N/A
Easy Install Polyurethane Puff Sendwich Panel Pu Sandwich Panels For Cold Storage Room Garage Termoacustico,https://www.alibaba.com/product-detail/Easy-Install-Polyurethane-Puff-Sendwich-Panel_1601125563942.html,2025-02-11 22:48:29,N/A,N/A,N/A,N/A,N/A,Online technical support,N/A,N/A,N/A,N/A,N/A,N/A,N/A,N/A,N/A,N/A,N/A,N/A,N/A,N/A,N/A,Donghong,metal,N/A,N/A,N/A,N/A,N/A,N/A,N/A,N/A,N/A,N/A,N/A,N/A,N/A,N/A,N/A,N/A,N/A,N/A,N/A,N/A,N/A,N/A,N/A,N/A,N/A,5 years,N/A,N/A,N/A,N/A,N/A,N/A,N/A,N/A,N/A,N/A,N/A,N/A,N/A,N/A,N/A,N/A,N/A,N/A,Single item,N/A,N/A,N/A,N/A,N/A,N/A,N/A,N/A,N/A,N/A,N/A,N/A,N/A,N/A,N/A,kg,N/A,XX cm,N/A,N/A,N/A,N/A,N/A,N/A,N/A,N/A,N/A,N/A,N/A,N/A,N/A,N/A,N/A,N/A,"graphic design, 3D model design, total solution for projects",N/A,N/A,N/A,N/A,N/A,N/A,N/A,N/A,N/A,N/A,supermarket,N/A,N/A,N/A,Modern,N/A,N/A,N/A,N/A,N/A,N/A,N/A,N/A,N/A,N/A,N/A,N/A,N/A,N/A,N/A,N/A,N/A,N/A,N/A,N/A,None,N/A,"Hebei, China",N/A,N/A,N/A,N/A,N/A,N/A,N/A,N/A,N/A
ZENGTUO specializes in customization sandwich puff panel panel sandwich roofing boards Excellent fire insulation effect,https://www.alibaba.com/product-detail/ZENGTUO-specializes-in-customization-sandwich-puff_1600995911927.html,2025-02-11 22:48:41,N/A,N/A,N/A,N/A,N/A,"Online technical support, Onsite Installation, Onsite Training, Onsite Inspection",N/A,N/A,N/A,N/A,N/A,N/A,N/A,N/A,N/A,N/A,N/A,N/A,N/A,N/A,N/A,ZENGTUO,metal,N/A,N/A,N/A,N/A,500 Square Meter,Galvanized Steel,N/A,N/A,N/A,N/A,N/A,N/A,N/A,N/A,950mm,N/A,N/A,N/A,N/A,N/A,N/A,N/A,N/A,N/A,N/A,1 Year,N/A,N/A,N/A,N/A,N/A,N/A,N/A,PU Polyurethane,N/A,N/A,Seamless and seam connection,N/A,N/A,N/A,N/A,N/A,N/A,N/A,Single item,N/A,N/A,N/A,N/A,N/A,0.4-0.8mm,N/A,N/A,N/A,N/A,N/A,N/A,N/A,N/A,N/A,1.000 kg,N/A,20X20X5 cm,N/A,N/A,N/A,N/A,N/A,N/A,N/A,N/A,N/A,N/A,N/A,PPGI + Polyurethane +PPGI,N/A,N/A,N/A,N/A,"graphic design, 3D model design, total solution for projects",N/A,N/A,N/A,N/A,N/A,polyrethane,N/A,N/A,B1 Grade,N/A,Exterior Wall,N/A,N/A,N/A,Contemporary,N/A,N/A,N/A,N/A,N/A,N/A,N/A,N/A,N/A,N/A,N/A,N/A,N/A,N/A,N/A,N/A,N/A,N/A,N/A,N/A,N/A,N/A,"Henan, China",N/A,N/A,N/A,N/A,N/A,N/A,N/A,N/A,N/A
Aquatic Products and Seafood insulated freezer panels customization pur pu sandwich panels for cold room,https://www.alibaba.com/product-detail/Aquatic-Products-And-Seafood-Insulated-Freezer_1600976727680.html?s=p,2025-02-11 22:48:54,N/A,N/A,N/A,N/A,N/A,"Online technical support, Onsite Installation, Onsite Training, Onsite Inspection, Free spare parts",N/A,N/A,N/A,N/A,N/A,N/A,N/A,N/A,N/A,N/A,RAL Color,N/A,N/A,N/A,N/A,Shunwei,metal,N/A,Heat Insulaton,N/A,N/A,N/A,N/A,N/A,N/A,N/A,N/A,N/A,≥150or200,N/A,N/A,950mm/1000mm/1150mm,N/A,N/A,N/A,N/A,N/A,N/A,N/A,N/A,N/A,N/A,Lifetime,N/A,N/A,N/A,40/50/75/100/120/150/200mm,N/A,N/A,N/A,N/A,N/A,N/A,N/A,N/A,N/A,N/A,N/A,N/A,N/A,N/A,Single item,N/A,N/A,N/A,N/A,N/A,0.3-0.8mm,N/A,N/A,N/A,N/A,0-19m,N/A,N/A,N/A,N/A,1.000 kg,N/A,40X25X25 cm,N/A,N/A,N/A,Fire Resistant,N/A,N/A,N/A,N/A,N/A,N/A,N/A,N/A,N/A,N/A,N/A,N/A,"graphic design, 3D model design, total solution for projects, Cross Categories Consolidation",N/A,N/A,N/A,N/A,N/A,Color Steel/stainless steel,N/A,N/A,B1 level,N/A,Cold storage,N/A,N/A,N/A,Industrial,N/A,N/A,N/A,N/A,N/A,N/A,40-45kg/m3,N/A,N/A,N/A,N/A,N/A,N/A,N/A,N/A,N/A,N/A,N/A,N/A,N/A,Polyurethane,N/A,"Henan, China",N/A,N/A,N/A,N/A,N/A,N/A,N/A,N/A,N/A
N/A,https://www.alibaba.com/product-detail/Specializes-In-Customization-Foam-PU-Sandwich_1601264852234.html,2025-02-11 22:49:05,N/A,N/A,N/A,N/A,N/A,"Onsite Inspection, Onsite Training, Onsite Installation, Online technical support",N/A,N/A,N/A,N/A,50/75/100/120/150/mm,N/A,N/A,N/A,N/A,N/A,N/A,N/A,N/A,N/A,N/A,Haike,metal,N/A,N/A,N/A,N/A,N/A,N/A,N/A,N/A,N/A,N/A,N/A,N/A,N/A,N/A,1000/1120mm,Range is 0.3-0.6mm,N/A,N/A,N/A,N/A,N/A,N/A,N/A,N/A,N/A,3 years,N/A,40-45kg/m3,N/A,N/A,N/A,N/A,N/A,Polyurethane,N/A,N/A,N/A,N/A,N/A,N/A,N/A,N/A,N/A,N/A,Single item,N/A,N/A,N/A,N/A,N/A,N/A,N/A,N/A,N/A,N/A,"Customized, less than 11.8m",N/A,N/A,PU/Polyurethane Sandwich Panels,N/A,1.000 kg,N/A,20X20X20 cm,N/A,N/A,N/A,N/A,N/A,N/A,N/A,N/A,N/A,N/A,N/A,N/A,N/A,N/A,N/A,N/A,"graphic design, 3D model design, total solution for projects, Cross Categories Consolidation",N/A,N/A,N/A,N/A,N/A,N/A,N/A,N/A,N/A,N/A,Office Building,N/A,N/A,N/A,Modern,N/A,N/A,N/A,N/A,N/A,N/A,N/A,N/A,N/A,N/A,N/A,N/A,N/A,N/A,N/A,N/A,N/A,N/A,N/A,N/A,N/A,N/A,"Chongqing, China",N/A,N/A,N/A,N/A,N/A,N/A,N/A,N/A,N/A
N/A,https://www.alibaba.com/product-detail/Insulated-Cold-Storage-Sandwich-Panel-Price_1601243848269.html?s=p,2025-02-11 22:49:18,N/A,N/A,Polyurethane or rock wool,N/A,N/A,N/A,N/A,N/A,N/A,Copeland,N/A,N/A,N/A,N/A,N/A,Container,N/A,N/A,N/A,N/A,N/A,N/A,N/A,N/A,N/A,N/A,N/A,N/A,N/A,N/A,N/A,N/A,N/A,N/A,N/A,N/A,220 /380 /400V,N/A,N/A,Sliding / Swing / Hinged Door,N/A,N/A,N/A,N/A,N/A,"Shanghai, China",N/A,N/A,one year,N/A,N/A,N/A,N/A,N/A,N/A,N/A,N/A,N/A,N/A,N/A,N/A,N/A,Overseas service center available,N/A,N/A,Color steel or stainless steel,N/A,Single item,43,10W,N/A,Provided,N/A,N/A,N/A,N/A,N/A,Provided,N/A,N/A,N/A,Cold room pu sandwich panel,N/A,43.000 kg,N/A,590X122X10 cm,N/A,N/A,N/A,Insulation,N/A,N/A,N/A,N/A,1 Year,N/A,N/A,N/A,2.4*2.4*2.4 m / customized,Competitive Price,N/A,N/A,N/A,N/A,N/A,N/A,N/A,BP-041,N/A,N/A,N/A,N/A,N/A,N/A,N/A,N/A,N/A,N/A,N/A,N/A,N/A,N/A,N/A,N/A,N/A,N/A,0.426/0.5/0.6/0.8mm,N/A,"Pressure vessel, motor, Bearing, Gear, Gearbox, PLC, Pump, Engine, Other",N/A,N/A,N/A,N/A,N/A,N/A,N/A,N/A,N/A,N/A,N/A,N/A,N/A,N/A,N/A,N/A,N/A,cold room / cold storage,N/A,100/150/200 mm,BEIS
interior decorative wall pu culture feather stone 3d wall panel pu stone panels,https://www.alibaba.com/product-detail/interior-decorative-wall-pu-culture-feather_1601076389106.html,2025-02-11 22:50:31,N/A,N/A,N/A,N/A,N/A,"Online technical support, Other",N/A,N/A,N/A,N/A,25mm,N/A,N/A,N/A,N/A,N/A,"white, black, gray, cream, beige, or customized",N/A,N/A,N/A,N/A,BANGTUO,N/A,N/A,N/A,N/A,N/A,100 Piece,N/A,PU feather stone,N/A,N/A,N/A,N/A,N/A,N/A,N/A,N/A,N/A,N/A,N/A,N/A,N/A,N/A,N/A,N/A,N/A,N/A,More than 5 years,N/A,N/A,N/A,N/A,N/A,N/A,N/A,N/A,N/A,N/A,N/A,N/A,N/A,N/A,N/A,N/A,N/A,N/A,Single item,N/A,N/A,N/A,N/A,N/A,N/A,N/A,N/A,N/A,N/A,N/A,N/A,Carton,N/A,N/A,0.500 kg,N/A,30X13X2.5 cm,N/A,N/A,N/A,N/A,N/A,N/A,N/A,"lightweight, fast installation, fireproof, waterproof, strong",N/A,N/A,N/A,N/A,N/A,N/A,N/A,N/A,"total solution for projects, Others",N/A,N/A,N/A,Samples Offered Freely,N/A,Polyurethane PU Material,N/A,N/A,B2,N/A,Indoor and outdoor decoration,N/A,N/A,N/A,Modern,N/A,N/A,N/A,N/A,Big Slab,N/A,N/A,N/A,N/A,N/A,N/A,N/A,N/A,N/A,N/A,N/A,N/A,N/A,N/A,N/A,300*133mm,N/A,"Shandong, China",N/A,N/A,N/A,300*133mm,N/A,N/A,N/A,N/A,N/A
High Quality Cold Storage Panels Warehouse Insulation 50mm Puff Panels Insulation Sandwich Panels Available at Wholesale Price,https://www.alibaba.com/product-detail/High-Quality-Cold-Storage-Panels-Warehouse_1601162099723.html,2025-02-11 22:50:45,N/A,N/A,N/A,N/A,N/A,"Online technical support, Onsite Installation, Onsite Training, Onsite Inspection, Free spare parts, Return and Replacement, Other",N/A,N/A,N/A,N/A,N/A,N/A,N/A,N/A,N/A,N/A,N/A,N/A,N/A,N/A,N/A,None,metal,N/A,N/A,N/A,N/A,N/A,N/A,N/A,N/A,N/A,N/A,N/A,N/A,N/A,N/A,N/A,N/A,N/A,N/A,N/A,ISO9001 CE,N/A,N/A,N/A,N/A,N/A,1 Year,N/A,N/A,N/A,N/A,N/A,N/A,N/A,N/A,N/A,N/A,N/A,N/A,N/A,N/A,N/A,N/A,N/A,N/A,Single item,N/A,N/A,N/A,N/A,50/75/100/120/150/200mm,N/A,N/A,N/A,N/A,N/A,N/A,N/A,N/A,N/A,N/A,0.500 kg,N/A,50X50X12 cm,N/A,N/A,N/A,N/A,N/A,N/A,N/A,N/A,N/A,N/A,N/A,N/A,N/A,N/A,N/A,N/A,"graphic design, 3D model design, total solution for projects, Cross Categories Consolidation, NONE, Others",N/A,N/A,Sliding,N/A,N/A,Polyurethane Insulation Panels,Cam Lock,N/A,N/A,N/A,Commercial,N/A,N/A,PU Cold Room Storage Insulation Sandwich Board Panel Panels,Traditional,N/A,N/A,N/A,N/A,N/A,N/A,N/A,N/A,0.426/0.5/0.6/0.8mm,N/A,N/A,N/A,N/A,N/A,N/A,N/A,N/A,N/A,N/A,N/A,Customized,N/A,"Jiangsu, China",N/A,N/A,Customized Size,N/A,N/A,N/A,Hinged/Swing/Sliding Door,N/A,N/A
N/A,https://www.alibaba.com/product-detail/Flower-Storage-Insulated-MetalPIR-Wall-Pu_1600888824066.html?s=p,2025-02-11 22:50:59,N/A,N/A,N/A,N/A,N/A,"Online technical support, Onsite Installation, Onsite Training, Onsite Inspection, Free spare parts",N/A,N/A,N/A,N/A,50/75/100/120/150/200mm,N/A,N/A,N/A,N/A,N/A,Customer's Require,N/A,N/A,N/A,N/A,Shunwei,metal,N/A,N/A,N/A,N/A,N/A,Stainless steel or Color steel,N/A,N/A,N/A,N/A,N/A,N/A,N/A,N/A,960mm or Customized,N/A,N/A,N/A,N/A,N/A,N/A,N/A,N/A,N/A,N/A,Lifetime,N/A,N/A,N/A,N/A,N/A,N/A,N/A,PU Polyurethane,N/A,N/A,N/A,N/A,N/A,N/A,N/A,N/A,N/A,N/A,Single item,N/A,N/A,N/A,N/A,N/A,N/A,N/A,N/A,N/A,N/A,Customized,N/A,N/A,N/A,N/A,kg,Wanhua,XX cm,N/A,N/A,N/A,Fire Resistant,N/A,N/A,N/A,N/A,N/A,N/A,N/A,N/A,N/A,N/A,N/A,N/A,"graphic design, 3D model design, total solution for projects, Cross Categories Consolidation",N/A,N/A,N/A,N/A,N/A,"steel, Rock wool, PIR",N/A,N/A,B1 /B2 Grade OPTIONAL,N/A,Cold Room,N/A,N/A,N/A,Industrial,N/A,N/A,N/A,N/A,N/A,N/A,40-45kg/m3,N/A,N/A,N/A,N/A,N/A,N/A,N/A,N/A,N/A,N/A,N/A,N/A,N/A,Cam Lock Cold Room Panel,N/A,"Hainan, China",N/A,N/A,N/A,N/A,N/A,N/A,N/A,N/A,N/A
ZENGTUO specializes in customization sandwich puff panel panel sandwich roofing boards Excellent fire insulation effect,https://www.alibaba.com/product-detail/ZENGTUO-specializes-in-customization-sandwich-puff_1600995911927.html,2025-02-11 22:51:12,N/A,N/A,N/A,N/A,N/A,"Online technical support, Onsite Installation, Onsite Training, Onsite Inspection",N/A,N/A,N/A,N/A,N/A,N/A,N/A,N/A,N/A,N/A,N/A,N/A,N/A,N/A,N/A,ZENGTUO,metal,N/A,N/A,N/A,N/A,500 Square Meter,Galvanized Steel,N/A,N/A,N/A,N/A,N/A,N/A,N/A,N/A,950mm,N/A,N/A,N/A,N/A,N/A,N/A,N/A,N/A,N/A,N/A,1 Year,N/A,N/A,N/A,N/A,N/A,N/A,N/A,PU Polyurethane,N/A,N/A,Seamless and seam connection,N/A,N/A,N/A,N/A,N/A,N/A,N/A,Single item,N/A,N/A,N/A,N/A,N/A,0.4-0.8mm,N/A,N/A,N/A,N/A,N/A,N/A,N/A,N/A,N/A,1.000 kg,N/A,20X20X5 cm,N/A,N/A,N/A,N/A,N/A,N/A,N/A,N/A,N/A,N/A,N/A,PPGI + Polyurethane +PPGI,N/A,N/A,N/A,N/A,"graphic design, 3D model design, total solution for projects",N/A,N/A,N/A,N/A,N/A,polyrethane,N/A,N/A,B1 Grade,N/A,Exterior Wall,N/A,N/A,N/A,Contemporary,N/A,N/A,N/A,N/A,N/A,N/A,N/A,N/A,N/A,N/A,N/A,N/A,N/A,N/A,N/A,N/A,N/A,N/A,N/A,N/A,N/A,N/A,"Henan, China",N/A,N/A,N/A,N/A,N/A,N/A,N/A,N/A,N/A
Aquatic Products and Seafood insulated freezer panels customization pur pu sandwich panels for cold room,https://www.alibaba.com/product-detail/Aquatic-Products-And-Seafood-Insulated-Freezer_1600976727680.html?s=p,2025-02-11 22:51:29,N/A,N/A,N/A,N/A,N/A,"Online technical support, Onsite Installation, Onsite Training, Onsite Inspection, Free spare parts",N/A,N/A,N/A,N/A,N/A,N/A,N/A,N/A,N/A,N/A,RAL Color,N/A,N/A,N/A,N/A,Shunwei,metal,N/A,Heat Insulaton,N/A,N/A,N/A,N/A,N/A,N/A,N/A,N/A,N/A,≥150or200,N/A,N/A,950mm/1000mm/1150mm,N/A,N/A,N/A,N/A,N/A,N/A,N/A,N/A,N/A,N/A,Lifetime,N/A,N/A,N/A,40/50/75/100/120/150/200mm,N/A,N/A,N/A,N/A,N/A,N/A,N/A,N/A,N/A,N/A,N/A,N/A,N/A,N/A,Single item,N/A,N/A,N/A,N/A,N/A,0.3-0.8mm,N/A,N/A,N/A,N/A,0-19m,N/A,N/A,N/A,N/A,1.000 kg,N/A,40X25X25 cm,N/A,N/A,N/A,Fire Resistant,N/A,N/A,N/A,N/A,N/A,N/A,N/A,N/A,N/A,N/A,N/A,N/A,"graphic design, 3D model design, total solution for projects, Cross Categories Consolidation",N/A,N/A,N/A,N/A,N/A,Color Steel/stainless steel,N/A,N/A,B1 level,N/A,Cold storage,N/A,N/A,N/A,Industrial,N/A,N/A,N/A,N/A,N/A,N/A,40-45kg/m3,N/A,N/A,N/A,N/A,N/A,N/A,N/A,N/A,N/A,N/A,N/A,N/A,N/A,Polyurethane,N/A,"Henan, China",N/A,N/A,N/A,N/A,N/A,N/A,N/A,N/A,N/A
Customizable Modern Sandwich Puff Panel Excellent Fire Insulation Effect Steel Roofing Prefab Houses Walls Exteriors EPS PU,https://www.alibaba.com/product-detail/Customizable-Modern-Sandwich-Puff-Panel-Excellent_11000021329907.html,2025-02-11 22:51:43,N/A,N/A,N/A,N/A,N/A,"Online technical support, Onsite Installation, Onsite Training, Onsite Inspection",Sandwich Panel Movable Wall,N/A,N/A,N/A,N/A,N/A,N/A,N/A,N/A,N/A,Customized Color,N/A,N/A,N/A,N/A,BEIKE,metal,N/A,Fireproof,N/A,N/A,N/A,N/A,N/A,N/A,N/A,N/A,N/A,N/A,N/A,N/A,N/A,N/A,N/A,N/A,N/A,N/A,N/A,N/A,N/A,N/A,N/A,1 Year,N/A,N/A,N/A,N/A,N/A,N/A,N/A,Hard Polyurethane Foam,N/A,N/A,N/A,N/A,N/A,N/A,N/A,N/A,N/A,N/A,Single item,N/A,N/A,N/A,N/A,N/A,N/A,N/A,N/A,N/A,N/A,2000mm,N/A,N/A,PU Sandwich Panel,N/A,1.000 kg,N/A,1X1X1 cm,N/A,N/A,N/A,"water resistant, Fire Resistant",N/A,N/A,N/A,N/A,N/A,N/A,N/A,N/A,N/A,N/A,N/A,N/A,"graphic design, Cross Categories Consolidation",N/A,N/A,N/A,N/A,N/A,Metal+pu Foam+Aluminum Foil,N/A,N/A,N/A,N/A,Warehouse,N/A,N/A,N/A,Modern,N/A,N/A,Sustainable,N/A,N/A,N/A,N/A,N/A,N/A,N/A,N/A,N/A,N/A,N/A,N/A,N/A,N/A,N/A,N/A,N/A,CUSTOM,Wall Panel Board,"Shandong, China",N/A,N/A,N/A,Customized Sizes Support,N/A,Construction Insulation,N/A,N/A,N/A
N/A,https://www.alibaba.com/product-detail/High-Quality-PU-PIR-Fireproof-Steel_1601244351080.html?s=p,2025-02-11 22:51:56,N/A,N/A,Polyurethane or rock wool,N/A,N/A,N/A,N/A,N/A,N/A,Copeland,N/A,N/A,N/A,N/A,N/A,Container,N/A,N/A,N/A,N/A,N/A,N/A,N/A,N/A,N/A,N/A,N/A,N/A,N/A,N/A,N/A,N/A,N/A,N/A,N/A,N/A,220 /380 /400V,N/A,N/A,Sliding / Swing / Hinged Door,N/A,N/A,N/A,N/A,N/A,"Shanghai, China",N/A,N/A,one year,N/A,N/A,N/A,N/A,N/A,N/A,N/A,N/A,N/A,N/A,N/A,N/A,N/A,Overseas service center available,N/A,N/A,Color steel or stainless steel,N/A,Single item,43,10W,N/A,Provided,N/A,N/A,N/A,N/A,N/A,Provided,N/A,N/A,N/A,Cold room pu sandwich panel,N/A,43.100 kg,N/A,590X122X10 cm,N/A,N/A,N/A,Insulation,N/A,N/A,N/A,N/A,1 Year,N/A,N/A,N/A,2.4*2.4*2.4 m / customized,Competitive Price,N/A,N/A,N/A,N/A,N/A,N/A,N/A,BP-046,N/A,N/A,N/A,N/A,N/A,N/A,N/A,N/A,N/A,N/A,N/A,N/A,N/A,N/A,N/A,N/A,N/A,N/A,0.426/0.5/0.6/0.8mm,N/A,"Pressure vessel, motor, Bearing, Gear, Gearbox, PLC, Pump, Engine, Other",N/A,N/A,N/A,N/A,N/A,N/A,N/A,N/A,N/A,N/A,N/A,N/A,N/A,N/A,N/A,N/A,N/A,cold room / cold storage,N/A,100/150/200 mm,BEIS
Water resistant (polyurethane[)/pu sandwich panels wall metal panel fire rate insulation puff paneling,https://www.alibaba.com/product-detail/Water-resistant-polyurethane-pu-sandwich-panels_1600478870138.html,2025-02-11 22:52:08,950MM,N/A,N/A,N/A,N/A,"Online technical support, Onsite Installation, Onsite Training, Onsite Inspection, Free spare parts, Return and Replacement, other",N/A,N/A,N/A,N/A,N/A,N/A,N/A,N/A,N/A,N/A,N/A,N/A,N/A,20-200mm,N/A,HHT,metal,N/A,N/A,N/A,N/A,N/A,N/A,N/A,N/A,40-275g/m2,N/A,N/A,N/A,N/A,N/A,N/A,N/A,N/A,N/A,N/A,N/A,N/A,N/A,N/A,N/A,N/A,1 Year,"PPGI, PPGL, Stainless",N/A,N/A,N/A,N/A,N/A,N/A,Hard Polyurethane Foam,N/A,N/A,N/A,N/A,N/A,N/A,N/A,0.3mm-1mm,N/A,RAL Color,Single item,N/A,N/A,N/A,N/A,N/A,N/A,N/A,N/A,N/A,N/A,Customized,N/A,N/A,Polyurethane sandwich panel,N/A,kg,N/A,XX cm,N/A,N/A,N/A,N/A,N/A,N/A,N/A,N/A,N/A,N/A,N/A,N/A,N/A,N/A,N/A,N/A,"graphic design, 3D model design, total solution for projects, Others",N/A,N/A,N/A,N/A,N/A,N/A,N/A,N/A,N/A,N/A,School,N/A,N/A,N/A,Modern,N/A,N/A,N/A,N/A,N/A,N/A,40-42kg/m3,N/A,N/A,N/A,N/A,N/A,N/A,N/A,N/A,N/A,N/A,N/A,N/A,N/A,HHTP0004,N/A,China,N/A,N/A,N/A,N/A,N/A,N/A,N/A,N/A,N/A
Puff Panel Polyurethane Foam PUR PIR PUFF Cold Room Storage Warehouse Insulation Sandwich Panels Eps Sandwich Panel insulated,https://www.alibaba.com/product-detail/Puff-Panel-Polyurethane-Foam-PUR-PIR_1600948284737.html,2025-02-11 22:53:23,N/A,N/A,N/A,N/A,N/A,"Online technical support, Onsite Installation, Onsite Training, Onsite Inspection, Free spare parts, Return and Replacement",N/A,N/A,N/A,N/A,50-200mm,N/A,N/A,N/A,N/A,N/A,RAL Color,N/A,N/A,N/A,N/A,Sunscape,metal,N/A,N/A,N/A,N/A,N/A,N/A,N/A,N/A,N/A,N/A,N/A,N/A,N/A,N/A,1000/1135mm,N/A,N/A,N/A,N/A,FM  ISO9001 ISO14001,N/A,N/A,N/A,0.4-0.8mm,N/A,More than 5 years,N/A,N/A,N/A,N/A,N/A,N/A,N/A,Hard Polyurethane Foam,N/A,N/A,N/A,N/A,N/A,N/A,N/A,N/A,N/A,N/A,Single item,N/A,N/A,N/A,N/A,N/A,N/A,N/A,N/A,N/A,N/A,2-12m,N/A,N/A,Sandwich Panel,N/A,2.000 kg,N/A,20X15X10 cm,N/A,N/A,N/A,N/A,N/A,N/A,N/A,N/A,N/A,N/A,N/A,N/A,N/A,N/A,N/A,N/A,"graphic design, 3D model design, total solution for projects",N/A,N/A,N/A,N/A,N/A,N/A,N/A,N/A,N/A,N/A,Warehouse,N/A,N/A,N/A,Modern,N/A,N/A,N/A,N/A,N/A,N/A,38-40kg/m3,N/A,N/A,N/A,N/A,N/A,N/A,N/A,N/A,N/A,N/A,N/A,N/A,N/A,RPIC-501,N/A,"Shandong, China",N/A,N/A,N/A,N/A,N/A,N/A,N/A,N/A,N/A
Cold Room Sandwich Panel Walk in Cooler Panels Cold Storage Insulation Pa nels Sandwich Wall Panel rmally Insulated Fire-proof,https://www.alibaba.com/product-detail/Cold-Room-Sandwich-Panel-Walk-In_1601248237577.html?s=p,2025-02-11 22:53:28,N/A,N/A,N/A,N/A,N/A,N/A,N/A,N/A,N/A,N/A,N/A,N/A,N/A,N/A,N/A,N/A,N/A,N/A,N/A,N/A,N/A,N/A,N/A,N/A,N/A,N/A,N/A,N/A,N/A,N/A,N/A,N/A,N/A,N/A,N/A,N/A,N/A,N/A,N/A,N/A,N/A,N/A,N/A,N/A,N/A,N/A,N/A,N/A,N/A,N/A,N/A,N/A,N/A,N/A,N/A,N/A,N/A,N/A,N/A,N/A,N/A,N/A,N/A,N/A,N/A,N/A,N/A,N/A,N/A,N/A,N/A,N/A,N/A,N/A,N/A,N/A,N/A,N/A,N/A,N/A,N/A,N/A,N/A,N/A,N/A,N/A,N/A,N/A,N/A,N/A,N/A,N/A,N/A,N/A,N/A,N/A,N/A,N/A,N/A,N/A,N/A,N/A,N/A,N/A,N/A,N/A,N/A,N/A,N/A,N/A,N/A,N/A,N/A,N/A,N/A,N/A,N/A,N/A,N/A,N/A,N/A,N/A,N/A,N/A,N/A,N/A,N/A,N/A,N/A,N/A,N/A,N/A,N/A,N/A,N/A,N/A,N/A,N/A,N/A,N/A,N/A,N/A,N/A,N/A,N/A,N/A,N/A,N/A,N/A,N/A
N/A,https://www.alibaba.com/product-detail/Easy-Install-Polyurethane-Puff-Sendwich-Panel_11000019963401.html,2025-02-11 22:53:50,N/A,Prepainted,N/A,N/A,N/A,"Online technical support, Onsite Installation, Onsite Training, Onsite Inspection, Free spare parts, Other",N/A,N/A,N/A,N/A,N/A,N/A,N/A,N/A,N/A,N/A,N/A,50mm 75mm 100mm 120 150mm 200mm,N/A,N/A,N/A,TianShun,metal,N/A,N/A,N/A,N/A,N/A,N/A,N/A,N/A,N/A,N/A,N/A,N/A,N/A,N/A,N/A,N/A,N/A,N/A,N/A,N/A,N/A,N/A,N/A,N/A,0.022W/mK-0.026W/mK(25℃),1 Year,N/A,N/A,N/A,N/A,N/A,N/A,N/A,N/A,N/A,N/A,N/A,N/A,N/A,N/A,N/A,N/A,N/A,N/A,Single item,N/A,N/A,-185℃~+110℃,N/A,N/A,N/A,N/A,N/A,N/A,N/A,N/A,N/A,N/A,PU Sandwich Panel,N/A,70.000 kg,N/A,70X70X70 cm,0.4mm~0.8mm,N/A,N/A,N/A,N/A,N/A,N/A,N/A,N/A,N/A,N/A,N/A,N/A,N/A,N/A,N/A,"graphic design, 3D model design, total solution for projects, Cross Categories Consolidation",1120 mm   1000mm   1150mm,N/A,N/A,N/A,N/A,N/A,N/A,N/A,N/A,N/A,Warehouse,less 3%,B1,N/A,Modern,N/A,N/A,N/A,N/A,N/A,N/A,38-45kg per cubic meter,N/A,N/A,N/A,N/A,N/A,N/A,N/A,N/A,N/A,N/A,N/A,N/A,N/A,TSpanel-0516,N/A,"Henan, China",N/A,N/A,N/A,N/A,N/A,N/A,N/A,N/A,N/A
N/A,https://www.alibaba.com/product-detail/Aluminum-Composite-Panel-Acp-Sheet-Pe_1600090287859.html?s=p,2025-02-11 22:54:13,N/A,N/A,N/A,400000 Square Meter/Square Meters per   Month,N/A,Online technical support,N/A,N/A,N/A,N/A,N/A,SHANGHAI/NINGBO,N/A,N/A,N/A,N/A,N/A,N/A,N/A,N/A,N/A,Reliabond or OEM,N/A,N/A,N/A,"Anti-static, Antibacterial, Fireproof, Mould-Proof",N/A,500 Square Meter per color,N/A,N/A,N/A,N/A,N/A,N/A,N/A,N/A,N/A,1220mm/1250mm/1500mm/1570mm,N/A,N/A,N/A,N/A,N/A,N/A,N/A,N/A,N/A,N/A,More than 5 years,N/A,N/A,"0.03mm to 0.5mm,regular is 0.12mm,0.15mm,0.21mm,0.3mm,0.5mm",N/A,N/A,CE/SGS/ISO9001,N/A,N/A,N/A,N/A,N/A,N/A,N/A,N/A,N/A,N/A,N/A,N/A,N/A,N/A,N/A,N/A,N/A,N/A,N/A,N/A,N/A,N/A,N/A,Max 6000mm,N/A,N/A,"Aluminnum Composite Panel,ACM",N/A,N/A,N/A,N/A,N/A,N/A,N/A,N/A,N/A,N/A,PVDF:15-20   PE:5-10 Years,N/A,N/A,N/A,N/A,N/A,N/A,N/A,"Anodized, Brushed, Foil Decoration, Mirror, PE Coated, Printing, PVDF Coated, Other",N/A,"3D model design, total solution for projects, Others",N/A,N/A,N/A,N/A,N/A,N/A,N/A,N/A,N/A,N/A,"architecture,wall facade cladding,digital printing,advertising",N/A,N/A,N/A,N/A,N/A,N/A,N/A,N/A,N/A,"in bulk, wooden pallet",N/A,N/A,N/A,N/A,N/A,N/A,N/A,N/A,N/A,N/A,N/A,N/A,N/A,N/A,4x8ft(1220x2440mm),outdoor,"Zhejiang, China",N/A,"PE,PVDF,FEVE",N/A,"1220x2440mm,4x8feet",N/A,N/A,N/A,"2mm,3mm,4mm,5mm,6mm",N/A
hot selling high quality Roof Sheet Sandwich Puff Panel for Industrial Use,https://www.alibaba.com/product-detail/hot-selling-high-quality-Roof-Sheet_1601213351974.html,2025-02-11 22:54:26,N/A,N/A,N/A,N/A,N/A,N/A,N/A,N/A,N/A,N/A,N/A,N/A,N/A,N/A,N/A,N/A,N/A,N/A,N/A,N/A,N/A,N/A,N/A,N/A,N/A,N/A,N/A,N/A,N/A,N/A,N/A,N/A,N/A,N/A,N/A,N/A,N/A,N/A,N/A,N/A,N/A,N/A,N/A,N/A,N/A,N/A,N/A,N/A,N/A,N/A,N/A,N/A,N/A,N/A,N/A,N/A,N/A,N/A,N/A,N/A,N/A,N/A,N/A,N/A,N/A,N/A,N/A,N/A,N/A,N/A,N/A,N/A,N/A,N/A,N/A,N/A,N/A,N/A,N/A,N/A,N/A,N/A,N/A,N/A,N/A,N/A,N/A,N/A,N/A,N/A,N/A,N/A,N/A,N/A,N/A,N/A,N/A,N/A,N/A,N/A,N/A,N/A,N/A,N/A,N/A,N/A,N/A,N/A,N/A,N/A,N/A,N/A,N/A,N/A,N/A,N/A,N/A,N/A,N/A,N/A,N/A,N/A,N/A,N/A,N/A,N/A,N/A,N/A,N/A,N/A,N/A,N/A,N/A,N/A,N/A,N/A,N/A,N/A,N/A,N/A,N/A,N/A,N/A,N/A,N/A,N/A,N/A,N/A,N/A,N/A
Cement fiber board cement panel concrete wall panels precast concrete board cement sheet wall panel,https://www.alibaba.com/product-detail/Cement-Fiber-Board-Cement-panel-Concrete_1600957324645.html?s=p,2025-02-11 22:54:39,N/A,N/A,N/A,N/A,N/A,N/A,N/A,N/A,N/A,N/A,N/A,N/A,N/A,N/A,N/A,N/A,N/A,N/A,N/A,N/A,N/A,N/A,N/A,N/A,N/A,N/A,N/A,N/A,N/A,N/A,N/A,N/A,N/A,N/A,N/A,N/A,N/A,N/A,N/A,N/A,N/A,N/A,N/A,N/A,N/A,N/A,N/A,N/A,N/A,N/A,N/A,N/A,N/A,N/A,N/A,N/A,N/A,N/A,N/A,N/A,N/A,N/A,N/A,N/A,N/A,N/A,N/A,N/A,N/A,N/A,N/A,N/A,N/A,N/A,N/A,N/A,N/A,N/A,N/A,N/A,N/A,N/A,N/A,N/A,N/A,N/A,N/A,N/A,N/A,N/A,N/A,N/A,N/A,N/A,N/A,N/A,N/A,N/A,N/A,N/A,N/A,N/A,N/A,N/A,N/A,N/A,N/A,N/A,N/A,N/A,N/A,N/A,N/A,N/A,N/A,N/A,N/A,N/A,N/A,N/A,N/A,N/A,N/A,N/A,N/A,N/A,N/A,N/A,N/A,N/A,N/A,N/A,N/A,N/A,N/A,N/A,N/A,N/A,N/A,N/A,N/A,N/A,N/A,N/A,N/A,N/A,N/A,N/A,N/A,N/A
pu sandwich panels for cold room cold room insulation panels puff panel making machine for cold room,https://www.alibaba.com/product-detail/pu-sandwich-panels-for-cold-room_1601072612149.html,2025-02-11 22:54:50,N/A,N/A,N/A,N/A,N/A,N/A,N/A,N/A,N/A,N/A,N/A,N/A,N/A,N/A,N/A,N/A,N/A,N/A,N/A,N/A,N/A,N/A,N/A,N/A,N/A,N/A,N/A,N/A,N/A,N/A,N/A,N/A,N/A,N/A,N/A,N/A,N/A,N/A,N/A,N/A,N/A,N/A,N/A,N/A,N/A,N/A,N/A,N/A,N/A,N/A,N/A,N/A,N/A,N/A,N/A,N/A,N/A,N/A,N/A,N/A,N/A,N/A,N/A,N/A,N/A,N/A,N/A,N/A,N/A,N/A,N/A,N/A,N/A,N/A,N/A,N/A,N/A,N/A,N/A,N/A,N/A,N/A,N/A,N/A,N/A,N/A,N/A,N/A,N/A,N/A,N/A,N/A,N/A,N/A,N/A,N/A,N/A,N/A,N/A,N/A,N/A,N/A,N/A,N/A,N/A,N/A,N/A,N/A,N/A,N/A,N/A,N/A,N/A,N/A,N/A,N/A,N/A,N/A,N/A,N/A,N/A,N/A,N/A,N/A,N/A,N/A,N/A,N/A,N/A,N/A,N/A,N/A,N/A,N/A,N/A,N/A,N/A,N/A,N/A,N/A,N/A,N/A,N/A,N/A,N/A,N/A,N/A,N/A,N/A,N/A
4*8 Feet 3mm or 4mm Acp Aluminium Composite Panels For Wall Cladding Decoration,https://www.alibaba.com/product-detail/4-8-Feet-3mm-Or-4mm_1600090298368.html?s=p,2025-02-11 22:54:59,N/A,N/A,N/A,N/A,N/A,N/A,N/A,N/A,N/A,N/A,N/A,N/A,N/A,N/A,N/A,N/A,N/A,N/A,N/A,N/A,N/A,N/A,N/A,N/A,N/A,N/A,N/A,N/A,N/A,N/A,N/A,N/A,N/A,N/A,N/A,N/A,N/A,N/A,N/A,N/A,N/A,N/A,N/A,N/A,N/A,N/A,N/A,N/A,N/A,N/A,N/A,N/A,N/A,N/A,N/A,N/A,N/A,N/A,N/A,N/A,N/A,N/A,N/A,N/A,N/A,N/A,N/A,N/A,N/A,N/A,N/A,N/A,N/A,N/A,N/A,N/A,N/A,N/A,N/A,N/A,N/A,N/A,N/A,N/A,N/A,N/A,N/A,N/A,N/A,N/A,N/A,N/A,N/A,N/A,N/A,N/A,N/A,N/A,N/A,N/A,N/A,N/A,N/A,N/A,N/A,N/A,N/A,N/A,N/A,N/A,N/A,N/A,N/A,N/A,N/A,N/A,N/A,N/A,N/A,N/A,N/A,N/A,N/A,N/A,N/A,N/A,N/A,N/A,N/A,N/A,N/A,N/A,N/A,N/A,N/A,N/A,N/A,N/A,N/A,N/A,N/A,N/A,N/A,N/A,N/A,N/A,N/A,N/A,N/A,N/A
puff panel 80mm cold room panel 150mm mobile cold room pu insulation panel,https://www.alibaba.com/product-detail/puff-panel-80mm-cold-room-panel_62363746020.html,2025-02-11 22:55:10,N/A,N/A,N/A,N/A,N/A,N/A,N/A,N/A,N/A,N/A,N/A,N/A,N/A,N/A,N/A,N/A,N/A,N/A,N/A,N/A,N/A,N/A,N/A,N/A,N/A,N/A,N/A,N/A,N/A,N/A,N/A,N/A,N/A,N/A,N/A,N/A,N/A,N/A,N/A,N/A,N/A,N/A,N/A,N/A,N/A,N/A,N/A,N/A,N/A,N/A,N/A,N/A,N/A,N/A,N/A,N/A,N/A,N/A,N/A,N/A,N/A,N/A,N/A,N/A,N/A,N/A,N/A,N/A,N/A,N/A,N/A,N/A,N/A,N/A,N/A,N/A,N/A,N/A,N/A,N/A,N/A,N/A,N/A,N/A,N/A,N/A,N/A,N/A,N/A,N/A,N/A,N/A,N/A,N/A,N/A,N/A,N/A,N/A,N/A,N/A,N/A,N/A,N/A,N/A,N/A,N/A,N/A,N/A,N/A,N/A,N/A,N/A,N/A,N/A,N/A,N/A,N/A,N/A,N/A,N/A,N/A,N/A,N/A,N/A,N/A,N/A,N/A,N/A,N/A,N/A,N/A,N/A,N/A,N/A,N/A,N/A,N/A,N/A,N/A,N/A,N/A,N/A,N/A,N/A,N/A,N/A,N/A,N/A,N/A,N/A
N/A,https://www.alibaba.com/product-detail/Customized-40mm-50mm-Sectional-Sandwich-Construction_1601249978136.html?s=p,2025-02-11 22:55:38,N/A,N/A,N/A,N/A,N/A,"Online technical support, Free spare parts",Security Doors,N/A,N/A,N/A,N/A,N/A,N/A,N/A,15-20days,N/A,N/A,N/A,N/A,N/A,N/A,CHI,N/A,N/A,N/A,N/A,N/A,N/A,N/A,N/A,N/A,N/A,Client's Request,Wooden Crate,N/A,N/A,N/A,N/A,N/A,N/A,N/A,N/A,N/A,N/A,Glass,N/A,N/A,N/A,1 Year,N/A,N/A,N/A,N/A,N/A,N/A,N/A,N/A,N/A,N/A,N/A,N/A,N/A,N/A,N/A,N/A,N/A,N/A,Single item,N/A,N/A,N/A,N/A,N/A,N/A,Outward,N/A,N/A,N/A,N/A,N/A,N/A,N/A,Finished,50.000 kg,N/A,50X50X50 cm,N/A,N/A,N/A,Waterproof,N/A,N/A,N/A,N/A,N/A,N/A,N/A,N/A,N/A,N/A,N/A,Adjustment Knock-down Wood Frame,graphic design,N/A,N/A,N/A,N/A,N/A,Galvanized Steel,N/A,N/A,N/A,N/A,Home Office,N/A,N/A,N/A,Modern,N/A,N/A,N/A,Push and Pull,N/A,N/A,N/A,N/A,N/A,N/A,N/A,N/A,N/A,N/A,PVC,N/A,N/A,Garage,"Nylon, fiberglass",N/A,CHD05,N/A,"Jiangsu, China",N/A,N/A,N/A,Inquire,N/A,Entrance Security,Polymer,N/A,N/A
N/A,https://www.alibaba.com/product-detail/Water-resistant-polyurethane-pu-sandwich-panels_1600478870138.html,2025-02-11 22:55:57,950MM,N/A,N/A,N/A,N/A,"Online technical support, Onsite Installation, Onsite Training, Onsite Inspection, Free spare parts, Return and Replacement, other",N/A,N/A,N/A,N/A,N/A,N/A,N/A,N/A,N/A,N/A,N/A,N/A,N/A,20-200mm,N/A,HHT,metal,N/A,N/A,N/A,N/A,N/A,N/A,N/A,N/A,40-275g/m2,N/A,N/A,N/A,N/A,N/A,N/A,N/A,N/A,N/A,N/A,N/A,N/A,N/A,N/A,N/A,N/A,1 Year,"PPGI, PPGL, Stainless",N/A,N/A,N/A,N/A,N/A,N/A,Hard Polyurethane Foam,N/A,N/A,N/A,N/A,N/A,N/A,N/A,0.3mm-1mm,N/A,RAL Color,Single item,N/A,N/A,N/A,N/A,N/A,N/A,N/A,N/A,N/A,N/A,Customized,N/A,N/A,Polyurethane sandwich panel,N/A,kg,N/A,XX cm,N/A,N/A,N/A,N/A,N/A,N/A,N/A,N/A,N/A,N/A,N/A,N/A,N/A,N/A,N/A,N/A,"graphic design, 3D model design, total solution for projects, Others",N/A,N/A,N/A,N/A,N/A,N/A,N/A,N/A,N/A,N/A,School,N/A,N/A,N/A,Modern,N/A,N/A,N/A,N/A,N/A,N/A,40-42kg/m3,N/A,N/A,N/A,N/A,N/A,N/A,N/A,N/A,N/A,N/A,N/A,N/A,N/A,HHTP0004,N/A,China,N/A,N/A,N/A,N/A,N/A,N/A,N/A,N/A,N/A
Best Price Construction Fireproof Fireproof Insulation Board Heat Resistance Panel,https://www.alibaba.com/product-detail/Best-Price-Construction-Fireproof-Fireproof-Insulation_1601364006017.html?s=p,2025-02-11 22:56:13,N/A,N/A,N/A,N/A,N/A,Online technical support,N/A,N/A,N/A,N/A,N/A,N/A,N/A,N/A,N/A,N/A,N/A,N/A,N/A,N/A,N/A,Qiangyi,N/A,N/A,N/A,N/A,N/A,N/A,N/A,N/A,3kg,N/A,N/A,Loose Packaging,N/A,N/A,N/A,N/A,N/A,N/A,N/A,N/A,N/A,N/A,N/A,N/A,N/A,N/A,1 Year,N/A,N/A,N/A,N/A,N/A,N/A,N/A,N/A,N/A,N/A,N/A,N/A,N/A,N/A,N/A,N/A,N/A,N/A,N/A,N/A,N/A,N/A,N/A,N/A,N/A,N/A,N/A,N/A,N/A,N/A,N/A,N/A,Fireproof board,N/A,N/A,N/A,N/A,N/A,N/A,N/A,Fireproof,N/A,N/A,N/A,N/A,N/A,N/A,E0,N/A,N/A,N/A,N/A,N/A,total solution for projects,N/A,N/A,N/A,N/A,N/A,N/A,N/A,N/A,N/A,N/A,"Furniture, Hotel",N/A,N/A,N/A,Modern,N/A,N/A,N/A,N/A,N/A,N/A,N/A,N/A,N/A,N/A,N/A,N/A,N/A,N/A,Eucalyptus,N/A,N/A,N/A,N/A,N/A,Fireproof board,Indoor,China,N/A,N/A,N/A,N/A,N/A,N/A,N/A,N/A,N/A
Customizable Modern Sandwich Puff Panel Excellent Fire Insulation Effect Steel Roofing Prefab Houses Walls Exteriors EPS PU,https://www.alibaba.com/product-detail/Customizable-Modern-Sandwich-Puff-Panel-Excellent_11000021329907.html,2025-02-11 22:56:32,N/A,N/A,N/A,N/A,N/A,"Online technical support, Onsite Installation, Onsite Training, Onsite Inspection",Sandwich Panel Movable Wall,N/A,N/A,N/A,N/A,N/A,N/A,N/A,N/A,N/A,Customized Color,N/A,N/A,N/A,N/A,BEIKE,metal,N/A,Fireproof,N/A,N/A,N/A,N/A,N/A,N/A,N/A,N/A,N/A,N/A,N/A,N/A,N/A,N/A,N/A,N/A,N/A,N/A,N/A,N/A,N/A,N/A,N/A,1 Year,N/A,N/A,N/A,N/A,N/A,N/A,N/A,Hard Polyurethane Foam,N/A,N/A,N/A,N/A,N/A,N/A,N/A,N/A,N/A,N/A,Single item,N/A,N/A,N/A,N/A,N/A,N/A,N/A,N/A,N/A,N/A,2000mm,N/A,N/A,PU Sandwich Panel,N/A,1.000 kg,N/A,1X1X1 cm,N/A,N/A,N/A,"water resistant, Fire Resistant",N/A,N/A,N/A,N/A,N/A,N/A,N/A,N/A,N/A,N/A,N/A,N/A,"graphic design, Cross Categories Consolidation",N/A,N/A,N/A,N/A,N/A,Metal+pu Foam+Aluminum Foil,N/A,N/A,N/A,N/A,Warehouse,N/A,N/A,N/A,Modern,N/A,N/A,Sustainable,N/A,N/A,N/A,N/A,N/A,N/A,N/A,N/A,N/A,N/A,N/A,N/A,N/A,N/A,N/A,N/A,N/A,CUSTOM,Wall Panel Board,"Shandong, China",N/A,N/A,N/A,Customized Sizes Support,N/A,Construction Insulation,N/A,N/A,N/A
New Arrival Bamboo Charcoal Wood Veneer Bamboo Fiber Wall Decor Indoor Wall Panels,https://www.alibaba.com/product-detail/New-Arrival-Bamboo-Charcoal-Wood-Veneer_1601365178213.html?s=p,2025-02-11 22:56:44,N/A,N/A,N/A,N/A,N/A,N/A,N/A,N/A,N/A,N/A,N/A,N/A,N/A,N/A,N/A,N/A,N/A,N/A,N/A,N/A,N/A,N/A,N/A,N/A,N/A,N/A,N/A,N/A,N/A,N/A,N/A,N/A,N/A,N/A,N/A,N/A,N/A,N/A,N/A,N/A,N/A,N/A,N/A,N/A,N/A,N/A,N/A,N/A,N/A,N/A,N/A,N/A,N/A,N/A,N/A,N/A,N/A,N/A,N/A,N/A,N/A,N/A,N/A,N/A,N/A,N/A,N/A,N/A,N/A,N/A,N/A,N/A,N/A,N/A,N/A,N/A,N/A,N/A,N/A,N/A,N/A,N/A,N/A,N/A,N/A,N/A,N/A,N/A,N/A,N/A,N/A,N/A,N/A,N/A,N/A,N/A,N/A,N/A,N/A,N/A,N/A,N/A,N/A,N/A,N/A,N/A,N/A,N/A,N/A,N/A,N/A,N/A,N/A,N/A,N/A,N/A,N/A,N/A,N/A,N/A,N/A,N/A,N/A,N/A,N/A,N/A,N/A,N/A,N/A,N/A,N/A,N/A,N/A,N/A,N/A,N/A,N/A,N/A,N/A,N/A,N/A,N/A,N/A,N/A,N/A,N/A,N/A,N/A,N/A,N/A
N/A,https://www.alibaba.com/product-detail/pu-sandwich-panels-for-cold-room_1601182416056.html,2025-02-11 22:56:56,N/A,N/A,N/A,N/A,N/A,Online technical support etc,N/A,N/A,N/A,N/A,50/75/100/120/150/200mm,N/A,N/A,N/A,N/A,N/A,N/A,N/A,N/A,N/A,N/A,N/A,Metal,N/A,N/A,N/A,N/A,N/A,"SUS304/316,PPGI,Aluminum",N/A,N/A,N/A,N/A,N/A,N/A,N/A,N/A,N/A,N/A,N/A,N/A,N/A,N/A,N/A,N/A,"Anhui, China",N/A,N/A,N/A,N/A,N/A,N/A,N/A,N/A,N/A,N/A,PU Polyurethane,N/A,N/A,N/A,N/A,N/A,N/A,N/A,N/A,N/A,N/A,Single item,40,N/A,N/A,Provided,N/A,N/A,N/A,N/A,N/A,Provided,N/A,N/A,N/A,N/A,N/A,4.300 kg,N/A,49X51X11 cm,N/A,N/A,N/A,N/A,N/A,N/A,N/A,N/A,"1 Year, One Year",N/A,N/A,N/A,N/A,N/A,N/A,N/A,N/A,N/A,N/A,N/A,N/A,N/A,N/A,N/A,N/A,N/A,N/A,Cold Room,N/A,N/A,N/A,N/A,N/A,N/A,N/A,N/A,N/A,N/A,N/A,N/A,N/A,N/A,motor,N/A,N/A,N/A,N/A,N/A,N/A,N/A,N/A,N/A,"PU Camlock,PIR without camlock",N/A,N/A,N/A,N/A,N/A,N/A,N/A,N/A,N/A,N/A,"Moon, Moon"
Slaughterhouse sandwich pu panels 100mm 120mm 100mm 600mm for outdoor,https://www.alibaba.com/product-detail/Slaughterhouse-Sandwich-Pu-panels-100mm-120mm_1601004383585.html?s=p,2025-02-11 22:57:13,N/A,N/A,N/A,N/A,B1,"Online technical support, Onsite Training, Onsite Inspection",N/A,N/A,N/A,N/A,N/A,N/A,N/A,N/A,N/A,N/A,N/A,N/A,N/A,N/A,N/A,sharewe,metal,N/A,N/A,N/A,N/A,N/A,N/A,N/A,N/A,N/A,N/A,N/A,N/A,≥1%,N/A,N/A,N/A,N/A,N/A,N/A,N/A,N/A,N/A,N/A,N/A,≤0.024W/M.K,Lifetime,N/A,N/A,N/A,N/A,N/A,N/A,N/A,N/A,N/A,N/A,N/A,1130mm,N/A,N/A,N/A,N/A,N/A,N/A,N/A,N/A,N/A,N/A,N/A,N/A,N/A,N/A,N/A,≥95%,N/A,Customer`s Requirement,N/A,N/A,N/A,N/A,N/A,N/A,N/A,N/A,0.3/0.35/0.4/0.5(mm),≤3%,Fire Resistant,N/A,N/A,N/A,N/A,N/A,50/75/100/120/150/200(mm),N/A,N/A,N/A,N/A,N/A,N/A,"graphic design, 3D model design, total solution for projects",N/A,N/A,N/A,N/A,N/A,"PIR, Rock wool, steel",N/A,N/A,N/A,N/A,"Cold storage, workshop",N/A,N/A,N/A,Modern,N/A,N/A,N/A,N/A,N/A,N/A,40-45KG/m³,N/A,N/A,N/A,N/A,≤±1%,N/A,N/A,N/A,N/A,N/A,N/A,N/A,N/A,N/A,N/A,Xinxiang China,N/A,N/A,N/A,N/A,N/A,N/A,N/A,N/A,N/A
Hot Selling Fireproof Pu Sandwich Panel Cold Rooms Sandwich Puff Panel Roof Metal Sheet Pu rock wool machine,https://www.alibaba.com/product-detail/Hot-Selling-Fireproof-Pu-Sandwich-Panel_1601060127373.html,2025-02-11 22:57:26,N/A,N/A,N/A,N/A,N/A,N/A,Tile Forming Machine,1220mm,N/A,N/A,N/A,N/A,N/A,N/A,N/A,N/A,N/A,N/A,N/A,N/A,Auotomatic,xinnuo,N/A,Provided,N/A,N/A,N/A,N/A,N/A,N/A,N/A,N/A,N/A,N/A,N/A,N/A,N/A,N/A,N/A,N/A,PLC(imported Brand),N/A,N/A,Colored Glaze Steel,N/A,N/A,N/A,N/A,1 Year,N/A,N/A,N/A,N/A,45#steel Chrome Plated,N/A,N/A,N/A,0.3-0.8mm,Provided,N/A,N/A,10000 kg,Life Time Technology Service,Fully Atomatically,N/A,N/A,N/A,Single item,N/A,N/A,N/A,N/A,N/A,N/A,N/A,N/A,N/A,N/A,N/A,N/A,N/A,rock wool machine,N/A,68.000 kg,N/A,150X100X75 cm,N/A,N/A,N/A,N/A,N/A,N/A,N/A,N/A,N/A,N/A,N/A,N/A,N/A,N/A,N/A,N/A,N/A,N/A,N/A,N/A,N/A,N/A,N/A,N/A,N/A,N/A,N/A,Roof Sheet Production,N/A,N/A,Colored Steel Roof Making Machine,N/A,800*1200*1300mm,"Bearing, Gear, Engine, PLC",N/A,N/A,N/A,N/A,N/A,High Grade No.45 Forged,N/A,N/A,N/A,N/A,N/A,High Productivity,N/A,N/A,380V 50Hz 3phases or as your requirement,N/A,N/A,N/A,N/A,ROOF,HEB,N/A,N/A,N/A,N/A,N/A,Steel Construction,N/A,N/A,N/A
N/A,https://www.alibaba.com/product-detail/Factory-Price-Building-Materials-Ceiling-panels_1601224866811.html?s=p,2025-02-11 22:57:40,N/A,Matte,N/A,N/A,N/A,NONE,Building Furniture,N/A,N/A,N/A,1-25mm,N/A,N/A,N/A,N/A,N/A,White,N/A,N/A,N/A,N/A,LUCKYBOND,N/A,N/A,N/A,Water-proof,N/A,N/A,N/A,N/A,N/A,N/A,N/A,N/A,N/A,N/A,N/A,N/A,N/A,N/A,N/A,N/A,ISO9001,N/A,N/A,N/A,N/A,N/A,More than 5 years,N/A,N/A,N/A,N/A,N/A,N/A,N/A,N/A,N/A,N/A,N/A,N/A,N/A,N/A,N/A,N/A,N/A,N/A,Single item,N/A,N/A,N/A,N/A,N/A,N/A,N/A,N/A,N/A,N/A,N/A,N/A,N/A,PVC foam board,N/A,36.000 kg,N/A,122X244X20 cm,N/A,N/A,N/A,Environment Friendly,N/A,N/A,N/A,N/A,N/A,N/A,N/A,N/A,N/A,N/A,N/A,N/A,Others,N/A,N/A,N/A,N/A,N/A,Plastic,N/A,N/A,N/A,N/A,Kitchen,N/A,N/A,N/A,Modern,N/A,N/A,N/A,N/A,N/A,N/A,N/A,N/A,N/A,N/A,N/A,N/A,N/A,N/A,N/A,N/A,N/A,N/A,N/A,N/A,PVC foam board,N/A,"Zhejiang, China",N/A,N/A,N/A,N/A,N/A,N/A,N/A,N/A,N/A
Factory Fireproof PU Profiled Sandwich Roofing Panel Puff Exterior Exterior Wall Insulation PU Sandwich Panel,https://www.alibaba.com/product-detail/Factory-Fireproof-PU-Profiled-Sandwich-Roofing_1601244376894.html,2025-02-11 22:57:52,N/A,N/A,N/A,N/A,N/A,Online technical support,N/A,N/A,Color Coated Steel Sheet / Stainless steel plate,N/A,N/A,N/A,N/A,N/A,N/A,N/A,N/A,N/A,N/A,N/A,N/A,BESINO,metal,N/A,N/A,N/A,N/A,N/A,N/A,N/A,N/A,N/A,N/A,N/A,N/A,N/A,N/A,950mm 1150mm,N/A,N/A,N/A,38-42kg/m3,N/A,N/A,N/A,N/A,N/A,N/A,5 years,N/A,N/A,N/A,"50mm,75mm,100mm,120mm",N/A,N/A,N/A,N/A,N/A,N/A,N/A,N/A,N/A,N/A,N/A,N/A,N/A,N/A,Single item,N/A,N/A,N/A,N/A,N/A,N/A,N/A,N/A,N/A,N/A,N/A,N/A,N/A,PU Sandwich Panel,N/A,8.200 kg,N/A,105X100X10 cm,N/A,N/A,N/A,N/A,According to customers' request,N/A,N/A,N/A,N/A,N/A,N/A,N/A,N/A,N/A,N/A,N/A,"graphic design, 3D model design, total solution for projects, Cross Categories Consolidation",N/A,N/A,N/A,N/A,N/A,N/A,N/A,N/A,N/A,PU  Core,"Warehouse;Office,Farmhouse",N/A,N/A,N/A,Modern,N/A,N/A,N/A,N/A,N/A,N/A,N/A,N/A,N/A,N/A,N/A,N/A,Exterior plate and Inner plate: Aluzinc or Zinc coating,N/A,N/A,N/A,N/A,N/A,N/A,According to customers' request,"BESINO-PU-950,1150",N/A,"Shandong, China",0.3mm-0.8mm,N/A,N/A,N/A,N/A,N/A,N/A,N/A,N/A
Lightweight FRP Panels RV Body Impact Resistant Long-Lasting Walls Exterior Core Materials Include EPS PIR XPS Sandwich Panels,https://www.alibaba.com/product-detail/Lightweight-FRP-Panels-RV-Body-Impact_1601265418833.html?s=p&selectedCarrierCode=SEMI_MANAGED_ECONOMIC@@ECONOMY,2025-02-11 22:58:04,N/A,N/A,N/A,N/A,N/A,"Online technical support, Other",N/A,N/A,N/A,N/A,N/A,N/A,N/A,-40℃-120℃,N/A,N/A,N/A,N/A,N/A,N/A,N/A,shining,Nonmetal,N/A,Flexible Anti Corrosion,N/A,>220℃,N/A,N/A,N/A,N/A,N/A,N/A,N/A,N/A,N/A,N/A,N/A,N/A,N/A,N/A,N/A,N/A,N/A,N/A,N/A,N/A,N/A,2 years,N/A,N/A,N/A,N/A,N/A,N/A,Max 75% (Related to color and thickness),N/A,N/A,N/A,N/A,N/A,N/A,N/A,N/A,N/A,N/A,N/A,Single item,N/A,N/A,N/A,N/A,N/A,N/A,N/A,N/A,N/A,N/A,N/A,Corrosion resistant gelcoat layer,N/A,N/A,N/A,0.500 kg,N/A,220X100X0.15 cm,N/A,N/A,N/A,N/A,N/A,Flat Plate,N/A,N/A,N/A,N/A,N/A,N/A,N/A,N/A,N/A,N/A,"total solution for projects, Others",N/A,N/A,N/A,N/A,N/A,FRP,N/A,N/A,N/A,N/A,supermarket,N/A,N/A,N/A,Modern,N/A,N/A,N/A,N/A,N/A,N/A,N/A,N/A,N/A,N/A,N/A,N/A,N/A,N/A,N/A,26% alkali-free glass,N/A,N/A,N/A,N/A,ZN-FRP02,N/A,"Guangdong, China",N/A,N/A,N/A,N/A,70% unsaturated polyester resin,"Buliding,billboard,carriage,etc.",N/A,N/A,N/A
N/A,https://www.alibaba.com/product-detail/Polyurethane-Rock-Wool-Sandwich-Panel-Metal_1601189911493.html,2025-02-11 22:58:12,N/A,N/A,N/A,N/A,N/A,N/A,N/A,N/A,N/A,N/A,N/A,N/A,N/A,N/A,N/A,N/A,N/A,N/A,N/A,N/A,N/A,N/A,N/A,N/A,N/A,N/A,N/A,N/A,N/A,N/A,N/A,N/A,N/A,N/A,N/A,N/A,N/A,N/A,N/A,N/A,N/A,N/A,N/A,N/A,N/A,N/A,N/A,N/A,N/A,N/A,N/A,N/A,N/A,N/A,N/A,N/A,N/A,N/A,N/A,N/A,N/A,N/A,N/A,N/A,N/A,N/A,N/A,N/A,N/A,N/A,N/A,N/A,N/A,N/A,N/A,N/A,N/A,N/A,N/A,N/A,N/A,N/A,N/A,N/A,N/A,N/A,N/A,N/A,N/A,N/A,N/A,N/A,N/A,N/A,N/A,N/A,N/A,N/A,N/A,N/A,N/A,N/A,N/A,N/A,N/A,N/A,N/A,N/A,N/A,N/A,N/A,N/A,N/A,N/A,N/A,N/A,N/A,N/A,N/A,N/A,N/A,N/A,N/A,N/A,N/A,N/A,N/A,N/A,N/A,N/A,N/A,N/A,N/A,N/A,N/A,N/A,N/A,N/A,N/A,N/A,N/A,N/A,N/A,N/A,N/A,N/A,N/A,N/A,N/A,N/A
Fireproof MGO board SIP sanded Magnesium cement board 12mm panels price,https://www.alibaba.com/product-detail/Fireproof-MGO-Board-SIP-Sanded-Magnesium_1600962481568.html?s=p,2025-02-11 22:58:24,N/A,"Slurry surface treatment , normal treatment",N/A,N/A,N/A,Online technical support,N/A,N/A,N/A,N/A,3-40mm,N/A,N/A,N/A,N/A,N/A,"White ,Grey , Light Red",N/A,N/A,N/A,N/A,Hailing/OEM,N/A,N/A,N/A,N/A,N/A,N/A,N/A,N/A,N/A,N/A,N/A,N/A,N/A,N/A,N/A,N/A,N/A,N/A,N/A,N/A,N/A,N/A,N/A,N/A,N/A,N/A,5 years,N/A,N/A,N/A,N/A,N/A,N/A,N/A,N/A,N/A,N/A,N/A,N/A,N/A,N/A,N/A,N/A,N/A,N/A,Single item,N/A,N/A,N/A,N/A,N/A,N/A,N/A,N/A,N/A,N/A,N/A,N/A,N/A,MgO (magnesium oxide board),N/A,37.000 kg,N/A,244X122X1.2 cm,N/A,N/A,N/A,"Sound Insulation , fireproof , waterproof",N/A,N/A,N/A,N/A,N/A,N/A,N/A,N/A,N/A,N/A,N/A,N/A,NONE,N/A,"Square ,tapered",N/A,N/A,N/A,N/A,N/A,N/A,N/A,N/A,Villa,N/A,Grade A1,N/A,Traditional,N/A,N/A,N/A,N/A,N/A,N/A,"950-1200kg/m3 ,can be customized",N/A,N/A,N/A,N/A,N/A,N/A,N/A,N/A,N/A,N/A,N/A,N/A,N/A,HL-MGO 01128,N/A,"Jiangsu, China",N/A,N/A,N/A,"1220*2440mm/1200*2400mm/1200* 3000mm,can be customized",N/A,"Wall Partition , Ceiling , fireproof door core",N/A,N/A,N/A
N/A,https://www.alibaba.com/product-detail/SH-Price-Per-Square-Meter-Aluzinc_1601107009538.html,2025-02-11 22:58:38,N/A,N/A,N/A,N/A,N/A,"Online technical support, Other",N/A,N/A,N/A,N/A,16MM/20MM/25MM,N/A,"graphic design, 3D model design, total solution for projects",N/A,N/A,N/A,"Bright red,vermilion,lime,sky blue,aquamarine,pea green or customized",N/A,Modern,N/A,N/A,SH,metal,N/A,N/A,N/A,N/A,1000 Square Meters,Metal,N/A,N/A,N/A,N/A,N/A,N/A,N/A,N/A,"50mm,75mm,100mm,120mm,150mm,200mm",N/A,N/A,N/A,N/A,N/A,N/A,N/A,N/A,N/A,N/A,5 years,N/A,N/A,N/A,N/A,N/A,N/A,N/A,N/A,N/A,N/A,N/A,N/A,N/A,N/A,N/A,N/A,N/A,N/A,Single item,N/A,N/A,N/A,N/A,N/A,N/A,N/A,N/A,N/A,N/A,N/A,N/A,N/A,PU sandwich panel,N/A,60.000 kg,N/A,600X120X5 cm,N/A,N/A,N/A,N/A,N/A,N/A,N/A,N/A,N/A,N/A,N/A,N/A,N/A,N/A,N/A,N/A,"graphic design, 3D model design, total solution for projects, Cross Categories Consolidation, Others",N/A,N/A,N/A,N/A,N/A,N/A,N/A,N/A,N/A,N/A,Warehouse,N/A,N/A,N/A,Contemporary,N/A,N/A,N/A,N/A,N/A,N/A,N/A,N/A,N/A,Plant Building,N/A,N/A,N/A,N/A,N/A,N/A,N/A,N/A,N/A,N/A,SH 150mm pu,N/A,"Shandong, China",N/A,N/A,N/A,N/A,N/A,Interior Wall Partition,N/A,N/A,N/A
N/A,https://www.alibaba.com/product-detail/High-Gloss-FRP-Sheets-Flat-Gelcoat_1601251768073.html?s=p,2025-02-11 22:58:51,N/A,N/A,N/A,N/A,N/A,"Online technical support, Other",N/A,N/A,N/A,N/A,N/A,N/A,N/A,-40℃-120℃,N/A,N/A,N/A,N/A,N/A,N/A,N/A,shining,Nonmetal,N/A,Flexible Anti Corrosion,N/A,>220℃,N/A,N/A,N/A,N/A,N/A,N/A,N/A,N/A,N/A,N/A,N/A,N/A,N/A,N/A,N/A,N/A,N/A,N/A,N/A,N/A,N/A,2 years,N/A,N/A,N/A,N/A,N/A,N/A,Max 75% (Related to color and thickness),N/A,N/A,N/A,N/A,N/A,N/A,N/A,N/A,N/A,N/A,N/A,Single item,N/A,N/A,N/A,N/A,N/A,N/A,N/A,N/A,N/A,N/A,2000mm,Corrosion resistant gelcoat layer,N/A,N/A,N/A,0.500 kg,N/A,244X122X0.15 cm,N/A,N/A,N/A,"Fire Resistant, water resistant",N/A,Flat Plate,N/A,N/A,N/A,N/A,N/A,N/A,N/A,N/A,N/A,N/A,"total solution for projects, Others",N/A,N/A,N/A,N/A,N/A,FRP,N/A,N/A,N/A,N/A,"supermarket, prefab house, Exterior Wall, Hotel, Villa, Apartment, cold room, Office Building, Hospital, Warehouse, Workshop, Farmhouse, Kitchen, Bathroom, Garage & Shed",N/A,N/A,N/A,Modern,N/A,N/A,Sustainable,N/A,N/A,N/A,N/A,N/A,N/A,N/A,N/A,N/A,N/A,N/A,N/A,26% alkali-free glass,N/A,N/A,N/A,N/A,ZN-FRP02,N/A,"Guangdong, China",N/A,N/A,N/A,N/A,70% unsaturated polyester resin,"Buliding,billboard,carriage,etc.",N/A,N/A,N/A
